Nom d'utilisateur;Prénom et Nom;Fonction;Photo;Informations et Contact;Activités scientifiques;Albert Londres, grand reporter et photographe en Terre d’ébène. Sur le colonialisme, la traite humaine et la construction du chemin de fer Congo-Océan (Le Petit Parisien, 1928);Armand Gatti : Itinéraire d'une écriture transsibérienne au long cours, Armand Gatti: The Journey of a Trans-Siberian Writing, a Long-Term Journey;Articles;Associations, réseaux;Autres activités de recherche;Autres activités scientifiques;Chapitres d'ouvrage;Chapitres d’ouvrage;Communications avec Actes dans un congrès international ou national;Communications et interventions;Communications sans actes dans un congrès international ou national (28);Direction de collections;Direction de dossier;Direction d’ouvrages;Directions de dossiers;Discours universitaires, discours professionnels : croisements et hybridations;Entre déjà-dit et jamais-dit. Cancers rares et quêtes d’autorité numérique;Expertise;Expertises;Expertises et enseignements;Figures de résistance. La constellation Armand Gatti;Généalogie de l’annonce et de la publicité au XIXème siècle;Invitations dans en tant que conférencière plénière dans des universités étrangères;La photographie de presse au ban des dispositifs d’exposition numérique. Paris Match et l’AFP sur Instagram;L’Intelligence Artificielle générative au service de l’identité nationale ou l’essor d’un patriotisme technologique;L’indice et la photographie, un exercice de croyance;Organisation d’événements scientifiques;Ouvrages;Ouvrages individuels de valorisation de la recherche;Ouvrages individuels scientifiques;Passeur de sens. Étude sémiotique sur la représentation du visage criminel dans Détective (1936) et Nouveau Détective (2014);Photographie de presse. Régimes de croyance;Post Update Blues : Pourquoi mon amie est-elle devenue si robotique ?;Projet de recherche;Projets de recherche;Publications;Publications et communications;Quel contrat de communication pour « l’interaction homme-machine » ? Le cas des chatbots médiatiques;Re-générer la musique de propagande identitaire sur les réseaux socionumériques : la rhétorique de la “ remigration ” en chansons;Ressources audio ou vidéo;Thématiques de recherche;Thématiques de recherche, expertises et enseignements;Transmission médiatique et expression visuelle. Enjeux de représentation, (se) documenter, rapporter/informer sur le conflit israélo-palestinien;projets de recherche;“Older and Younger People”: Towards a Cross-Generational Online Peer Support About Cancer
aabiddalençon;Ambre Abid-Dalençon;Chercheuse | Membre associé;ambre_abid_dalencon.webp;"* **Email:** [ambre.abid.dalencon@gmail.com](mailto:ambre.abid.dalencon@gmail.com)
* **Profils:** [LinkedIn](https://www.linkedin.com/in/ambreabiddalencon/?originalSubdomain=fr) | [HAL](https://hal.science/search/index/?q=%2A&rows=30&authFullName_s=Ambre+Abid-Dalen%C3%A7on&sort=publicationDate_tdate+desc)";"Été 2016 - mars 2017 : recherches définitionnelles pour les contenus de l’exposition « Nous et les autres. Des préjugés au racisme » (Musée de l’Homme, du 31 mars au 8 janvier 2018) et pour un livret à destination du centre de ressources du musée.
Décembre 2014 - février 2015 : support et conseil éditorial pour la 7e édition du Communicator, en collaboration avec les éditions Dunod et l’institut d’études Occurrence.
Projet de recherche
De 2016 à 2018 : Membre du projet de recherche GIRANIUM (« Girardin numérisé, ou la naissance des industries culturelles »).
De 2014 à 2018 : Co-animation de l’axe de recherche « Médiations marchandes » du GRIPIC.";;;;;;;;;;"Séminaire GIRANIUM (GRIPIC) : ABID-DALENÇON Ambre, CHARBONNEAUX Juliette, « Mouvements de professionnalisation au sein des industries médiatiques naissantes : journalistes, publicistes, publicitaires et écrivains. Corpus issu du projet GIRANIUM », CELSA, 17 mai 2018.
Séminaire de l’axe « Médiations marchandes » (GRIPIC) : ABID-DALENÇON Ambre, « La revue pro-fessionnelle en communication : un objet passeur ? Troubles et figements représentationnels au sein d’un espace éditorial », CELSA, 9 avril 2016.
Séminaire de lecture du GRIPIC : ABID-DALENÇON Ambre, FANTIN Emmanuelle, « La publicité dans l’œuvre de Jean Baudrillard », séance de lecture du laboratoire, CELSA, 6 avril 2016.";;;;;;;;;;Les recherches d’Ambre Abid-Dalençon s’intéressent aux modes de publicisation des professions de la communication. Sa thèse a notamment questionné la célébration de périodiques professionnels hybrides, dont le format rend compte des enjeux de savoir, de reconnaissance et de pouvoir inhérents aux médiations. Interrogeant les dynamiques d’association et/ou de concurrence professionnelle au sein du vaste domaine de la communication, ses travaux s’inscrivent dans la tradition des recherches portant sur la question des frontières et de leurs (re)définitions symboliques.;;;;;;;;;;;;;;"De 2016 à 2018 : Membre du projet de recherche GIRANIUM (« Girardin numérisé, ou la naissance des industries culturelles »).
De 2014 à 2018 : Co-animation de l’axe de recherche « Médiations marchandes » du GRIPIC.";;;"Communications et interventions
Séminaire GIRANIUM (GRIPIC) : ABID-DALENÇON Ambre, CHARBONNEAUX Juliette, « Mouvements de professionnalisation au sein des industries médiatiques naissantes : journalistes, publicistes, publicitaires et écrivains. Corpus issu du projet GIRANIUM », CELSA, 17 mai 2018.
Séminaire de l’axe « Médiations marchandes » (GRIPIC) : ABID-DALENÇON Ambre, « La revue pro-fessionnelle en communication : un objet passeur ? Troubles et figements représentationnels au sein d’un espace éditorial », CELSA, 9 avril 2016.
Séminaire de lecture du GRIPIC : ABID-DALENÇON Ambre, FANTIN Emmanuelle, « La publicité dans l’œuvre de Jean Baudrillard », séance de lecture du laboratoire, CELSA, 6 avril 2016.";;;;"Savoirs, culture et communication
Transformations des formes culturelles et médiatiques
Professions et professionnisme
Professions publicitaires
Journalisme et communication
Littérature et communication";;;;
oaïm;Olivier Aïm;Maitre de conférences | Membre permanent en enseignement et recherche;olivier_aim.webp;"* **Email:** [olivier.aim@sorbonne-universite.fr](mailto:olivier.aim@sorbonne-universite.fr)
* **Profils:** [LinkedIn](https://www.linkedin.com/in/olivier-a%C3%AFm-7b31041b5/) | [HAL](https://hal.science/search/index/?q=%2A&rows=30&authIdPerson_i=1155633&sort=publicationDate_tdate+desc)";"Depuis Janvier 2025,
directeur adjoint
de l'institut OPUS - Observatoire des Patrimoines de Sorbonne Université.
Depuis septembre 2020, membre du comité de pilotage de l'institut OPUS";;;"« Roland Barthes contre Roland Barthes. La sémiologie au regard de ses démons »,
Recherches Semiotiques Semiotic Inquiry
, 2022.
« Naissance de l'infodémiologie. Le cas de l'OMS : vers une nouvelle organisation mondiale de l'information sanitaire »,
Questions de communication
, 2022.
« Les pratiques culturelles et médiatiques au regard des « revendications » expressives »,
L'Observatoire, la revue des politiques culturelles
, 2020, pp.7-10.
« Des MOOC aux OC : Rhétoriques de l'ouverture »,
Questions de communication
, 2019.
« À propos des vidéos dans les Mooc : le dispositif de magistralité aux prises avec l’industrialisation des formats de la parole didactique »,
Distances et Médiations des Savoirs
, 2017, pp.1-8.";;;;"Aïm Olivier, Lallement Emmanuelle, « Labels du patrimoine : une nouvelle dialectique entre art et économie ?» dans
Les Labels dans le domaine du patrimoine culturel et naturel
, Presses Universitaires de Rennes, pp.107-115, 2020.
Aïm Olivier, « Sur les ateliers d’écriture au Celsa » dans
Les Ateliers d’écriture et l’Oulipo
, Hermann, pp.99-105, 2020, coll. « Cahier textuel »
Aïm Olivier, Depoux Anneliese, « L'écrivain à l'enseigne de la ville : logiques sigillaires et valorisation des territoires » dans
L'écrivain comme marque
, Sorbonne Université Presses, 2020.
Aïm Olivier, « L'optique des fragments. Le texte entre transparence et opacité : à propos de Mallarmé, Benjamin et Barthes » dans
Textes, Fragmentation, Créativité II.
, Peter Lang, pp.221-231, 2018.";;;;;;;;;;;;;;;;;;;;;"Aïm Olivier,
Les Théories de la surveillance Du panoptique aux Surveillance Studies
, Armand Colin, coll. « U », 2020, 256 pages.
Aïm Olivier,
Communication
, 2e édition, Dunod, coll. « Openbook », 2020, 304 p.
Aïm Olivier, Jacqueline Chervin, Perrine Boutin, Gustavo Gomez-Mejia, Jean-François Guennoc,
Persistances benjaminiennes
, Presses Universitaires de la Sorbonne Nouvelle, coll. « Théorème n°21 », 2014, 205 p.";;;;;;;;;"Ouvrages
Aïm Olivier,
Les Théories de la surveillance Du panoptique aux Surveillance Studies
, Armand Colin, coll. « U », 2020, 256 pages.
Aïm Olivier,
Communication
, 2e édition, Dunod, coll. « Openbook », 2020, 304 p.
Aïm Olivier, Jacqueline Chervin, Perrine Boutin, Gustavo Gomez-Mejia, Jean-François Guennoc,
Persistances benjaminiennes
, Presses Universitaires de la Sorbonne Nouvelle, coll. « Théorème n°21 », 2014, 205 p.
Chapitres d'ouvrage
Aïm Olivier, Lallement Emmanuelle, « Labels du patrimoine : une nouvelle dialectique entre art et économie ?» dans
Les Labels dans le domaine du patrimoine culturel et naturel
, Presses Universitaires de Rennes, pp.107-115, 2020.
Aïm Olivier, « Sur les ateliers d’écriture au Celsa » dans
Les Ateliers d’écriture et l’Oulipo
, Hermann, pp.99-105, 2020, coll. « Cahier textuel »
Aïm Olivier, Depoux Anneliese, « L'écrivain à l'enseigne de la ville : logiques sigillaires et valorisation des territoires » dans
L'écrivain comme marque
, Sorbonne Université Presses, 2020.
Aïm Olivier, « L'optique des fragments. Le texte entre transparence et opacité : à propos de Mallarmé, Benjamin et Barthes » dans
Textes, Fragmentation, Créativité II.
, Peter Lang, pp.221-231, 2018.
Articles
« Roland Barthes contre Roland Barthes. La sémiologie au regard de ses démons »,
Recherches Semiotiques Semiotic Inquiry
, 2022.
« Naissance de l'infodémiologie. Le cas de l'OMS : vers une nouvelle organisation mondiale de l'information sanitaire »,
Questions de communication
, 2022.
« Les pratiques culturelles et médiatiques au regard des « revendications » expressives »,
L'Observatoire, la revue des politiques culturelles
, 2020, pp.7-10.
« Des MOOC aux OC : Rhétoriques de l'ouverture »,
Questions de communication
, 2019.
« À propos des vidéos dans les Mooc : le dispositif de magistralité aux prises avec l’industrialisation des formats de la parole didactique »,
Distances et Médiations des Savoirs
, 2017, pp.1-8.";;;;"Surveillance et études surveillancielles
Médias
Culture";;;;
mallein;Marine Allein;Chercheuse | Membre associé;marine_allein.webp;* **Email:** [marine.allein@club-internet.fr](mailto:marine.allein@club-internet.fr);;;;;;;;;;;;;;;;;;;;;;;;;;;;;;;;;;;;;;;;;;;"Discipline
: Sciences de l'information et de la communication
Thématiques de recherche
: Enjeux de communication et relations de travail
Sujet de recherche
: Les enjeux symboliques et organisationnels de la communication portée par les managers : analyse des processus de circulation du discours communicationnel au sein des entreprises
Mots-clés
: Communication des organisations, management, rhétorique, éthique, communication managériale, jeux institutionnels, ...
Directeur de thèse
: Véronique Richard";;;
aampe;Ambre Ampe;Doctorante | Membre permanent en formation doctorale;;;;;;;;;;;;;;;;;;;;;;;;;;;;;;;;;;;;;;;;;;;;;;;;
landolfi;Léa Andolfi;Doctorante-chercheuse | Membre permanent en formation doctorale;lea_andolfi.webp;"* **Email:** [lea.andolfi@sorbonne-universite.fr](mailto:lea.andolfi@sorbonne-universite.fr)
* **Profils:** [LinkedIn](https://www.linkedin.com/in/léa-andolfi/)";;;;;;;;;;;;;;;;;;;;;;;;;;;;;;;;;;;;;;;;;;"Pop culture et industries culturelles
Médias audiovisuels et numériques
Études de genre
Études des fans
Méthodes numériques
Direction de thèse :
Virginie Julliard";;;;
sappiotti;Sébastien Appiotti;Maitre de conférences | Membre permanent en enseignement et recherche;sebastien_appiotti.webp;"* **Email:** [sebastien.appiotti@sorbonne-universite.fr](mailto:sebastien.appiotti@sorbonne-universite.fr)
* **Profils:** [LinkedIn](https://www.linkedin.com/in/sebastienappiotti/) | [HAL](https://hal.science/search/index/?q=%2A&rows=30&authIdPerson_i=743501&sort=publicationDate_tdate+desc) | [Twitter](https://x.com/sappiotti)";"Séminaire de recherche « Penser l’Eurovision », co-organisés par le GRIPIC, le LabSIC et le Centre Norbert Elias. Coordinateur principal avec Lisa Bolz, Johan Boittiaux et Marie-Caroline Neuvillers, 2024-2025.
Journée d’étude « Penser l’Eurovision dans les sciences de la communication », CELSA – Sorbonne Université, GRIPIC, 3 juillet 2024. Organisateur principal avec Lisa Bolz (GRIPIC).
Colloque international « Sémiotiques de terrain», organisé par le CREM, le CEMTI et le GRIPIC, Maison de la Recherche, Université Paris 8 – Vincennes-Saint-Denis, 1er et 2 décembre 2022. Organisateur principal avec Alexandra Saemmer (CEMTI) et Nolwenn Tréhondart (CREM).
Journée d’étude « Influenceurs et marchandisation des contenus sur les réseaux sociaux numériques », organisée par le CARISM, le CEMTI et le GRIPIC, CELSA – Sorbonne Université, 21 octobre 2022. Organisateur principal avec Lucile Coquelin (CEMTI) et Marine Malet (CARISM).
Journée d’étude « Substituts numériques des expositions », organisée par le CNE et le GRIPIC, Maison de la Recherche – Sorbonne Université (4 février 2022) et Université d’Avignon (3 juin 2022). Organisateur principal avec Lise Renaud (CNE).
Colloque international « Prescriptions dans les institutions culturelles : ajustements et directives », organisé par le CARISM, le CEMTI et le LERASS, MSH Paris Nord, 16 et 17 mai 2019. Organisateur principal avec Lucie Alexis (CARISM) et Eva Sandri (LERASS).
Membre du Comité de rédaction de la revue
Culture et M
usées
(
https://journals.openedition.org/culturemusees/
)
Projets de recherche
2024-2025 : Coordinateur du groupe de recherche « Penser l’Eurovision » avec Lisa Bolz (GRIPIC), Sorbonne Université (laboratoires GRIPIC, IReMuS, STIH), Université Sorbonne Paris Nord (laboratoire LabSIC), Université d’Avignon (Centre Norbert Elias), Charles University (Prague), Instytut Kultury Polskej (Université de Varsovie).
2024-2026 : Coordinateur et membre du projet « Homonculus Spectator. Intelligence artificielle, publics et institutions culturelles », Sorbonne Université (GRIPIC), Université Paris 8 Vincennes-Saint-Denis (Cemti), Musée d’Orsay, Cube Garges et Centre des arts d’Enghien-les-Bains.
2021-2023 : Coordinateur et membre du projet « Expositions et visites numériques. Industrialisation de la médiation, pratiques des publics », BnF – Ministère de la Culture, Carism (Université Panthéon-Assas Paris 2), Cemti (Paris 8 Vincennes-Saint-Denis), Elico (Université Lumière Lyon 2), Lerass (Université Paul Valéry - Montpellier 3).
2020-2022 : Membre du projet « Interpréter les images choquantes en temps de crises sanitaires », CREM, Inspé – Université de Lorraine.
2018-2021 : Projet de recherche et création « Nouvelles de la colonie », Cemti, Université Paris 8 Vincennes-Saint-Denis.
2016-2018 : Membre du projet ANR « Plateformes de crowdsourcing et de crowdfunding dans la culture : démocratisation ou renforcement des logiques industrielles et créatives ? – COLLAB », Cemti, Université Paris 8 Vincennes-Saint-Denis, CREM, Université de Lorraine.";;;"Appiotti Sébastien (2023), « Connaître les publics des musées au prisme de leurs pratiques photographiques ? »,
Revue française des sciences de l’information et de la communication
, dossier thématique coordonné par Cristina Badulescu et Jessica de Bideran, n°27, 2023,
http://journals.openedition.org/rfsic/14994
Appiotti Sébastien, Saemmer Alexandra, « Le profil de fiction sur les réseaux sociaux, au fil de nos lectures »,
Les Cahiers du nu
mérique
, dossier thématique coordonné par Leslie Astier, Sylvie Bosser, Valérie Stienon et Bérengère Voisin, « Écrire, lire, diffuser, créer ensemble des espaces littéraires sur des espaces immatériels : interactions et coopérations », n°18, 2023, p.71-96. URL :
https://shs.cairn.info/revue-les-cahiers-du-numerique-2022-1-page-71?lang=fr
Appiotti Sébastien, Saemmer Alexandra  «  Sonder ce qui nous raconte : reconfigurations de la figure de l’auteur à l’ère de la création littéraire sur plateforme»,
MEI
, dossier thématique coordonné par Sylvie Bosser et Nolwenn Tréhondart, « Littérature, numérique et communication », n°52, 2023, p. 141-153.
Appiotti Sébastien, « L’injonction au partage photographique : une forme de participation profitable pour le public ou pour l’institution ?
»,
Hybrid
, dossier thématique coordonné par Marta Severo et Olivier Thuillas, « Participation culturelle et plateformes numériques  », n°8, 2022. URL :
https://doi.org/10.4000/hybrid.1900
Appiotti Sébastien, « Le musée, de la démocratisation culturelle aux droits culturels ».
Nectart
, n°14, 2022, p.55-71. URL :
https://shs.cairn.info/revue-nectart-2022-1-
page-55?lang=fr&ref=doi
Appiotti Sébastien, « Vers une injonction à la participation sur les réseaux sociaux dans l’exposition ? Mutation des écritures scénographiques à la Réunion des musées nationaux – Grand Palais »,
Balisages – Revue de recherche de
l’
Enssib
,
dossier thématique coordonné par Emmanuelle Chevry Pébayle et Hans Dillaerts, « Les institutions culturelles en miroir des réseaux sociaux numérique »,
n°2, 2021. URL :
https://publications-prairial.fr/balisages/index.php?id=423
Appiotti Sébastien, Sandri Eva (2020). « Innovez ! Participez ! Interroger la relation entre musée et numérique au travers des injonctions adressées aux professionnels »,
Culture & Musées
, dossier thématique coordonné par Florence Andreacola
,
« Musées et mondes numériques »
,
n°35, 2020. URL :
https://doi.org/10.4000/culturemusees.4383
Appiotti Sébastien (2019). « Dans l’atelier des publics : vers une double injonction à la créativité et à la participation dans les applications mobiles du Grand Palais »,
Communication.
Dossier thématique coordonné par Yanita Andonova et Anne-France Kogan, « De quoi la créativité est-elle le nom ? », n°36, 2019, URL :
https://doi.org/10.4000/communication.10057";;;;;"Appiotti Sébastien, « Écrire ensemble la mémoire des (dé)confinements ? Retours réflexifs sur un projet pédagogique Avignon Université - Mucem autour de la crise sanitaire ». Journée d’étude
Valorisations et appropriations numériques des patrimoines et des mémoires. Communautés et pratiques d’écriture,
14 avril 2022, dans Sauret Nicolas, Severo Marta (dir.),
Communautés et pratiques d’écritures
des patrimoines et des mémoires
, Nanterre, Presses universitaires de Paris Nanterre, 2024, p. 141-156.
Appiotti Sébastien, « Vers une injonction à la participation ? Étude de cas autour du rôle de la photographie pour la RMN – Grand Palais », Colloque
La
Fabrique de la participation culturelle. Plateformes numériques et enjeux démocratiques
, ANR Collabora, Université Paris Nanterre, 30 novembre-1er décembre 2020. Publication dans les Actes : Severo Marta (dir.),
La Fabrique de la participation culturelle.
Plateformes numériques et enjeux démocratiques
, 2020, Université Paris Nanterre, p.21-28.
Appiotti Sébastien,  « Les usages du crowdfunding en contexte patrimonial (États-Unis / France) », colloque international
Financement participatif : les nouveaux te
rritoires du capitalisme ?
, Université de Lorraine, 24-25 mai 2018, Metz. Publication dans les Actes : Ballarini Loïc, Rouzé Vincent (dir.),
Financement participatif : les nouveaux territoires du capitalisme,
collection Questions de communication, série Actes, 38, Nancy, Presses universitaires de Nancy - Éditions Universitaires de Lorraine, 2019, p.59-80.
Appiotti Sébastien, « Technologies de géolocalisation interne et récolte des données dans les institutions culturelles : ambivalences, hybridités et perspectives ». Colloque
Objets connectés : perspectives pour un développement intelligent
, Chaire Unesco – Unitwin, Université Bordeaux Montaigne, 16-18 mars 2017. Publication dans les Actes : Damome Etienne, Noble Akam, Kyindou Alain (dir.),
Systèmes connecté
s, données et économie numérique dans l’espace francophone
, Paris, L’Harmattan, 2019, p. 129-150.";;"Appiotti Sébastien, Bolz Lisa, Boittiaux Johan, Neuvillers Marie-Caroline. Mutations dans la couverture médiatique du Concours Eurovision de la Chanson en France (presse écrite, radio, télévision - 2000-2024). Séminaire de recherche « Penser l'Eurovision », avril 2025, Paris, Maison de la recherche Lettres Sorbonne Université.
Appiotti Sébastien, « Pratiquer les images en SIC : approches situées, bricolages et terrains »,
Journée d’étude « Les Images dans la recherche en sciences humaines e
t sociales. Pratiques de chercheurs, techniques, méthodologies »
, Université Toulouse Jean Jaurès, 13-14 juin 2024.
Appiotti Sébastien, « La sémio-poïétique sociale : analyse située d’une approche exploratoire à la croisée des SIC et des arts visuels »,
Colloque « De quoi sémio est-il le nom ? L’apport des SIC à la sémiotique
», Université de Liège, 13-15 septembre 2023.
Appiotti Sébastien, « Injonctions à la participation des publics de musée : actualisations d’un questionnement »,
Festival de la muséo
logie
, Université Paris 3 Sorbonne nouvelle, 9 et 10 juin 2023.
Appiotti Sébastien, Saemmer Alexandra, « Écrire des profils de fiction sur les réseaux sociaux numériques »,
Séminaire Faits didactique,
Inspé de Lorraine, 3 mai 2023.
Appiotti Sébastien, « Photographiez, participez ! Pour une approche interdisciplinaire des pratiques photographiques des publics d’institutions culturelles »,
séminaire de l’axe Mondes contemporains (
Mocen
)
, laboratoire LERASS, Université Paul Valéry Montpellier 3, 17 février 2023
Appiotti Sébastien, « Prendre des photos au musée ? »,
séminaire Patrimoines en représentations
, laboratoire CNE, Avignon Université, 10 février 2023
Appiotti Sébastien,  « Prendre des photos au musée ? Pour une sémiotique sociale des images produites par les publics », journée d’étude
#
MuseumChallenge
, Université Grenoble Alpes, 17 novembre 2022.
Appiotti Sébastien,  « La photographie comme fil rouge de la recherche. Étude de cas autour de la Rmn - Grand Palais », journée d’étude Travailler avec les images, Maison de la recherche Sorbonne Université, 9 juin 2022.
Appiotti Sébastien, Saemmer Alexandra, « Le “profil de fiction” sur les réseaux sociaux : virus ou vaccine ? », colloque international
French
conference
, Pittsburgh, Etats-Unis, 24 mars 2022.
Appiotti Sébastien, « Quand les professionnels des visites en ligne s’exposent : discours d’escorte et représentations ».
Rencontre « Pratiques professionnelles et de coopération autour des expositions en ligne »
, Mêtis, Labex ICCA, Université Paris 3 Sorbonne Nouvelle, 22 février 2022.";;;;;"Appiotti Sébastien et Renaud Lise, Dossier « Les substituts numériques : questionner la médiatisation des expositions de musée à l’écran »,
Les Enjeux de l’information et de la communication
, Supplément 2024A. URL :
https://lesenjeux.univ-grenoble-alpes.fr/2024/supplement-a/le
s-substituts-numeriques-questionner-la-mediatisation-des-expositions-de-musee-a-l-ecran/
Alexis Lucie, Appiotti Sébastien, Sandri Eva (2019). Dossier « Les injonctions dans les institutions culturelles : ajustements et prescriptions »,
Les Enjeux de l’In
formation et de la Communication
, Supplément 2019 A. URL :
https://lesenjeux.u
niv-grenoble-alpes.fr/2019/articles-revue/supplement-2019-a-les-injonctions-dans-les-institutions-culturelles-ajustements-et-prescriptions/";;;;Les recherches de Sébastien Appiotti sont à la croisée de l’anthropologie de la communication, de la muséologie et de la sémiotique sociale, et portent notamment sur les pratiques photographiques amateurs en contexte culturel (musées, concerts, tourisme), les transformations des institutions culturelles et de leurs dispositifs de médiation culturelle numérique, et sur l’Eurovision.;;;;;;;;;"Appiotti Sébastien, Tréhondart Nolwenn et Saemmer Alexandra (dir.),
Sémiotiques de terrain
, Liège (Belgique), éditions Academia, collection « Extensions sémiotiques », 2025 (à paraître)
Appiotti Sébastien, Brunel Adrien, Cahen Françoise, Quaranta Brice, Saemmer Alexandra,
Logbook
de la Colonie
, roman théorique, Toulouse, éditions publie.net
Appiotti, Sébastien,
Prendre des photos au musée ? Quand les visiteurs gardent l’
oeil
sur l’objectif,
Paris, MkF éditions, 2022";;;;;;;"2024-2025 : Coordinateur du groupe de recherche « Penser l’Eurovision » avec Lisa Bolz (GRIPIC), Sorbonne Université (laboratoires GRIPIC, IReMuS, STIH), Université Sorbonne Paris Nord (laboratoire LabSIC), Université d’Avignon (Centre Norbert Elias), Charles University (Prague), Instytut Kultury Polskej (Université de Varsovie).
2024-2026 : Coordinateur et membre du projet « Homonculus Spectator. Intelligence artificielle, publics et institutions culturelles », Sorbonne Université (GRIPIC), Université Paris 8 Vincennes-Saint-Denis (Cemti), Musée d’Orsay, Cube Garges et Centre des arts d’Enghien-les-Bains.
2021-2023 : Coordinateur et membre du projet « Expositions et visites numériques. Industrialisation de la médiation, pratiques des publics », BnF – Ministère de la Culture, Carism (Université Panthéon-Assas Paris 2), Cemti (Paris 8 Vincennes-Saint-Denis), Elico (Université Lumière Lyon 2), Lerass (Université Paul Valéry - Montpellier 3).
2020-2022 : Membre du projet « Interpréter les images choquantes en temps de crises sanitaires », CREM, Inspé – Université de Lorraine.
2018-2021 : Projet de recherche et création « Nouvelles de la colonie », Cemti, Université Paris 8 Vincennes-Saint-Denis.
2016-2018 : Membre du projet ANR « Plateformes de crowdsourcing et de crowdfunding dans la culture : démocratisation ou renforcement des logiques industrielles et créatives ? – COLLAB », Cemti, Université Paris 8 Vincennes-Saint-Denis, CREM, Université de Lorraine.";;"Ouvrages
Appiotti Sébastien, Tréhondart Nolwenn et Saemmer Alexandra (dir.),
Sémiotiques de terrain
, Liège (Belgique), éditions Academia, collection « Extensions sémiotiques », 2025 (à paraître)
Appiotti Sébastien, Brunel Adrien, Cahen Françoise, Quaranta Brice, Saemmer Alexandra,
Logbook
de la Colonie
, roman théorique, Toulouse, éditions publie.net
Appiotti, Sébastien,
Prendre des photos au musée ? Quand les visiteurs gardent l’
oeil
sur l’objectif,
Paris, MkF éditions, 2022
Directions de dossiers
Appiotti Sébastien et Renaud Lise, Dossier « Les substituts numériques : questionner la médiatisation des expositions de musée à l’écran »,
Les Enjeux de l’information et de la communication
, Supplément 2024A. URL :
https://lesenjeux.univ-grenoble-alpes.fr/2024/supplement-a/le
s-substituts-numeriques-questionner-la-mediatisation-des-expositions-de-musee-a-l-ecran/
Alexis Lucie, Appiotti Sébastien, Sandri Eva (2019). Dossier « Les injonctions dans les institutions culturelles : ajustements et prescriptions »,
Les Enjeux de l’In
formation et de la Communication
, Supplément 2019 A. URL :
https://lesenjeux.u
niv-grenoble-alpes.fr/2019/articles-revue/supplement-2019-a-les-injonctions-dans-les-institutions-culturelles-ajustements-et-prescriptions/
Chapitres d’ouvrage
Appiotti Sébastien, « Écrire ensemble la mémoire des (dé)confinements ? Retours réflexifs sur un projet pédagogique Avignon Université - Mucem autour de la crise sanitaire ». Journée d’étude
Valorisations et appropriations numériques des patrimoines et des mémoires. Communautés et pratiques d’écriture,
14 avril 2022, dans Sauret Nicolas, Severo Marta (dir.),
Communautés et pratiques d’écritures
des patrimoines et des mémoires
, Nanterre, Presses universitaires de Paris Nanterre, 2024, p. 141-156.
Appiotti Sébastien, « Vers une injonction à la participation ? Étude de cas autour du rôle de la photographie pour la RMN – Grand Palais », Colloque
La
Fabrique de la participation culturelle. Plateformes numériques et enjeux démocratiques
, ANR Collabora, Université Paris Nanterre, 30 novembre-1er décembre 2020. Publication dans les Actes : Severo Marta (dir.),
La Fabrique de la participation culturelle.
Plateformes numériques et enjeux démocratiques
, 2020, Université Paris Nanterre, p.21-28.
Appiotti Sébastien,  « Les usages du crowdfunding en contexte patrimonial (États-Unis / France) », colloque international
Financement participatif : les nouveaux te
rritoires du capitalisme ?
, Université de Lorraine, 24-25 mai 2018, Metz. Publication dans les Actes : Ballarini Loïc, Rouzé Vincent (dir.),
Financement participatif : les nouveaux territoires du capitalisme,
collection Questions de communication, série Actes, 38, Nancy, Presses universitaires de Nancy - Éditions Universitaires de Lorraine, 2019, p.59-80.
Appiotti Sébastien, « Technologies de géolocalisation interne et récolte des données dans les institutions culturelles : ambivalences, hybridités et perspectives ». Colloque
Objets connectés : perspectives pour un développement intelligent
, Chaire Unesco – Unitwin, Université Bordeaux Montaigne, 16-18 mars 2017. Publication dans les Actes : Damome Etienne, Noble Akam, Kyindou Alain (dir.),
Systèmes connecté
s, données et économie numérique dans l’espace francophone
, Paris, L’Harmattan, 2019, p. 129-150.
Articles
Appiotti Sébastien (2023), « Connaître les publics des musées au prisme de leurs pratiques photographiques ? »,
Revue française des sciences de l’information et de la communication
, dossier thématique coordonné par Cristina Badulescu et Jessica de Bideran, n°27, 2023,
http://journals.openedition.org/rfsic/14994
Appiotti Sébastien, Saemmer Alexandra, « Le profil de fiction sur les réseaux sociaux, au fil de nos lectures »,
Les Cahiers du nu
mérique
, dossier thématique coordonné par Leslie Astier, Sylvie Bosser, Valérie Stienon et Bérengère Voisin, « Écrire, lire, diffuser, créer ensemble des espaces littéraires sur des espaces immatériels : interactions et coopérations », n°18, 2023, p.71-96. URL :
https://shs.cairn.info/revue-les-cahiers-du-numerique-2022-1-page-71?lang=fr
Appiotti Sébastien, Saemmer Alexandra  «  Sonder ce qui nous raconte : reconfigurations de la figure de l’auteur à l’ère de la création littéraire sur plateforme»,
MEI
, dossier thématique coordonné par Sylvie Bosser et Nolwenn Tréhondart, « Littérature, numérique et communication », n°52, 2023, p. 141-153.
Appiotti Sébastien, « L’injonction au partage photographique : une forme de participation profitable pour le public ou pour l’institution ?
»,
Hybrid
, dossier thématique coordonné par Marta Severo et Olivier Thuillas, « Participation culturelle et plateformes numériques  », n°8, 2022. URL :
https://doi.org/10.4000/hybrid.1900
Appiotti Sébastien, « Le musée, de la démocratisation culturelle aux droits culturels ».
Nectart
, n°14, 2022, p.55-71. URL :
https://shs.cairn.info/revue-nectart-2022-1-
page-55?lang=fr&ref=doi
Appiotti Sébastien, « Vers une injonction à la participation sur les réseaux sociaux dans l’exposition ? Mutation des écritures scénographiques à la Réunion des musées nationaux – Grand Palais »,
Balisages – Revue de recherche de
l’
Enssib
,
dossier thématique coordonné par Emmanuelle Chevry Pébayle et Hans Dillaerts, « Les institutions culturelles en miroir des réseaux sociaux numérique »,
n°2, 2021. URL :
https://publications-prairial.fr/balisages/index.php?id=423
Appiotti Sébastien, Sandri Eva (2020). « Innovez ! Participez ! Interroger la relation entre musée et numérique au travers des injonctions adressées aux professionnels »,
Culture & Musées
, dossier thématique coordonné par Florence Andreacola
,
« Musées et mondes numériques »
,
n°35, 2020. URL :
https://doi.org/10.4000/culturemusees.4383
Appiotti Sébastien (2019). « Dans l’atelier des publics : vers une double injonction à la créativité et à la participation dans les applications mobiles du Grand Palais »,
Communication.
Dossier thématique coordonné par Yanita Andonova et Anne-France Kogan, « De quoi la créativité est-elle le nom ? », n°36, 2019, URL :
https://doi.org/10.4000/communication.10057
Communications et interventions
Appiotti Sébastien, Bolz Lisa, Boittiaux Johan, Neuvillers Marie-Caroline. Mutations dans la couverture médiatique du Concours Eurovision de la Chanson en France (presse écrite, radio, télévision - 2000-2024). Séminaire de recherche « Penser l'Eurovision », avril 2025, Paris, Maison de la recherche Lettres Sorbonne Université.
Appiotti Sébastien, « Pratiquer les images en SIC : approches situées, bricolages et terrains »,
Journée d’étude « Les Images dans la recherche en sciences humaines e
t sociales. Pratiques de chercheurs, techniques, méthodologies »
, Université Toulouse Jean Jaurès, 13-14 juin 2024.
Appiotti Sébastien, « La sémio-poïétique sociale : analyse située d’une approche exploratoire à la croisée des SIC et des arts visuels »,
Colloque « De quoi sémio est-il le nom ? L’apport des SIC à la sémiotique
», Université de Liège, 13-15 septembre 2023.
Appiotti Sébastien, « Injonctions à la participation des publics de musée : actualisations d’un questionnement »,
Festival de la muséo
logie
, Université Paris 3 Sorbonne nouvelle, 9 et 10 juin 2023.
Appiotti Sébastien, Saemmer Alexandra, « Écrire des profils de fiction sur les réseaux sociaux numériques »,
Séminaire Faits didactique,
Inspé de Lorraine, 3 mai 2023.
Appiotti Sébastien, « Photographiez, participez ! Pour une approche interdisciplinaire des pratiques photographiques des publics d’institutions culturelles »,
séminaire de l’axe Mondes contemporains (
Mocen
)
, laboratoire LERASS, Université Paul Valéry Montpellier 3, 17 février 2023
Appiotti Sébastien, « Prendre des photos au musée ? »,
séminaire Patrimoines en représentations
, laboratoire CNE, Avignon Université, 10 février 2023
Appiotti Sébastien,  « Prendre des photos au musée ? Pour une sémiotique sociale des images produites par les publics », journée d’étude
#
MuseumChallenge
, Université Grenoble Alpes, 17 novembre 2022.
Appiotti Sébastien,  « La photographie comme fil rouge de la recherche. Étude de cas autour de la Rmn - Grand Palais », journée d’étude Travailler avec les images, Maison de la recherche Sorbonne Université, 9 juin 2022.
Appiotti Sébastien, Saemmer Alexandra, « Le “profil de fiction” sur les réseaux sociaux : virus ou vaccine ? », colloque international
French
conference
, Pittsburgh, Etats-Unis, 24 mars 2022.
Appiotti Sébastien, « Quand les professionnels des visites en ligne s’exposent : discours d’escorte et représentations ».
Rencontre « Pratiques professionnelles et de coopération autour des expositions en ligne »
, Mêtis, Labex ICCA, Université Paris 3 Sorbonne Nouvelle, 22 février 2022.";;;"Radio Campus Paris,
émission « En pleines formes », thématique « Culture à distance et fermeture des institutions culturelles », 14 février 2021.
https://www.radiocampusparis.org/epf-14-2021-la-photographie-dexposition-en-temps-de-fermeture-des-musees/
Stylist magazine
, article « Non mais t’as vu l’oeuvre ? », n°283, 12 mars 2020. [En ligne]. URL :
https://mozzoviewer.publishingcenter.net/dist/3c105d93b37ac925293b736f4880cecb/102475.web/?appId=com.forecomm.stylist&contentId=102475&timestamp=1605454532&token=69a4985247b4bbe5b25a4c284ec3d4be0e22f357&sign=f7470235136784b7bcf35b593745787d4c4dd2efa7a18905eadc8db40b42bcb6#page/1
Appiotti Sébastien, « Voyage au centre de la thèse, n°2 : Sébastien Appiotti ». Communication enregistrée pour un cycle de vidéos YouTube réalisées par l’université Paris 3 – Sorbonne Nouvelle, 15 décembre 2018. [En ligne]. URL :
https://www.youtube.com/watch?v=1u509Bi2NVY
M6,
reportage « Le selfie, un sujet de recherche ? ». Journal télévisé 19:45, 26 avril 2017
Huffington Post France
, article « Ces 25 autoportraits pris avec des portables vont changer votre vision du selfie »., 3 juin 2015. [En ligne]. URL :
https://www.huffingtonpost.fr/2015/06/03/autoportrait-telephone-portable-smartphone-sefie-art-expo-avatar-paris_n_7469494.html";"Pratiques et circulations de l’image photographique
Conception et réception de dispositifs de médiation culturelle numérique
Recherche-création appliquée au secteur culturel et patrimonial
Approches médiatiques et communicationnelles de l’Eurovision";;;;
patteleyn;Priscille Atteleyn;Doctorante-chercheuse | Membre permanent en formation doctorale;priscille_atteleyn.webp;"* **Email:** [Priscille.atteleyn@gmail.com](mailto:Priscille.atteleyn@gmail.com)
* **Profils:** [LinkedIn](https://www.linkedin.com/in/priscille-atteleyn/)";;;;;;;;;;;;;;;;;;;;;;;;;;;;;;;;;;;;;;;;;;"Production des discours marchands sur la mode responsable
Sémio-éthnographie de la circulation du vêtement de seconde main
Approche critique de la consommation en milieu anthropocène
Direction de thèse
: Caroline Marti";;;;
jaugeri;John Augeri;Chercheur | Membre associé;john_augeri.webp;"* **Email:** [john.augeri@gmail.com](mailto:john.augeri@gmail.com)
* **Profils:** [LinkedIn](https://www.linkedin.com/in/john-augeri/) | [HAL](https://hal.science/search/index/?q=%2A&rows=30&authIdPerson_i=1377669&sort=publicationDate_tdate+desc) | [Twitter](https://x.com/johnaugeri)";;;;;;;;;;;;;;;;;;;;;Les recherches de John Augeri se focalisent sur les dynamiques des systèmes d’Enseignement Supérieur liées à l’évolution des environnements d’apprentissage physiques et numériques, dans une approche comparative internationale multi-dimensionnelle (intégrant notamment les composantes politiques, historiques, culturelles, structurelles, économiques, sociétales et technologiques).;;;;;;;;;;;;;;;;;;;;;"Environnements d’apprentissage / Learning Spaces
Japon
Approche interculturelle
Économie politique de la communication
Systèmes d’Enseignement Supérieur";;;;
lavadar;Laura Avadar;Chercheuse | Membre associé;;"* **Email:** [lauraavadar@gmail.com](mailto:lauraavadar@gmail.com)
* **Profils:** [LinkedIn](https://www.linkedin.com/in/laura-avadar-91344741/) | [HAL](https://hal.science/search/index/?q=%2A&rows=30&authIdPerson_i=1150046&sort=publicationDate_tdate+desc)";;;;;;;;;;;;;;;;;;;;;;;;;;;;;;;;;;;;;;;;;;"Discipline
: Sciences de l'information et de la communication
Thématiques de recherche
: Formes et écritures médiatiques
Titre de thèse
: Le journalisme au croisement de l’ère du Web 2.0, du travail numérique et des modelés d’affaires : sites d’information créés par des journalistes professionnels en Turquie depuis 2000
Directeur de thèse
: Valérie Jeanne-Perrier";;;;
mtavares;Mariana Ayres Tavares;Chercheuse | Membre associé;;"* **Email:** [ayres.mari@gmail.com](mailto:ayres.mari@gmail.com)
* **Profils:** [LinkedIn](https://www.linkedin.com/in/mariayres/) | [HAL](https://hal.science/search/index/?q=%2A&rows=30&authIdPerson_i=1403155&sort=publicationDate_tdate+desc)";;;;;;;;;;;;;;;;;;;;;;;;;;;;;;;;;;;;;;;;;;;"Discipline
: Sciences de l'information et de la communication
Thématiques de recherche
: Médiations marchandes
Titre de thèse
: Appropriation du discours de résistance par les campagnes publicitaires : recherche sur la publicité contemporaine et les stratégies d'appropriation du discours des mouvements sociaux des minorités
Directeur de thèse
: Karine Berthelot-Guiet";;;
abalouzat;Alena Balouzat;Doctorante-chercheuse | Membre permanent en formation doctorale;;* **Profils:** [LinkedIn](https://www.linkedin.com/in/alena-balouzat-13b786bb/);;;;;;;;;;;;;;;;;;;;;;;;;;;;;;;;;;;;;;;;;;"Communication organisationnelle
Communication interne et externe
Communication de crise et organisation
Conflit, négociation et organisation
Culture organisationnelle et communication
Discours et pratiques discursives dans les organisations
Nouvelles formes d'organisation
Gestion du changement organisationnel
Direction de thèse :
Sophie Corbillé et Julien Tassel";;;;
cbanos;Célia Banos;Doctorante-chercheuse | Membre permanent en formation doctorale;;* **Profils:** [LinkedIn](https://www.linkedin.com/in/celia-banos-1a1b3b292/);;;;;;;;;;;;;;;;;;;;;;;;;;;;;;;;;;;;;;;;;;"Marketing et genre,
Professions et secteur vinicole,
Médiatisations et médiations du secteur alcoolier
Direction de thèse :
Caroline Marti";;;;
talmeida;Thaïs Barbosa de Almeida;Chercheuse | Membre associé;;* **Profils:** [LinkedIn](https://www.linkedin.com/in/thais-barbosa-almeida/) | [HAL](https://hal.science/search/index/?q=%2A&rows=30&authIdPerson_i=1213421&sort=publicationDate_tdate+desc);;;;;;;;;;;;;;;;;;;;"Docteure en Sciences de l'information et de la Communication et en Sciences Politiques de l'Université de Limoges (France) et de l'Université Fédérale du Paraná (Brésil), je suis actuellement ingénieure de recherche dans le projet MatrioscIA (Université Bordeaux Montaigne). Ce projet vise à étudier les évolutions du journalisme d'investigation sous l'impulsion des techniques OSINT et, plus spécifiquement, l'arrivée de l'IA dans le secteur.
J'ai de l'expérience dans l'enseignement universitaire dans les domaines du journalisme, de l'étude de l'image et de la sémiologie, de la gestion des projets, de la stratégie de communication numérique, des techniques d'écriture professionnelle, de la théorie des Sciences de l'Information et de la Communication et de la méthodologie de la recherche.
Anciennement journaliste au Brésil, j'ai également participé à la couverture de l'actualité (rédaction d'articles, interviews, tournage, montage) et à des missions de communication numérique.";;;;;;;;;;;;;;;;;;;;;;;;;;
ibasural;Idil Basural;Doctorante-chercheuse | Membre permanent en formation doctorale;;* **Email:** [idilbsrl@hotmail.com](mailto:idilbsrl@hotmail.com);;;;;;;;;;;;;;;;;;;;;;;;;;;;;;;;;;;;;;;;;;"Cultures, savoirs et communication
Formes et écritures médiatiques
Dynamiques de communication dans l'espace public
Sujet de recherche
: Médiation ""carnavalesque"" : la circulation de l’énonciation collective lors des évènements d'#Occupy
Directeur de thèse
: Emmanuël Souchier";"Discipline
: Sciences de l'information et de la communication
Thématiques de recherche
:";;;
kbenabdelouhab;Kenza Benabdelouhab;Doctorante-chercheuse | Membre permanent en formation doctorale;;* **Profils:** [LinkedIn](https://www.linkedin.com/in/kenza-benabdelouhab-a25bb21a1/);;;;;;;;;;;;;;;;;;;;;;;;;;;;;;;;;;;;;;;;;;"Direction de thèse :
Virginie Julliard";;;;
kberthelotguiet;Karine Berthelot-Guiet;Professeure des universités | Membre permanent en enseignement et recherche;karine_berthelot_guiet.webp;;;;;;;"Brevet ""Procédé et dispositif pour thématiser un itinéraire parcouru par un véhicule""
Interactions avec l'environnement social, économique et culturel (Notamment contrats de recherche, rencontre, journée d'études…) (Activité de recherche)
Karine Berthelot-Guiet, 2015";;;;;;;;;;;"Karine Berthelot-Guiet
Cette présentation explore les discours tenus dans des lieux de formation universitaires destinés à former des professionnels de haut niveau et déléguant, de ce fait, une partie de l’enseignement à des professionnels des secteurs concernés. L’exemple pris concerne la formation aux métiers du…
Les discours universitaires : formes, discours, mutations, 2008, Bruxelles, Belgique. ⟨hal-03749793⟩";"Juliette Charbonneaux, Karine Berthelot-Guiet
Argumentation et Analyse du Discours, 2021. ⟨hal-03799825⟩";;;;;"Emmanuelle Fantin, Karine Berthelot-Guiet
Séminaire GIRANIUM : « Girardin numérisé, ou la naissance des industries culturelles », GRIPIC, 2017, Neuilly sur Seine, France. ⟨hal-03964103⟩";;;;;;;;;;;;;;Toutes les publications sur HAL;;;;;Médiations marchandes;;;;"Juliette Charbonneaux, Karine Berthelot-Guiet
Human Aspects of IT for the Aged Population. Healthy and Active Aging., 2020. ⟨hal-03799779⟩"
mbesnier;Margot Besnier;Chercheuse | Membre associé;;"* **Email:** [margot.besnier@yahoo.fr](mailto:margot.besnier@yahoo.fr)
* **Profils:** [LinkedIn](https://www.linkedin.com/in/margot-besnier-03559652/)";;;;;;;;;;;;;;;;;;;;;;;;;;;;;;;;;;;;;;;;;;Espace-temps de la Parisienne : Circulation, dissémination et patrimonialisation d'une forme de vie;"Discipline
: Sciences de l'information et de la communication
Thématiques de recherche
: Médiations marchandes
Sujet de recherche
: Circulations et intermédiations du stéréotype : Vers une ""mise en marque"" de la Parisienne
Directeur de thèse
: Karine Berthelot-Guiet";;;
jboittiaux;Johan Boittiaux;Chercheur | Membre associé;johan_boittiaux.webp;"* **Email:** [Johan.boittiaux@gmail.com](mailto:Johan.boittiaux@gmail.com)
* **Profils:** [LinkedIn](https://www.linkedin.com/in/johan-boittiaux-53ab3912/) | [HAL](https://hal.science/search/index/?q=%2A&rows=30&authIdPerson_i=753456&sort=publicationDate_tdate+desc)";"Médias, France Culture,
Série « Tourismes : l’heure de la démesure  »
Épisode 4/4 : Disneyland : au pays de l’émoi, Jeudi 27 juin 2019,
https://www.radiofrance.fr/franceculture/podcasts/cultures-monde/disneyland-au-pays-de-l-emoi-8498205";;;;;;;;;;;;;;;;;;;;Les travaux de Johan Boittiaux se concentrent sur les modes de connexion, déconnexion et reconnexion au quotidien dans les espaces touristiques et de loisirs clos. Il cherche à définir les contours communicationnels de ces espaces en confrontant les interactions entre représentations, comportements et retranscriptions dans la co-construction des réponses à la quête d’enchantement.;;;;;;;;;;;;;;;;;;;;;"Enchantement et quotidien
Espaces thématisés, processus de thématisation
Expérience touristique
Plaisir, loisirs, médiations marchandes
Pratiques culturelles et savoirs
Sémio-pragmatique";;;;
lbolz;Lisa Bolz;Maitresse de conférences | Membre permanent en enseignement et recherche;lisa_bolz.webp;* **Email:** [lisa.bolz@sorbonne-universite.fr](mailto:lisa.bolz@sorbonne-universite.fr);;;;;;"Die telegraphische Agenturdepesche in der deutschen und französischen Presse des 19. Jahrhunderts, 1849-1870.
Interactions avec l'environnement social, économique et culturel (Notamment contrats de recherche, rencontre, journée d'études…) (Activité de recherche)
Standardisierung und Normalisierung eines journalistischen Formats in der Auslandsberichterstattung.
Lisa Bolz, 2016
Comment penser l’actualité ?
Rayonnement et attractivité académique (Organisation de colloques…) (Activité de recherche)
Lisa Bolz, 2016
Digital Humanities Experiments #dhiha6
Rayonnement et attractivité académique (Organisation de colloques…) (Activité de recherche)
Lisa Bolz, 2015";;;;;;;;;;;;;;;;;;;;;;;;;;;;;;;;;;;;Formes et écritures médiatiques;;;;
abonino;Antoine Bonino;Doctorant-chercheur | Membre permanent en formation doctorale;;"* **Email:** [bonino.antoine@live.fr](mailto:bonino.antoine@live.fr)
* **Profils:** [LinkedIn](https://www.linkedin.com/in/antoine-bonino-807ab899/)";;;;;;;;;;;;;;;;;;;;;;;;;;;;;;;;;;;;;;;;;;"Cultures, savoirs et communication
Formes et écritures médiatiques
Sujet de recherche
: Les moteurs de recherche : pour une économie du texte de réseau
Directeur de thèse
: Emmanuël Souchier";;;;
sroux;Sophie Bonnaud-Le Roux;Docteure | Membre associé;;"* **Email:** [bonnaudleroux.sophie@gmail.com](mailto:bonnaudleroux.sophie@gmail.com)
* **Profils:** [LinkedIn](https://www.linkedin.com/in/sophiebonnaudleroux)";"Membre du Comité scientifique de l'exposition ""Nous et les autres"" (Musée de l'Homme, 2017)
: rédaction de contenus vulgarisés sur les notions de stéréotype et de préjugé.";;;;;;;;;;"“Le “marketing de la confiance” : une éthique conjoncturelle”, colloque RESIPROC sur “Les questions d’éthique et déontologiques dans la professionnalisation des communicants”, Agadir, 20 mai 2016.
“Questionnements méthodologiques et épistémologiques à l’œuvre dans l’élaboration d’un corpus SIC en thèse CIFRE”, journée co-organisée par les laboratoires GRIPIC, CARISM, COSTECH (“Les données de la recherche en sciences de l’information et de la communication”), CELSA, 15 janvier 2016.
“La notion de confiance dans les discours de marque de grandes entreprises de service : une approche communicationnelle”, journée co-organisée par le GRIPIC et la Chaire “Marques et valeurs” de l’IAE de Paris (“La marque : entre communication et marketing”), IAE Paris, 22 juin 2015.";;;;;;;;;J’interroge la façon dont l’engouement pour la notion de confiance dans la sphère professionnelle marketing intervient au sein d’une mouvance dont les catégories réflexives se sont déplacées d’un marketing transactionnel à un marketing dit “relationnel”, où la confiance est pensée comme la résultante d’un savoir-être relationnel détenu par l’entreprise ou la marque et qui se coache, se construit suivant un système de codes supposément empruntés à la sphère interpersonnelle. La focalisation de cette thèse CIFRE sur la confiance a pris sens dans un contexte économique et sociétal supposément affligé d’une dégradation des liens sociaux, particulièrement entre les institutions et les individus, incitant d’autant plus les entreprises et les marques à mobiliser l’argument de la confiance et à développer des moyens détournés pour recréer du lien avec les consommateurs. Aussi l’idée prééminente de ma réflexion est que la thématique de la confiance relève du politique, au sens étymologique du terme : la thématique de la confiance représenterait pour les marques une opportunité d’humaniser le discours marchand et de le “dépublicitariser” en atténuant l’ambition économique pour l’orienter dans le sens de l’engagement humaniste. Le caractère appliqué de ma recherche est en outre une invitation à interroger les imaginaires soulevés par la “relation” à cette entreprise particulière qu’est EDF qui, du fait d’une sortie de monopole tardive sur le marché français de l’énergie, a dû s’efforcer de façon relativement récente à courtiser et séduire celui qui de simple “usager” est devenu “client”.;;;;;;;;;;;;;;;;;;"Communications et interventions
“Le “marketing de la confiance” : une éthique conjoncturelle”, colloque RESIPROC sur “Les questions d’éthique et déontologiques dans la professionnalisation des communicants”, Agadir, 20 mai 2016.
“Questionnements méthodologiques et épistémologiques à l’œuvre dans l’élaboration d’un corpus SIC en thèse CIFRE”, journée co-organisée par les laboratoires GRIPIC, CARISM, COSTECH (“Les données de la recherche en sciences de l’information et de la communication”), CELSA, 15 janvier 2016.
“La notion de confiance dans les discours de marque de grandes entreprises de service : une approche communicationnelle”, journée co-organisée par le GRIPIC et la Chaire “Marques et valeurs” de l’IAE de Paris (“La marque : entre communication et marketing”), IAE Paris, 22 juin 2015.";;;;La confiance dans la relation client;;;;
cbordier;Clara Bordier;Doctorante-chercheuse | Membre permanent en formation doctorale;;* **Profils:** [LinkedIn](https://www.linkedin.com/in/clara-bordier-3b530b11b/) | [HAL](https://hal.science/search/index/?q=%2A&rows=30&authIdPerson_i=1212647&sort=publicationDate_tdate+desc);;;;;;;;;;;;;;;;;;;;;;;;;;;;;;;;;;;;;;;;;;"Fact checking
Direction de thèse :
Pascal Froissart";;;;
cbrachet;Camille Brachet;Chercheuse | Membre associé;camille_brachet.webp;* **Profils:** [LinkedIn](https://www.linkedin.com/in/camille-brachet-99557a50/) | [HAL](https://hal.science/search/index/?q=%2A&rows=30&authIdPerson_i=1359597&sort=publicationDate_tdate+desc);;;;;;;;;;;;;;;;;;;;"Enseignante-chercheuse en Sciences de l'Information et de la communication, je travaille depuis des années sur la médiatisation de la culture et de la gastronomie dans le cadre de mes activités de recherche. J'ai par ailleurs toujours souhaité porter ces réflexions dans les médias et sur la base de mes quelques expériences radiophoniques, je produis un podcast,
CEUX QUI NOUS LIENT
, afin de donner la parole à des personnalités très différentes sur un sujet aussi transversal que la gastronomie envisagée comme une production culturelle.";;;;;;;;;;;;;;;;;;;;;;;;;;
pbrouard;Pauline Brouard;Doctorante-chercheuse | Membre permanent en formation doctorale;;"* **Email:** [paulinabrouard@gmail.com](mailto:paulinabrouard@gmail.com)
* **Profils:** [LinkedIn](https://www.linkedin.com/in/pauline-brouard-839b0aa4/) | [HAL](https://hal.science/search/index/?q=%2A&rows=30&authIdPerson_i=1149662&sort=publicationDate_tdate+desc)";;;;;;;;;;;;;;;;;;;;"I am a PhD candidate in Communication studies at Sorbonne University, working as a Lecturer and a Consultant. Specialist of cultural and creative industries as well as digital cultures.
My doctoral research focuses on digital culture and virtual reality (XR/VR) both in France and South Korea, through an ethnographic fieldwork about VR uses in arcade rooms, festivals and museums. My other research interests deal with online communities, live-streaming practices, digital arts and webtoon.
My lectures at Sorbonne University are about digital anthropology, cross-cultural communication, cultural industries, digital ecology, semiotics, qualitative and fieldwork methodologies in social sciences...";;;;;;;;;;;;;;;;;;;;;;"Cultures, savoirs et communication
Formes et écritures médiatiques
Titre de thèse
: Appropriations et usages des médias informatisés en France et en Corée du sud
Directeur de thèse
: Joëlle Le Marec et Laurent Petit";;;;
ebruneel;Emmanuelle Bruneel;Doctorante-chercheuse | Membre permanent en formation doctorale;;"* **Email:** [bruneele@hotmail.fr](mailto:bruneele@hotmail.fr)
* **Profils:** [LinkedIn](https://www.linkedin.com/in/emmanuelle-bruneel-62249b44) | [HAL](https://hal.science/search/index/?q=%2A&rows=30&authIdPerson_i=1146191&sort=publicationDate_tdate+desc)
* **CV:** [Télécharger le CV](https://kit-117.sorbonne-universite.fr/sites/default/files/media/2022-09/CV_BRUNEEL_Emmanuelle_acad%C3%A9mique%202022.docx)";;;;;;;;;;;;;;;;;;;;Diversité – parité – discriminations – genre/race/classe – intersectionnalité – sémiotique – sociolinguistique – analyse de discours – communication interculturelle – communication promotionnelle, institutionnelle, politique, organisationnelle – médias – stéréotypes –  hégémonies culturelles;;;;;;;;;;;;;;;;;;;;;;"Diversité, culture et communication
Communication des organisations et des institutions
Intersectionnalité
Genre et médias
Télécharger le CV";;;;
vbuduchev;Vitaly Buduchev;Chercheur | Membre associé;;"* **Email:** [vbuduchev@gmail.com](mailto:vbuduchev@gmail.com)
* **Profils:** [LinkedIn](https://www.linkedin.com/in/vitaly-buduchev-0a5b6478/) | [HAL](https://hal.science/search/index/?q=%2A&rows=30&authIdPerson_i=1076881&sort=publicationDate_tdate+desc)
* **CV:** [Télécharger le CV](https://kit-117.sorbonne-universite.fr/sites/default/files/media/2022-09/Vitaly%20Buduchev.pdf)";;;;;;;;;;;;;;;;;;;;;;;;;;;;;;;;;;;;;;;;;;"Cultures, savoirs et communication
Formes et écritures médiatiques
Enjeux de communication et relations de travail
Titre de thèse
: La fabrique médiatique des élections biélorusses: la lecture nationale de l'événement et les représentations transnationales à l'épreuve des dynamiques coopératives
Mots-clés
: Histoire des journalismes russe et français ; Cultures nationale, professionnelle et transnationale ; Identité des journalistes ; Coopération avec les sources ; Chaînes de coopération ; Discours de la presse écrite ; Enonciation éditoriale ; Presse de réf
Directeur de thèse
: Denis Ruellan
Télécharger le CV";;;;
pbué;Pascal Bué;Chercheur | Membre associé;;"* **Email:** [pascal.bue@hotmail.fr](mailto:pascal.bue@hotmail.fr)
* **Profils:** [LinkedIn](https://www.linkedin.com/in/pascal-bué-2a0a932b/) | [HAL](https://hal.science/search/index/?q=%2A&rows=30&authIdPerson_i=1150201&sort=publicationDate_tdate+desc)";"Groupe de travail Médiatisation/numérisation
Depuis 2019, je contribue, aux côtés d’Antoine Bonino, Lisa Bolz, Pauline Chasseray-Peraldi, Samuel Goyet, Thomas Grignon et Guillaume Heuguet, au groupe de travail Médiatisation/numérisation, dédié au partage de lecture concernant la place de l’informatique, des réseaux et outils numériques contemporains dans les activités humaines. Ce groupe permet de discuter la variété des inspirations théoriques mobilisées par les jeunes chercheur·e·s du GRIPIC pour analyser ces phénomènes, en complément des approches et outils conceptuels élaborés au sein du laboratoire (« écrits d'écran », « médias informatisés », « trivialité ») : études de sciences et techniques, cybernétique, anthropologie, théorie des industries culturelles, archéologie des médias, approches phénoménologiques et phénoménotechniques ... Il s'intéresse également à toute l'extension des méthodologies émergentes, y compris les plus « bricolées », pour traiter terrains et corpus afin de mieux réfléchir à la pensée des disciplines et des objets qu'elles impliquent.";;;;;;;;;;;;;;;;;;;;;;;;;;;;;;;;;;;;;;;;;"Vers une anthropologie du visuel : pour une analyse des images techniques et scientifiques
Économie politique des écritures documentaires
Une approche plurielle de dispositifs hypermédiatiques
Vers une anthropologie du visuel : pour une analyse des images techniques et scientifiques
Comment rendre compte des images techniques et scientifiques produites par appareillages ou dispositifs informatiques ? Comment des savoirs se trouvent-ils représentés sur ces supports ? Ces dispositifs ne conditionnent-ils pas les formes de représentation des savoirs ? Qu’est-ce qu’une modélisation ou une simulation informatique du point de vue de la représentation ? Comment qualifier ces médias ? Comment qualifier les dispositifs d’imagerie numérique ? Quels imaginaires se trouvent encapsulés dans la production de ces images techniques ou scientifiques ? Comment un public néophyte fait-il pour les appréhender ? Comment circulent-elles d’un espace scientifique ou de savoirs-experts à un espace social plus « profane » ?
Ce thème de recherche vise au rapprochement de l’anthropologie du visuel et de l’anthropologie de l’écriture par une archéologie du numérique afin de saisir le « geste » de fabrication et de production et de design des images techniques et scientifiques à partir de dispositifs numériques.
Une économie politique des écritures documentaires
Comment interroger la matérialité des dispositifs numériques d’écriture documentaire ? Peut-on saisir les processus de transformation des écritures documentaires comme processus dépendant à la fois du travail humain et du travail informatique ? Comment rendre compte de ces transformations et rapporter de la division du travail des acteurs qui participent de ce que nous nommons « la fabrique documentaire et des savoirs » s’agissant de dispositifs patrimoniaux ou muséaux ? Quelles formes prennent les savoirs scientifiques une fois une fois vulgarisés et réappropriés par le numérique ? Comment se transforme l’activité de médiation scientifique ? Qui devient propriétaire des documents et savoirs des institutions patrimoniales et muséales une fois transformés par les industries du numérique ? Comment qualifier les interfaces de ces dispositifs ? Leurs affichages à l’écran ne procèdent-il pas d’une esthétique et d’un design algorithmique ?
Ce thème de recherche s’appuie sur la théorie de l’énonciation éditoriale afin de réfléchir à une économie politique des écritures documentaires en articulant la division du travail social et technique des industries du numérique et des industries créatives. La réflexion porte sur les rapports de savoir-pouvoir, la captation de ces savoirs. Le thème pense une propriétarisation économique et symbolique de la création d’autrui par les industries de conception logicielles en analysant les architextes et design de dispositifs numériques tels que les dispositifs de réalité augmentée ou virtuelle utilisés par le secteur muséal.
Une approche plurielle pour l’étude de dispositifs médiatiques
Les approches mobilisées dans nos travaux sont ethnosémiotiques et technosémiotiques. Elles permettent de décrire les systèmes techniques de dispositifs complexes : applications embarquées, réalité augmentée, musées virtuels, interfaces numériques, etc. Qu’est-ce qu’un actif numérique lié à une œuvre (NFT) ? Les codes traditionnels de validation de ce qu’est une œuvre d’art, voire un.e artiste ne sont-ils pas bouleversés par ces systèmes techniques notamment celui du numérique et de la block chain ? Comment décrire la part revenant à l’homme et au machinique dans un système technique quand il s’agit d’analyser des images de sciences ou des images d’art ? Comment penser une méthodologie phénoménotechnique pour analyser et ethnographier ces images ?
Ce thème de recherche associe la phénoménologie peircienne et la phénoménotechnique de Gaston Bachelard à l’intérêt d’une anthropologie du visuel pour l’analyse des images de sciences à la perspective techno et ethnosémiotique afin de comprendre la partition entre l’homme et la machine dans un système technique.";;;;
mbuffard;Marine Buffard;Doctorante-chercheuse | Membre permanent en formation doctorale;;* **Profils:** [LinkedIn](https://www.linkedin.com/in/marinebu/);;;;;;;;;;;;;;;;;;;;"Digital Ethnography Classes and Branding Lectures for Master Students at CELSA Sorbonne University
// digital ethnography methodology classes
// acceleration os cultural and social cultural practices through social media lectures
// pedagogic project follow-up
// tutoring master thesis";;;;;;;;;;;;;;;;;;;;;;"Direction de thèse :
Caroline Marti";;;;
mbuisson;Marie-Lise Buisson;Doctorante-chercheuse | Membre permanent en formation doctorale;marie_lise_buisson.webp;"* **Email:** [buissonmarielise@gmail.com](mailto:buissonmarielise@gmail.com)
* **Profils:** [LinkedIn](https://www.linkedin.com/in/marie-lise-buisson-0698a7b2/) | [HAL](https://hal.science/search/index/?q=%2A&rows=30&authIdPerson_i=1150059&sort=publicationDate_tdate+desc)
* **CV:** [Télécharger le CV](https://kit-117.sorbonne-universite.fr/sites/default/files/media/2022-09/CV%20FR-%20Marie-Lise%20BUISSON%202022.pdf)";;;;;;;;;;;;;;;;;;;;;L’objet de ma recherche est de comprendre la façon dont se construit l’autorité sociale des acteurs dans le cadre des logiques marchandes au prisme de logiques informationnelles. Dans ce cadre, j’interroge les liens entretenus entre savoir et pouvoir au sein du vaste champ de la consommation entendue elle-même comme production. La connaissance, le savoir, l’information sont aujourd’hui présentés comme autant de moyens de rendre son pouvoir au « consommateur ». L’enjeu est donc d’interroger la « fabrique du consommateur » à la lumière de ces processus, dans le contexte agroalimentaire, en tenant compte de la multiplicité des acteurs qui y prennent part (marchands comme non marchands).;;;;;;;;;;;;;;;;;;;;;"Médiations marchandes et fabrique du consommateur
Liens entre communication et information en contexte marchand
Logiques de pouvoir et d’autorité dans le cadre des médiations marchandes
Télécharger le CV";;;;
jcappi;Johanna Cappi;Chercheuse | Membre associé;;"* **Email:** [johannacappi@hotmail.fr](mailto:johannacappi@hotmail.fr)
* **Profils:** [HAL](https://hal.science/search/index/?q=%2A&rows=30&authIdPerson_i=1149618&sort=publicationDate_tdate+desc)";;"Johanna Cappi
Voyage et Scandale, Classiques Garnier, pp.93-106, 2022, coll. « Géographies du monde ». ⟨hal-03773280⟩";"Johanna Cappi
Cahiers Armand Gatti, 2013, 4. ⟨hal-05605811⟩";;;"Rayonnement et attractivité académique (Organisation de colloques…) (Activité de recherche)
""L’Orient d’Alexandra David-Néel (1911-1946) : des dispositifs aux discours viatiques (mystiques et politiques)""
Atelier doctoral de recherche dirigé par Catalina GIRBEA Professeure de l'Université de Bucarest, CEREFREA Villa Noel [accueil en résidence]
Johanna Cappi, 2017
Interactions avec l'environnement social, économique et culturel (Notamment contrats de recherche, rencontre, journée d'études…) (Activité de recherche)
Cérémonie des Prix Albert Londres 2020 & Live Magazine
Conseillère historique & Consultante sur l'écriture du Live Magazine de la Cérémonie des Prix Albert Londres 2020
Johanna Cappi, 2020
Interactions avec l'environnement social, économique et culturel (Notamment contrats de recherche, rencontre, journée d'études…) (Activité de recherche)
La pratique du reportage. Entretien avec Anne Nivat. ""Médias et informations"", Editions Nathan international, coll. ""Futur simple""
Français 2nde-collection ""Futur simple"", mars 2016, p.16, 17
Johanna Cappi, 2021
Interactions avec l'environnement social, économique et culturel (Notamment contrats de recherche, rencontre, journée d'études…) (Activité de recherche)
De la Mer Rouge au Golfe Persique, le long des pêcheries de perles. L'enquête d'Albert Londres sur la traite des esclaves au Royaume d'Ibn Séoud, à partir de sa production photographique en 193O (ou le récit des archives)
Rencontres Albert Londres 2021 ""En Arabie : Exodes et trafics"" - Maison Albert Londres, Vichy
Johanna Cappi, 2021
Autre (Activité de recherche)
Appel à contribution : Les Cahiers Albert Londres n°3
De Pékin à Shanghai
Johanna Cappi, 2021";;;;;;;;;;;;;;;;"Johanna Cappi
Through Gatti’s creations are depicted the praxis if his gaze, the richness of his inexhaustible experience in the writting process and of human or metaphorical encounters historically committed then adapted for stage. Our study offers an exploration of this undertaking through a selection of three…, Au prisme des créations gattiennes se déploient la praxis d’un regard, la richesse de son inépuisable expérience du terrain de l’écriture, des rencontres humaines ou métaphoriques engagées dans l’histoire et transposées sur la scène. Notre étude propose une traversée de cet engagement à partir d’…
Presses Universitaires du Septentrion. Cinémas libertaires : au service des forces de transgression et de révolte, pp.89-98, 2015, coll. « Arts du spectacle; Images et sons ». ⟨hal-03773290⟩";;;;;;;;;;;;;;;Toutes les publications sur HAL;;;;;;"Discipline
: Sciences de l'information et de la communication
Thématiques de recherche
: Cultures, savoirs et communication, Formes et écritures médiatiques
Titre de thèse
: Le grand reportage : formes historiques, littéraires et médiatiques de l'enquête. Les exemples d'Albert Londres et de ses successeurs
Mots-clés
: grand reportage, enquête, factographie, voyage, long format, Albert Londres, Prix Albert Londres, récit, documentaire, témoignage, subjectivité, engagement, cinéma
Directeur de thèse
: Denis Ruellan et Dominique Kalifa
Présentation / parcours
: Directrice de la rédaction des Cahiers Albert Londres. Membre du CA de l'Atelier Albert Londres en collaboration avec Association du Prix Albert Londres (Paris) & Maison Albert Londres (Vichy)";"Johanna Cappi
Deux exemples de processus en immersion la caméra au poing : Rafah, chronique d’une ville dans la bande de Gaza (prix Albert Londres 2008) et Rue Abou Jamil (2009)
Mutations de l’image documentaire, Institut national d'histoire de l'art - LabEx CAP Création Art Patrimoine, Jun 2014, Paris, France. ⟨hal-03773311⟩";;
jchamboredon;Julien Chamboredon;Doctorant-chercheur | Membre permanent en formation doctorale;;* **Profils:** [HAL](https://hal.science/search/index/?q=%2A&rows=30&authIdPerson_i=1123128&sort=publicationDate_tdate+desc);;;;;;;;;;;;;;;;;;;;;;;;;;;;;;;;;;;;;;;;;;;;;;
jcharbonneaux;Juliette Charbonneaux;Maitresse de conférences | Membre permanent en enseignement et recherche;juliette_charbonneaux.webp;"* **Email:** [juliette.charbonneaux@sorbonne-universite.fr](mailto:juliette.charbonneaux@sorbonne-universite.fr)
* **Profils:** [LinkedIn](https://www.linkedin.com/in/juliette-charbonneaux-855864108/) | [HAL](https://hal.science/search/index/?q=%2A&rows=30&authIdPerson_i=1200852&sort=publicationDate_tdate+desc)";;;;;;;;;;;;;;;;;;;;;;;;;;;;;;;;;;;;;;;;;;"Enjeux de communication européens
Communication et figures politiques
Communication et santé";;;;
pchasserayperaldi;Pauline Chasseray-Peraldi;Chercheuse | Membre associé;;* **Profils:** [HAL](https://hal.science/search/index/?q=%2A&rows=30&authIdPerson_i=1344505&sort=publicationDate_tdate+desc);;;;;;;;;;;;;;;;;;;;;;;;;;;;;;;;;;;;;;;;;;;;;;
jchervin;Jacqueline Chervin;Chercheuse | Membre invité;;"* **Email:** [jacqueline.chervin@sorbonne-universite.fr](mailto:jacqueline.chervin@sorbonne-universite.fr)
* **Profils:** [HAL](https://hal.science/search/index/?q=%2A&rows=30&authFullName_s=Jacqueline+Chervin&sort=publicationDate_tdate+desc)";;;;;;;;;;;;;;;;;;;;;;;;;;;;;;;;;;;;;;;;;;Cultures, savoirs et communication;;;;
cchevet;Clotilde Chevet;Chercheuse | Membre associé;clotilde_chevet.webp;"* **Email:** [clotildechevet@gmail.com](mailto:clotildechevet@gmail.com)
* **Profils:** [LinkedIn](https://www.linkedin.com/in/clotilde-chevet-9a1660122) | [Twitter](https://x.com/clotildechevet)
* **CV:** [Télécharger le CV](https://kit-117.sorbonne-universite.fr/sites/default/files/media/2022-09/CHEVET%20Clotilde%20-%20CV%20universitaire.pdf)";;;;;;;"C-ACTI : Communications avec actes dans un congrès international ou national
« L’interaction homme-machine : un système d’écritures qui fait monde ». Doctorales de la SFSIC, le 23 juin 2022 à l’Université de Dijon.
« Vie et voix du Allôland » - Colloque européen sur le Pharmaphone, 16-18 janvier 2020, Villa Tamaris, Toulon.
« Quel contrat de communication pour ""l’interaction homme-machine ?"" Le cas des chatbots médiatiques » - Colloque international sur le contrat de communication, 9-11 septembre 2019, Université Laval, Québec.
« Les chatbots, des cadavres exquis de citations ? » - Colloque international Ci-dit, 20-22 juin 2018, Université libre de Bruxelles.
« Le design conversationnel au service de l’attachement chez les assistants personnels numériques » - Congrès WACAI sur les « Affects, Compagnons Artificiels et Interactions », 13-15 juin 2018 à Porquerolles.
C-COM : Communications sans actes dans un congrès international ou national
« Du cybermilitantisme djihadiste à la cybersexualité : enjeux, défis et limites éthiques de deux ethnographies en ligne ». Intervention à deux voix avec Laurène RENAUT, Colloque Ludovia, Ax les Thermes le 24 août 2022.
« Dialoguer avec son téléphone : entre mythe relationnel et réalité technique », dans le cadre du cycle de conférences organisé par le FEC de Strasbourg, le 27 janvier 2020.
« Siri, le robot qui m’aimait ? Etude des ressorts linguistiques d’une “ingénierie de l’enchantement” » - Colloque international sur « L’Attachement aux cyber-choses : logiciels sentimentaux, love-bots et séducteurs de synthèse », Université Paris Nanterre, 15 juin 2017.
« L’application Siri, un « être de langage » ? Regard sur les pratiques d’écriture et d’oralité dans le cadre de « l’interaction homme-machine », Colloque international « RIAL 2016 : Rencontres internationales d'anthropologie linguistique - l’être de langage, entre corps et technique : nouvelles données, nouvelle donne ? » Montpellier, 25 mars 2016.
Séminaires et journées d’étude
« Observation incognito en e-terrains “sensibles” : une recherche interdite ? » Présentation avec Laurène RENAUT Journée d’étude « Éthique et numérique » JEJC Université Paris Cité - 16 juin 2022.
Table ronde « : « Impact, valeur et éthique de la recherche » Présentation avec Laurène RENAUT, Journée d’études interdisciplinaire Sorbonne Actuelle, Campus Jussieu, 22 avril 2022.
« Corps à corps avec un logiciel », Journée d’étude du Robotic by design Lab, Ecole de design Strate, 21 juin 2021.
Introduction de la table-ronde « Recherche et financement : engagement, embarquement et empêchements », Journée d’étude consacrée aux « Fabriques de l’ignorance », Maison de la recherche Serpente, 17 juin 2020.
« L’interaction homme machine » : un nouveau rapport à soi, à la machine et au monde » - Séminaire doctoral Transnum, à la maison de la Recherche Serpente, le 7 Novembre 2019.
« La fabrique de l’ignorance : réflexion sur l’industrie des assistants personnels numériques », Matinée d’étude du GRIPIC, 30 janvier 2019.
« Replika : une IA au bout du fil », Journée d’étude Vox machines, Université de Toulouse Jean Jaurès, le 10 décembre 2018.
« Siri, un artefact d’humanité ? Reflet de l’homo communicans dans la machine » - Séminaire 2017-2018 de l’URMIS – Université Paris Diderot sur le thème : « Frontières de l’humain : problématiques contemporaines – Interfaces », 13 février 2018.
« Un chemin de conversation caché. L’écriture de l’interaction homme- machine » - Séminaire doctoral Chemins d’écritures Maison de la recherche Serpente, 8 juin 2018.
« Sensorialité et analyses techno-sémiotiques » présentation avec Inès Garmon. Matinée d’étude du GRIPIC sur le thème : « La question du ""numérique"" au GRIPIC », 4 avril 2018.
Ressources audio ou vidéo
Emission « La recherche montre en main » sur France Culture, 1er mai 2019. URL :
https://www.radiofrance.fr/franceculture/podcasts/la-recherche-montre-en-main/l-interaction-homme-machine-un-systeme-d-ecriture-qui-fait-monde-2313131
Evénement « Il était une fois…demain ». Sorbonne Université. Vidéo youtube url:
https://www.youtube.com/watch?v=jE1TPbXVynI&ab_channel=SorbonneUniversit%C3%A9";;;;;;;;;;;;;;"Les recherches de Clotilde Chevet portent sur les assistants vocaux, ces « êtres de langage » partagés entre écriture et oralité, code informatique et langage naturel. Par l'étude de ces objets, elle cherche à décrire la mimesis communicationnelle caractérisant ""l'interaction humain-machine"". À la croisée de l’enquête théorique, de l’anthropologie et de la recherche-création, sa thèse fait ainsi l'étude d'un système d'écritures mimétique qui organise et renouvelle le rapport à soi et à l’autre.";;;;;"Laurène Renaut, Clotilde Chevet, Lucie Raymond, Samuel Vernet
Ecole d’hiver de l’Institut des Humanités Numériques (IDHN), CY Cergy Paris Université, Dec 2024, L'Isle-Adam, France. ⟨hal-05682163⟩";;;;;;;;"Clotilde Chevet
Terrain : anthropologie et sciences humaines [Anciennement : Carnets du patrimoine ethnologique ; Revue d'ethnologie de l'Europe], 2021. ⟨hal-03723004⟩";;;Toutes les publications sur HAL;;"Clotilde Chevet
Études de communication publique, 2020. ⟨hal-03723018⟩";"Justine Simon, Clotilde Chevet, Lucie Raymond, Laurène Renaut
Cette communication analyse la manière dont la rhétorique de la « remigration », concept central de l’extrême droite française, est aujourd’hui mise en musique et diffusée via les réseaux socionumériques. L’étude repose sur deux corpus complémentaires : d’une part, cinq clips générés par IA et…
Journée d’étude interdisciplinaire et internationale « La musique comme instrument. L’usage de la musique dans la communication politique », ELLIADD, Université Marie et Louis Pasteur, Projet de recherche ""LaSiDo: La Politique en Musique"", Nov 2025, Besancon, France, France. https://elliadd.univ-fcomte.fr/lasido-la-politique-en-musique. ⟨hal-05356641⟩";;"Ethique de la recherche
Anthropologie de l’écriture
Ethnographie en ligne
Ecriture et oralité
Interaction homme-machine
Télécharger le CV
Publications
Toutes les publications sur HAL
Article dans une revue
Quel contrat de communication pour « l’interaction homme-machine » ? Le cas des chatbots médiatiques
Clotilde Chevet
Études de communication publique, 2020. ⟨hal-03723018⟩
Article dans une revue
Post Update Blues : Pourquoi mon amie est-elle devenue si robotique ?
Clotilde Chevet
Terrain : anthropologie et sciences humaines [Anciennement : Carnets du patrimoine ethnologique ; Revue d'ethnologie de l'Europe], 2021. ⟨hal-03723004⟩
Communication dans un congrès
L’Intelligence Artificielle générative au service de l’identité nationale ou l’essor d’un patriotisme technologique
Laurène Renaut, Clotilde Chevet, Lucie Raymond, Samuel Vernet
Ecole d’hiver de l’Institut des Humanités Numériques (IDHN), CY Cergy Paris Université, Dec 2024, L'Isle-Adam, France. ⟨hal-05682163⟩
Communication dans un congrès
Re-générer la musique de propagande identitaire sur les réseaux socionumériques : la rhétorique de la “ remigration ” en chansons
Justine Simon, Clotilde Chevet, Lucie Raymond, Laurène Renaut
Cette communication analyse la manière dont la rhétorique de la « remigration », concept central de l’extrême droite française, est aujourd’hui mise en musique et diffusée via les réseaux socionumériques. L’étude repose sur deux corpus complémentaires : d’une part, cinq clips générés par IA et…
Journée d’étude interdisciplinaire et internationale « La musique comme instrument. L’usage de la musique dans la communication politique », ELLIADD, Université Marie et Louis Pasteur, Projet de recherche ""LaSiDo: La Politique en Musique"", Nov 2025, Besancon, France, France. https://elliadd.univ-fcomte.fr/lasido-la-politique-en-musique. ⟨hal-05356641⟩
Toutes les publications sur HAL";;;;
jcho;Jeong-Won Cho;Doctorante-Chercheuse | Membre permanent en formation doctorale;;;;;;;;;;;;;;;;;;;;;;;;;;;;;;;;;;;;;;;;;;;;;;;;
pgrimaldi;Pierre Cilluffo Grimaldi;Doctorant-chercheur | Membre permanent en formation doctorale;pierre_cilluffo_grimaldi.webp;* **Profils:** [LinkedIn](https://www.linkedin.com/in/grimaldi001/);;;;;;;;;;;;;;;;;;;;;;;;;;;;;;;;;;;;;;;;;;;;;;
scorbillé;Sophie Corbillé;Professeure des universités | Membre permanent en enseignement et recherche;sophie_corbille.webp;"* **Email:** [sophie.corbille@sorbonne-universite.fr](mailto:sophie.corbille@sorbonne-universite.fr)
* **Profils:** [LinkedIn](https://www.linkedin.com/in/sophie-corbill%C3%A9-353a0992) | [HAL](https://hal.science/search/index/?q=%2A&rows=30&authIdPerson_i=1149569&sort=publicationDate_tdate+desc) | [Twitter](https://x.com/SophieCorbille)
* **CV:** [Télécharger le CV](https://kit-117.sorbonne-universite.fr/sites/default/files/media/2022-03/gripic-CV-sophie-corbille-2022.pdf)";;;;;;;"COM : communications orales sans acte dans un congrès international ou national
S. Corbillé, « Industrie culturelle de l’enfance et mondialisation des formes du jouer », XXVème colloque franco-roumain en sciences de l’information et de la communication, « Mondialisation de la communication : la diversité des cultures en questions », Iasi, Roumanie, 26-28 mai 2022.
S. Corbillé, 2021 « Conclusion », Colloque « Enfance et histoire : cultures et pratiques enfantines du passé » (org : E. Fantin et J. Tassel), Gripic, en ligne, 9 avril.
S. Corbillé, 2019, « Le goût des échanges. Donner, vendre et garder pour faire quartier, ensemble et séparés », 1er Congrès d’AnthropoVilles « Ce que l’anthropologie fait à la ville et ce que la ville fait à l’anthropologie », Lille, MESHS, 8 novembre.
S. Corbillé et E. Fantin, 2019, « Découvertes et explorations animales : représentations, mises en scène et discours sur les animaux dans les Expositions Universelles (1851-1867) », Colloque « Découvertes et explorations », XVIIème colloque annuel de la Society of Dix-Neuviémistes, Southampton, Grande-Bretagne, 9 avril.
S. Corbillé et E. Fantin, 2018, « Apparitions parisiennes. Récits médiatiques de l’Exposition universelle de 1855 dans La Presse », Colloque « Paris, capital(e) médiatique XIXe-XXIe siècles. Lieux, modèles et figures des médias, de Girardin aux start-ups », Sorbonne Université, Paris, 28 juin.
S. Corbillé, 2017, « La passion des échanges. Donner, vendre et garder pour faire quartier, ensemble et séparés, dans les quartiers gentrifiés parisiens », Colloque « Le lien social au regard de la circulation des biens, des personnes et des capitaux », Chaire Singleton, Université Catholique de Louvain, 3-4-5 mai.
S. Corbillé, 2016, « 'L'est de Paris c'est boboland.' Ce que la mode fait aux identités citadines et au territoire ou la fabrique du 'Paris branché' », colloque « Mode & frontières. Identités, cultures et territoires », Université de la Mode, Université Lumière Lyon 2, 9 février.
S. Corbillé et J. Tassel, 2015, « Patrons, au travail ! La téléréalité comme dispositif de médiatisation et de communication du patron-entrepreneur », Colloque « Figures des décideurs en régime médiatique. Représenter la décision politique et économique : un défi communicationnel » (programme de recherche DEFI), CELSA/GRIPIC, Université Paris-Sorbonne, 25 septembre.
S. Corbillé, 2011, « Vivre à Paris et être un Parisien », colloque de l’Association française d’ethnologie et d’anthropologie (AFEA), Atelier « Une anthropologie de Paris est-elle possible ? », Paris, 21 septembre.
S. Chevalier, S. Corbillé et E. Lallement, 2011, « Expérience de la globalisation en milieu urbain : le phénomène de la résidence secondaire à Paris et de la citadinité par intermittence », colloque de l’association française d’ethnologie et d’anthropologie (AFEA), Atelier « Villes et citadins dans la globalisation », Paris, 22 septembre.
S. Chevalier, S. Corbillé et E. Lallement, 2010, « Paris: a city of holiday flats? », conference of the American Association of Anthropology (AAA), Nouvelle-Orléans, EU, 17 novembre.
S. Chevalier, S. Corbillé et E. Lallement, 2009, « On origins, authenticity and ethical life: new urban values in Paris », conference of the american Association of Anthropology (AAA), Philadelphie, EU, 4 novembre.
S. Corbillé, 2007, « ‘I don’t want to play the native!’ Tourism, ethnology and organisation of social and symbolic relations in gentrified neighbourhoods of Eastern Paris. », Conference of the Association of Social Anthropologist of the UK and Commonwealth (ASA), « Thinking Through Tourism », London Metropolitain University, Grande-Bretagne, 12 avril.
S. Corbillé, 2005, « Quand le marchand fait quartier », Congrès latino-américain d’anthropologie organisé par l’Association latino-américaine d’anthropologie (ALA), Université de Rosario, Argentine, 14 juillet.
S. Corbillé et E. Lallement, 2005, « Commerces et formes de citadinité. Approche comparée de deux situations parisiennes d’échange marchand », Conférence internationale « Les villes comme tissu social. Fragmentation et intégration », organisée par l’Association internationale de sociologie, RC21, Science po Paris, 1er juillet.
S. Corbillé, 2004, « La ville à travers les espaces marchands : anthropologie comparée des situations d’échange marchand », Colloque de clôture de l’Action-Concertée Villes (ministère de la Recherche), Paris, 1er mars.
INV : conférences invitées dans un congrès national ou international, dans un séminaire de recherche
Journées d’études
J. Charbonneau, S. Corbillé et P. Froissart, 2022, « How ""populism"" made its way into media discourses. A French and British comparison – 2000/2022 », journée d’études « Authoritarian populism and Media » (or. S. Celenk), GRIPIC/Sorbonne Université, Paris, 30 juin.
S. Corbillé et E. Fantin, 2020, « Enquête sur les salons animaliers. Figures des chiens et ambivalences des relations hommes-canidés », Journées de chiens, Université de Limoges, Angoulême, 2 juillet.
S. Corbillé, 2017, « Enquêter en contexte saturé : stéréotypes, styles de vie et styles », journée d’études « Cultures de l’enquête » (org. par J. Le Marec), GRIPIC, Paris, 24 avril.
S. Corbillé et J. Tassel, 2015, « L'assiette et le champ. La gastronomie parisienne, le terroir d'île-de-France et le Grand Paris », journée d'études « Le Grand Paris qui mange » (org. par D. Pagès et G. Fumey), GRIPIC/ISCC, Université Paris-Sorbonne, 26 novembre.
S. Corbillé, 2012, « La marque Abou Dhabi comme opérateur de patrimoine », journée d’études « Mise en jeu du patrimoine dans la configuration de la ville aujourd’hui » (org. par C. de Saint-Pierre), Iris, EHESS, Paris, 15 juin.
S. Corbillé, 2010, « Qu’échange-t-on dans un vide-grenier de quartier ? De la place marchande à la communauté des locaux », journée d’études « Places marchandes » (org. par M.-F. Garcia), EHESS, Paris, 16 septembre.
S. Corbillé et E. Bajolet, 2004, « Mondes urbains ? Essai d’application du concept de monde aux espaces urbains », journée d’études « Questions à Howard Becker » (org. par M. de La Pradelle et C. Choron-Baix), GTMS, EHESS et LAU, CNRS, Paris, 14 mai.
S. Corbillé et E. Lallement, 2004, « L’effet de l’objet : ce qui l’anime et ce qu’il anime. Exemple de la maison », journée d’études « Questions à Howard Becker » (org. par M. de La Pradelle et C. Choron-Baix), GTMS, EHESS et LAU, CNRS, Paris, 14 mai.
S. Corbillé, 2003, « Les processus de production d’un nouveau territoire, l’Est parisien “attractif” », journée d’études « Etudes urbaines », Centre de Recherches Historiques et PRI Etudes Urbaines, EHESS, 20 janv.
Séminaires de recherche
S. Corbillé et E. Fantin, 2021, « Petite zoosémiotique des salons animaliers. Spectacles et actantialités des animaux exposés », Greimas, Paris, 26 mai.
S. Corbillé, 2019, « Troubles dans le jeu : marques et publicités au cœur d’un parc d’attraction pour enfants », Séminaire « Médiations marchandes », GRIPIC, 4 juin.
S. Corbillé et E. Fantin, 2018, « Les circonvolutions d’une réclame : George Sand, La Presse et la faïence », séminaire « Girardin » (programme de recherche Giranium, dir. par A. Wrona), GRIPIC, 22 mars.
S. Corbillé, 2018, « Trouble dans le jeu. Marques et publicités au cœur d’un parc d’attraction pour enfants », séminaire international « Transformations des prises de parole de marques : numératie publicitaire, genres et générations, approches internationales » (org. K. Berthelot-Guiet et C. Marti), GRIPIC/Sorbonne Université, 26 juin.
S. Corbillé, 2017, « Le travail au prisme du don », séminaire « Travail et goût » (org. Par D. Ruellan), GRIPIC, 4 décembre.
S. Corbillé, 2017, « Le « bobo » dans sa vi(ll)e. Type, stéréotype et style de vie, ou l’exploration des liens entre mode, ville et existence », séminaire « Mode et médias » (org. par V.J Perrier et P. Gauquié), GRIPIC, 27 septembre.
S. Corbillé, 2017, « Le Paris de Girardin », séminaire « Girardin » (programme de recherche Giranium, dir. par A. Wrona), GRIPIC, 27 mars.
S. Corbillé, 2016, « Diseno urbano, communicación y economía del renombre », seminario del Magister del INVI, FAU, Universidad de Chile, Santiago, Chili, 27 mai.
S. Chevalier, S. Corbillé, E. Lallement, 2013, « La ville comme résidence secondaire. Paradoxes de l’attractivité parisienne dans le contexte de la mondialisation », séminaire « Frontières et mouvements de la vile » (org. par M. Agier et A. Raulin), IACC, EHESS, Paris, 18 avril.
S. Corbillé, 2011, « Espaces marchands, nouvelles classes moyennes et supérieures et gentrification. Les régimes d’altérité dans les quartiers du nord-est de Paris », séminaire du GRIPIC, 6 mai.
S. Corbillé, 2010, « Dimensions matérielles et symboliques de la fabrique du lieu dans les quartiers gentrifiés du nord-est de Paris », séminaire « Faire lieu » (C. Choron-Baix et S. Gravereau), Laboratoire d’anthropologie urbaine (LAU), CNRS, Ivry, 20 mai.
S. Corbillé, 2008, « Ici, tu as de tout, des blacks, des chinois, des Juifs… tourisme, diversité et gentrification dans les quartiers du nord-est de Paris », Séminaire « Anthropologie urbaine et architecture » (C. de Saint-Pierre), EHESS, Paris, 20 novembre.
S. Corbillé, 2008, « Le renouvellement urbain en ses lieux : observations et observateurs », Séminaire du PUCA “Enjeux de culture du renouvellement urbain”, La Défense, 22 mai.
S. Corbillé et E. Lallement, 2008, « Penser la ville à travers l’échange marchand », séminaire « Anthropologie de l’économie » (org. par A. et M.-F. Garcia), EHESS, Paris.
S. Corbillé, 2007, « Expériences urbaines et pratiques marchandes. Ethnologie comparée des situations marchandes en ville », séminaire « Territoire et ville dans les sciences sociales » (M.-V. Ozouf-Marigner, Ch. Topalov et A. Sevin), EHESS, Paris, 30 mai.
S. Corbillé, 2007, « Paris et ses commerces : la production du local dans l’échange marchand », séminaire « Anthropologie de l’économie » (org. par A. et M.-F. Garcia), EHESS, 28 mars.
S. Corbillé et E. Lallement, 2007, « Commerces et urbanité à Paris. Vers une ethnologie des espaces marchands parisiens », séminaire du GRIPIC, 21 mars.
S. Corbillé et E. Lallement, 2006, « Etre auteur de sa maison », séminaire « L’habiter dans sa poétique première » (org. par A. Berque), EHESS, Paris, 2 mars.
S. Corbillé et E. Bajolet, 2004, « L’ethnographie urbaine américaine en question. Analyse d’un débat entre pairs – E. Anderson, M. Duneier, K. Newman et L. Wacquant », séminaire de la filière Territoires, Espaces et Sociétés, EHESS, Paris, 28 janvier.
Conférences invitées
S. Corbillé, 2020, « La ville et ses images. Images, imaginaires et représentations urbains », séminaire d’anthropologie culturelle et sociale org. par A.-C. Trémon), Unil, Lausanne, Suisse, 2 décembre.
S. Corbillé, 2016, « Las marcas países, objetos valiosos en la economía del renombre. Una mirada antropológica sobre un fenómeno comunicacional mundial », Coloquio doctoral, Facultad de comunicaciones, Pontificia Universidad Católica de Chile, Santiago, Chili, 23 juin.
S. Corbillé, 2016, « La fabricación de Abu Dabi ¿Patrimonialización o comercialización de los territorios en el mundo globalizado? », Conferencia FAU, Facultad de arquitectura y urbanismo, Universidad de Chili, Santiago, Chili, 13 mai.
S. Corbillé, 2016, « Hacer etnografia en los barrios gentrificados. O como analizar un nuevo mundo urbano parisino », Conversatorios FAU, Facultad de arquitectura y urbanismo, Universidad de Chile, Santiago, Chili, 31 mars 2016.
Rapports de recherche
S. Chevalier, S. Corbillé et E. Lallement, 2011, Paris, territoire de résidences secondaires ?, Rapport de recherche pour la Ville de Paris.
S. Corbillé, 2011, « Espaces marchands, nouvelles classes moyennes et supérieures et gentrification. Les régimes d’altérité dans les quartiers du nord-est de Paris », dans S. Chevalier, S. Corbillé et E. Lallement, Place matérielle et symbolique du commerce ethnique dans la redéfinition des espaces urbains et des identités citadines, rapport de recherche pour le ministère de la Culture et de la Communication, p. 13-84.
S. Corbillé, 2008, « Quand le marchand fait quartier », dans S. Corbillé et E. Lallement, Rôles, significations et enjeux du commerce à Paris. Etude anthropologique de deux situations commerciales, rapport de recherhe pour la Ville de Paris, p. 64-112.
Diffusion des travaux
Publications, conférences grand public et animation de débats
S. Corbillé, 2022, « Procesos patrimoniales y globazacion », Café de las Ciuades, «A proposito del libro La Ciudad patrimonial », Argentina, 24 mars, en ligne.
S. Corbillé et E. Fantin, 2018, « George Sand, La Presse et la faïence : histoire d’une réclame », conférence donnée à l’invitation des Amis de la Creuse, Bourganeuf, 10 juillet.
S. Corbillé, 2017, « Le Paris de Girardin », conférence, Mairie de Bourganeuf, 12 juillet.
S. Corbillé, 2016, « La gentrification à Paris: regards croisés », conférence-débat, Médiathèque Hélène Berr Paris 12e, avec Anne Clerval et Anaïs Collet, 27 octobre.
S. Corbillé, 2016, « Fenêtre sur Rue : quartiers parisiens et représentations médiatiques », table ronde organisée par Celsa Hors les Murs avec Le Point Ephémère, Paris 10e, avec deux élus du 11e arrondissement de Paris, 25 octobre.
S. Corbillé et Y. Contreras, 2016, « La mode, les lieux 'branchés' et la gentrification. Regards croisés sur Paris et Santiago / Moda, lugares de moda y gentrificacion. Miradas cruzadas entre Paris y Santiago », conférence, Institut Français, Santiago du Chili, Chili, 5 juillet.
S. Chevalier et S. Corbillé, 2016, « Le Paris des résidents secondaires étrangers. La capitale face aux paradoxes de l'attractivité », conférence, Le Labidf « Inspirer l'économie francilienne » groupe compétitivité, Institut d'Urbanisme d'Ile-de-France, Paris, 1er février.
S. Corbillé, 2014, « Anthropologie du Paris cosmopolite », entretien, Radio Campus Paris, émission « Les voix du crépuscule - Quai Branly », 3 juin.
S. Corbillé, 2011, « La métropole parisienne : identité vs altérité, quelques pistes à propos des échanges et de l’urbain », présentation du numéro Quaderni « La métropole parisienne. Entre récits, paroles et échanges », Ville de Paris, 27 janvier.";;;;;;;;;;;;;;"Mes travaux portent sur des dispositifs qui jouent un rôle important dans la (re)production des sociétés capitalistes, globalisées et urbaines comme les Expositions universelles, les marques territoriales ou les parcs à thème. Je m’intéresse également aux dispositifs d’exposition des animaux du XIXe siècle à nos jours. Ces recherches reposent sur une approche sémio-pragmatique qui donne une place importante à l’enquête de terrain. Mes enseignements, inscrits dans la perspective d’une anthropologie de la communication, portent sur les relations entre ville, média et communication ; consommation, communication et globalisation ; ou encore communication, culture et média.";;;;;;;;;;;;;;;;;;;;;"Dispositifs de médiation et pouvoir à l’heure du capitalisme globalisé
Ville, communication et médias
Formes de vie, représentations et esthétique
Télécharger le CV";;;;
jdehail;Judith Dehail;Chercheuse | Membre associé;;"* **Email:** [judith.dehail@gmail.com](mailto:judith.dehail@gmail.com)
* **Profils:** [HAL](https://hal.science/search/index/?q=%2A&rows=30&authIdPerson_i=993950&sort=publicationDate_tdate+desc)
* **CV:** [Télécharger le CV](https://kit-117.sorbonne-universite.fr/sites/default/files/media/2022-09/Judith%20Dehail.pdf)";;;;;;"Interactions avec l'environnement social, économique et culturel (Notamment contrats de recherche, rencontre, journée d'études…) (Activité de recherche)
Habiter la BnF
Joëlle Le Marec, Judith Dehail, 2016";;;;;;;;;;;;;;;;;;;;;;;;;;;;;;;;;;;;;"Discipline
: Sciences de l'information et de la communication
Thématiques de recherche
: Cultures, savoirs et communication
Sujet de recherche
: Les musées de la Musique à l’épreuve des visiteurs. Vers une redéfinition des pratiques de muséologie
Mots-clés
: Muséologie - publics de musée - hiérarchie des sens - visualité - organologie - musées d'instruments de musique
Directeur de thèse
: Joëlle le Marec";;;
adelfino;Anouk Delfino;Doctorante-chercheuse | Membre permanent en formation doctorale;;;;;;;;;;;;;;;;;;;;;;;;;;;;;;;;;;;;;;;;;;;;;;;;
adepoux;Anneliese Depoux;Chercheuse | Membre associé;;"* **Email:** [adepoux@hotmail.com](mailto:adepoux@hotmail.com)
* **Profils:** [LinkedIn](https://www.linkedin.com/in/anneliese-depoux-9a804b26/) | [HAL](https://hal.science/search/index/?q=%2A&rows=30&authFullName_s=Anneliese+Depoux&sort=publicationDate_tdate+desc)";;;;;;;;;;;;;;;;;;;;;;;;;;;;;;;;;;;;;;;;;;"Cultures, savoirs et communication,
Formes et écritures médiatiques";;;;
tdevars;Thierry Devars;Maitre de conférences | Membre permanent en enseignement et recherche;thierry_devars.webp;"* **Email:** [thierry.devars@sorbonne-universite.fr](mailto:thierry.devars@sorbonne-universite.fr)
* **Profils:** [LinkedIn](https://www.linkedin.com/in/thierry-devars-201974112/) | [HAL](https://hal.science/search/index/?q=Thierry+devars&rows=30&sort=publicationDate_tdate+desc&authIdPerson_i=1149583)";"Co-rédacteur en chef de la revue Quaderni
, URL :
https://journals.openedition.org/quaderni/
Co-responsable de la rubrique « Livres » de la revue Quaderni
– 2019-2023
Membre élu du Conseil de laboratoire – GRIPIC (UR 1498)
– 2019-2025
Membre du comité scientifique du XXII
e
Congrès de la SFSIC
,
Société et espaces en mouvement
, Axe « Institutions, Organisations, Formes sociales », Institut de la Communication et des Médias, Échirolles, les 6,7 et 8 juin 2020.
Membre du comité scientifique du colloque international
,
Les populistes au pouvoir en Europe : stratégies et pratiques communicationnelles
, Protagoras, Bruxelles, 4-5 juin 2020.
Membre du comité scientifique du colloque international
,
Les enjeux et usages de la temporalité en communication politique
, Protagoras, Bruxelles, 6-7 juin 2019.
Membre du comité scientifique du colloque international
,
La communication européenne : vers un tournant agonistique ?
, Protagoras, Bruxelles, 30-31 mai 2018.
Co-animation de la conférence de Christian Le Bart
(avec Isabelle Le Breton),
La fabrique médiatique des personnalités politiques
, GRIPIC, CELSA – Sorbonne Université, le 24 janvier 2018.
Co-organisation de la table ronde « L’élection présidentielle française de 2017 »
(avec Isabelle Le Breton), CELSA – Sorbonne-Université.
Projets de recherche
Membre du projet ANR TRACTIVE
– 2022-2026
TRACTIVE - TowaRds A Computational mulTImodal analysis of film discursiVe aEsthetics
« Vers une analyse multimodale automatique de l'esthétique discursive filmique »
Membre du projet TRANSNUM, SATS
, Sorbonne-Université – 2017-2018
Membre du projet DÉFI, programme Convergences
, Sorbonne-Université – 2014-2015
« La décision, processus et dynamiques »";;;"Devars Thierry, « Le regard d’une influenceuse sur la campagne présidentielle de 2022. Imaginaires et représentations médiatiques du projet YouTube de Magali Berdah », Quaderni, n° 113, 2025, p. 47-68.
Devars Thierry, « Les héritiers contemporains du pastiche », Dossier Pastiches de presse, BNF – Les Essentiels, avril 2023
Devars Thierry, Raymond Lucie, Vassor Mathilde, « L’aventure Le Média : un projet éditorial en quête de reconnaissance », Études de communication, n° 56, 2021/1, p. 157-184.
Devars Thierry, « Les foudres de Jupiter : une médiatique de la colère présidentielle », Quaderni, n° 104, 2021, p. 29-48.
Devars Thierry, « La fabrique symbolique de l’objet Europe : enjeux communicationnels et médiatiques », Les Cahiers de Protagoras, n° 6, 2019.
Devars Thierry, « Élections présidentielles et information en continu : les mutations télévisées du récit de campagne », Télévision, 2017, n° 8, p.77-96.
Devars Thierry, « Quand les Youtubeurs investissent le champ politique », Ina global.fr, 2017.
Devars Thierry « Les vidéos politiques au prisme de la trivialité », Communications & langages, n° 185, 2015, n°185, p.89-106.
Devars Thierry, « “Ces mots qui résonnent” : médiagénie du clash politique », Théorème : travaux de l'IRCAV, n°21, « Persistances benjaminiennes », Université de Paris, 2014, p.41-42.
Devars Thierry, « Pour une poétique de l'“audiovitie” : l'impensé de la culture audiovisuelle. Le cas des vidéos politiques », Communication & langages, n°167, 2011, p.123-139.";;;;;"Devars Thierry, « Rire contestataire / Rire majoritaire », dans Matthieu Letourneux et Alain Vaillant (dir.), L’empire du rire. XIXe – XXIe siècle, Paris, CNRS Éditions, 2021, p. 453-469.
Devars Thierry, « Les rieurs contre l’État », dans Matthieu Letourneux et Alain Vaillant (dir.), L’empire du rire. XIXe – XXIe siècle, Paris, CNRS Éditions, 2021, p. 509-521.
Devars Thierry, « Le rire et la vie publique », dans Matthieu Letourneux et Alain Vaillant (dir.), L’empire du rire. XIXe – XXIe siècle, CNRS Éditions, 2021, p. 927-939.
Devars Thierry, « YouTube », in Pauline Escande-Gauquié & Bertrand Naivin (dir), Comprendre la culture numérique, Paris, Dunod, 2019, p. 209-2015.
Devars Thierry, « Médias et politique : une influence réciproque », dans Pierre-Emmanuel Guigo (dir.), Communication politique, Pearson, 2019, p. 101-120.
Devars Thierry, « De nouvelles formes de communication », dans Pierre-Emmanuel Guigo (dir.) Communication politique, Pearson, 2019, p. 123-134.
Charbonneaux Juliette, Devars Thierry, « La communication de Jean-Luc Mélenchon sur sa chaîne YouTube : une démarche innovante ? », dans Philippe J. Maarek & Arnaud Mercier (dir.), 2017, la présidentielle chamboule-tout. La communication politique au prisme du dégagisme, Paris, L’Harmattan, 2018, p. 121-135.
Devars Thierry, « La vie triviale d’une image politique. La vidéo de Nicolas Sarkozy au Salon de l’agriculture, le 23 février 2008 : Enjeux et compréhension d’un buzz médiatique », dans Isabelle Veyrat-Masson, Sébastien Denis et Claire Sécail (dir.), Sous les images, la politique… : Presse, cinéma, télévision, nouveaux médias (XXe-XXIe siècle), Paris, CNRS Éditions, 2014, p. 257-273.";;"Devars Thierry, Kirèche-Gerwig Rym, « Colères politiques & élections », Colloque Communautés politiques, émotions & réactions, Maison de la Recherche, Faculté des Lettres, Sorbonne-Université, 13-14 juin 2024.
Andolfi Léa, Devars Thierry, Julliard Virginie & Lécossais Sarah, « L’érotisation des rapports de genre dans la production audiovisuelle : annoter, contextualiser, interpréter avec des outils informatiques (ANR Tractive) », Séminaire Genre, Médias, Pouvoir, LIRCES, Université Côte d’Azur, MSH, Nice, le 12 avril 2024.
Devars Thierry, « L'affaire Pierre Palmade : archéologie et enjeux sociopolitiques d'un emballement médiatique », Conférence invitée dans le cadre du cycle 2023-2024 Informer… sans déformer !, Université Populaire des Olonnes, Les Sables d’Olonne, le 10 avril 2024.
Devars Thierry, « Les ressources médiaculturelles des vidéos en ligne : un enjeu rhétorique pour la communication politique », Journée d’études L’État à l’ère numérique. Transformations, clivages, défis, Maison de la Recherche, Sorbonne Nouvelle, 20 septembre 2023.
Devars Thierry, « Pour une approche sémio-communicationnelle de l’information politique », Journée d’études transdisciplinaire Autour de l’information, Collectif Sorbonne Actuelle, Maison de la recherche, Sorbonne Université, le 3 juin 2023.
Devars Thierry, Regards sur l’unité « Cultures de la communication », PNF BTS Communication, Journée organisée par la DGESCO, Lycée Jean Zay, Paris, le 30 mars 2023.
Devars Thierry, « Le traitement de l’actualité politique sur les chaînes d’information en continu : rhétorique de l’événement et passions politiques », Journée d’études La circulation des idées d'extrême-droite, Université Sorbonne-Nouvelle, Paris, Juillet 2022.
Devars Thierry, Kirèche-Gerwig Rym, « Des ronds-points au Capitole : narratogénie des colères politiques », colloque international Violences et médias, ICP, Paris, 2 juin 2022.
Devars Thierry, « Le parti-pris du rire : éthique et esthétique des mèmes politiques », colloque international Le pouvoir du rire – Rire du pouvoir : humour, discours et politique, Craiova, Roumanie, Mai 2022.
Chervin Jacqueline, Devars Thierry, « Formes et écritures médiatiques actuelles : les médias audiovisuels », Journée d’études L’éducation aux médias et à l’information au prisme de formes et écritures médiatiques renouvelées, INSPE/CELSA Sorbonne Université, Paris, le 25 février 2019.
Devars Thierry, Kirèche-Gerwig Rym, Marion Philippe, « Le corps du mannequin et sa figuration sur la scène de l’écran : une hyper-représentation ? », colloque international IMPEC « Interactions Multimodales par Par Écran », ENS de Lyon, 4-6 juillet 2018.
Devars Thierry, « Quand les Youtubeurs s’engagent dans le débat public. Médiations et médiatisations numériques du politique », Colloque international Youtubeurs, Youtubeuses, PRIM, Université de Tours, Novembre 2017.
Devars Thierry, « Les partis politiques et candidatures citoyennes sous le radar des médias de masse », Conférence Présidente-toi !, Association des Étudiants de Sciences politiques de l’Université de Nantes (AESP), Nantes, Mars 2017.
Devars Thierry, Table ronde L’info en continu : de CNN à franceinfo organisée dans le cadre des « Lundis de l’INA », Paris, le 10 octobre 2016.
Devars Thierry, « Ce que l’information en continu fait à la communication politique », GT21 : Socio-anthropologie du politique, Colloque international de l’AISLF (Association Internationale des Sociologues de Langue Française), Juillet 2016, Montréal.";;;;;Devars Thierry, Dossier « Colères politiques », Quaderni, no 104, 2021. URL : https://shs.cairn.info/revue-quaderni-2021-3?lang=fr;;;;Mes recherches portent principalement sur les dynamiques de communication politique dans l’espace public médiatique, à partir d’une approche d’inspiration sémiotique attentive à l’histoire conjointe des médias d’information et de la vie sociale, culturelle et politique.;;;;;;;;;Devars Thierry, La politique en continu. Vers une BFMisation de la communication ?, Paris, Les Petits Matins, 2015.;;;;;;;"Membre du projet ANR TRACTIVE
– 2022-2026
TRACTIVE - TowaRds A Computational mulTImodal analysis of film discursiVe aEsthetics
« Vers une analyse multimodale automatique de l'esthétique discursive filmique »
Membre du projet TRANSNUM, SATS
, Sorbonne-Université – 2017-2018
Membre du projet DÉFI, programme Convergences
, Sorbonne-Université – 2014-2015
« La décision, processus et dynamiques »";;"Ouvrages
Devars Thierry, La politique en continu. Vers une BFMisation de la communication ?, Paris, Les Petits Matins, 2015.
Directions de dossiers
Devars Thierry, Dossier « Colères politiques », Quaderni, no 104, 2021. URL : https://shs.cairn.info/revue-quaderni-2021-3?lang=fr
Chapitres d’ouvrage
Devars Thierry, « Rire contestataire / Rire majoritaire », dans Matthieu Letourneux et Alain Vaillant (dir.), L’empire du rire. XIXe – XXIe siècle, Paris, CNRS Éditions, 2021, p. 453-469.
Devars Thierry, « Les rieurs contre l’État », dans Matthieu Letourneux et Alain Vaillant (dir.), L’empire du rire. XIXe – XXIe siècle, Paris, CNRS Éditions, 2021, p. 509-521.
Devars Thierry, « Le rire et la vie publique », dans Matthieu Letourneux et Alain Vaillant (dir.), L’empire du rire. XIXe – XXIe siècle, CNRS Éditions, 2021, p. 927-939.
Devars Thierry, « YouTube », in Pauline Escande-Gauquié & Bertrand Naivin (dir), Comprendre la culture numérique, Paris, Dunod, 2019, p. 209-2015.
Devars Thierry, « Médias et politique : une influence réciproque », dans Pierre-Emmanuel Guigo (dir.), Communication politique, Pearson, 2019, p. 101-120.
Devars Thierry, « De nouvelles formes de communication », dans Pierre-Emmanuel Guigo (dir.) Communication politique, Pearson, 2019, p. 123-134.
Charbonneaux Juliette, Devars Thierry, « La communication de Jean-Luc Mélenchon sur sa chaîne YouTube : une démarche innovante ? », dans Philippe J. Maarek & Arnaud Mercier (dir.), 2017, la présidentielle chamboule-tout. La communication politique au prisme du dégagisme, Paris, L’Harmattan, 2018, p. 121-135.
Devars Thierry, « La vie triviale d’une image politique. La vidéo de Nicolas Sarkozy au Salon de l’agriculture, le 23 février 2008 : Enjeux et compréhension d’un buzz médiatique », dans Isabelle Veyrat-Masson, Sébastien Denis et Claire Sécail (dir.), Sous les images, la politique… : Presse, cinéma, télévision, nouveaux médias (XXe-XXIe siècle), Paris, CNRS Éditions, 2014, p. 257-273.
Articles
Devars Thierry, « Le regard d’une influenceuse sur la campagne présidentielle de 2022. Imaginaires et représentations médiatiques du projet YouTube de Magali Berdah », Quaderni, n° 113, 2025, p. 47-68.
Devars Thierry, « Les héritiers contemporains du pastiche », Dossier Pastiches de presse, BNF – Les Essentiels, avril 2023
Devars Thierry, Raymond Lucie, Vassor Mathilde, « L’aventure Le Média : un projet éditorial en quête de reconnaissance », Études de communication, n° 56, 2021/1, p. 157-184.
Devars Thierry, « Les foudres de Jupiter : une médiatique de la colère présidentielle », Quaderni, n° 104, 2021, p. 29-48.
Devars Thierry, « La fabrique symbolique de l’objet Europe : enjeux communicationnels et médiatiques », Les Cahiers de Protagoras, n° 6, 2019.
Devars Thierry, « Élections présidentielles et information en continu : les mutations télévisées du récit de campagne », Télévision, 2017, n° 8, p.77-96.
Devars Thierry, « Quand les Youtubeurs investissent le champ politique », Ina global.fr, 2017.
Devars Thierry « Les vidéos politiques au prisme de la trivialité », Communications & langages, n° 185, 2015, n°185, p.89-106.
Devars Thierry, « “Ces mots qui résonnent” : médiagénie du clash politique », Théorème : travaux de l'IRCAV, n°21, « Persistances benjaminiennes », Université de Paris, 2014, p.41-42.
Devars Thierry, « Pour une poétique de l'“audiovitie” : l'impensé de la culture audiovisuelle. Le cas des vidéos politiques », Communication & langages, n°167, 2011, p.123-139.
Communications et interventions
Devars Thierry, Kirèche-Gerwig Rym, « Colères politiques & élections », Colloque Communautés politiques, émotions & réactions, Maison de la Recherche, Faculté des Lettres, Sorbonne-Université, 13-14 juin 2024.
Andolfi Léa, Devars Thierry, Julliard Virginie & Lécossais Sarah, « L’érotisation des rapports de genre dans la production audiovisuelle : annoter, contextualiser, interpréter avec des outils informatiques (ANR Tractive) », Séminaire Genre, Médias, Pouvoir, LIRCES, Université Côte d’Azur, MSH, Nice, le 12 avril 2024.
Devars Thierry, « L'affaire Pierre Palmade : archéologie et enjeux sociopolitiques d'un emballement médiatique », Conférence invitée dans le cadre du cycle 2023-2024 Informer… sans déformer !, Université Populaire des Olonnes, Les Sables d’Olonne, le 10 avril 2024.
Devars Thierry, « Les ressources médiaculturelles des vidéos en ligne : un enjeu rhétorique pour la communication politique », Journée d’études L’État à l’ère numérique. Transformations, clivages, défis, Maison de la Recherche, Sorbonne Nouvelle, 20 septembre 2023.
Devars Thierry, « Pour une approche sémio-communicationnelle de l’information politique », Journée d’études transdisciplinaire Autour de l’information, Collectif Sorbonne Actuelle, Maison de la recherche, Sorbonne Université, le 3 juin 2023.
Devars Thierry, Regards sur l’unité « Cultures de la communication », PNF BTS Communication, Journée organisée par la DGESCO, Lycée Jean Zay, Paris, le 30 mars 2023.
Devars Thierry, « Le traitement de l’actualité politique sur les chaînes d’information en continu : rhétorique de l’événement et passions politiques », Journée d’études La circulation des idées d'extrême-droite, Université Sorbonne-Nouvelle, Paris, Juillet 2022.
Devars Thierry, Kirèche-Gerwig Rym, « Des ronds-points au Capitole : narratogénie des colères politiques », colloque international Violences et médias, ICP, Paris, 2 juin 2022.
Devars Thierry, « Le parti-pris du rire : éthique et esthétique des mèmes politiques », colloque international Le pouvoir du rire – Rire du pouvoir : humour, discours et politique, Craiova, Roumanie, Mai 2022.
Chervin Jacqueline, Devars Thierry, « Formes et écritures médiatiques actuelles : les médias audiovisuels », Journée d’études L’éducation aux médias et à l’information au prisme de formes et écritures médiatiques renouvelées, INSPE/CELSA Sorbonne Université, Paris, le 25 février 2019.
Devars Thierry, Kirèche-Gerwig Rym, Marion Philippe, « Le corps du mannequin et sa figuration sur la scène de l’écran : une hyper-représentation ? », colloque international IMPEC « Interactions Multimodales par Par Écran », ENS de Lyon, 4-6 juillet 2018.
Devars Thierry, « Quand les Youtubeurs s’engagent dans le débat public. Médiations et médiatisations numériques du politique », Colloque international Youtubeurs, Youtubeuses, PRIM, Université de Tours, Novembre 2017.
Devars Thierry, « Les partis politiques et candidatures citoyennes sous le radar des médias de masse », Conférence Présidente-toi !, Association des Étudiants de Sciences politiques de l’Université de Nantes (AESP), Nantes, Mars 2017.
Devars Thierry, Table ronde L’info en continu : de CNN à franceinfo organisée dans le cadre des « Lundis de l’INA », Paris, le 10 octobre 2016.
Devars Thierry, « Ce que l’information en continu fait à la communication politique », GT21 : Socio-anthropologie du politique, Colloque international de l’AISLF (Association Internationale des Sociologues de Langue Française), Juillet 2016, Montréal.";;;;"Communication politique
Médias audiovisuels & numériques
Sémiologie des médias
Sociohistoire des médias";;;;
fdramaniissifou;Farah Clémentine Dramani-issifou;Doctorante-chercheuse | Membre permanent en formation doctorale;;* **Email:** [clementine.dramaniissifou@gmail.com](mailto:clementine.dramaniissifou@gmail.com);;;;;;;;;;;;;;;;;;;;;;;;;;;;;;;;;;;;;;;;;;"Thématiques de recherche :
Cultures, savoirs et communication, Médiations marchandes, Formes et écritures médiatiques
Titre de thèse :
« DU CINÉMA AFRICAIN AUX CINÉMAS D’AFRIQUE : Analyse  des impacts sémiotiques des dispositifs institutionnels français de soutien sur les cinématographies africaines depuis les Indépendances et leurs évolutions »
Codirection de thèse avec Felwine Sarr (UGB, St Louis)
Direction de thèse :
Karine Berthelot-Guiet";;;;
ndalmeida;Nicole D’Almeida;Professeure des universités émérite | Membre permanent en enseignement et recherche;nicole_dalmeida.webp;"* **Email:** [Nicole.d_almeida@sorbonne-universite.fr](mailto:Nicole.d_almeida@sorbonne-universite.fr)
* **Profils:** [HAL](https://hal.science/search/index/?q=%2A&rows=30&authIdPerson_i=1151709&sort=publicationDate_tdate+desc)";;;;;;;;;;;;;;;;;;;;;"Direction de recherches menée à travers des séminaires, directions de thèses, organisation de colloques et contributions principalement sur les thèmes suivants : communication des organisations (analyse de la responsabilité sociale des entreprises, approche narratologique des organisations)//communication environnementale et de développement durable //communication internationale, approche comparatiste des discours, cadrages, médiations  et médiatisations // Opinion publique et jeu d'acteurs dans l'espace public mondialisé conçu comme espace d'énonciation et de dénonciation.
Création, développement et direction du département Communication des entreprises et des institutions du Celsa (2000-2020) et du MBA Management Communication et Sociétés (2006-2016)";;;;;;;;;;;;;;;;;;;;;"Communication institutionnelle envisagée comme communication instituante
Communication organisationnelle
Communication environnementale
Espace public, opinion publique";;;;
vecrement;Victor Ecrement;Doctorant-chercheur | Membre permanent en formation doctorale;;* **Profils:** [HAL](https://hal.science/search/index/?q=%2A&rows=30&authFullName_s=Victor+Ecrement&sort=publicationDate_tdate+desc);;;;;;;;;;;;;;;;;;;;;;;;;;;;;;;;;;;;;;;;;;;;;;
yennahi;Youssef Ennahi;Chercheur | Membre associé;;* **Email:** [ennahy@yahoo.fr](mailto:ennahy@yahoo.fr);;;;;;;;;;;;;;;;;;;;;;;;;;;;;;;;;;;;;;;;;;;"Discipline
: Sciences de l'information et de la communication
Thématiques de recherche
: Dynamiques de communication dans l'espace public
Sujet de recherche
: Les stratégies d’influence dans la communication du chef du gouvernement islamiste marocain
Directeur de thèse
: Françoise Boursin";;;
pescandegauquié;Pauline Escande-Gauquié;Professeure des universités | Membre permanent en enseignement et recherche;pauline_escande_gauquie.webp;"* **Email:** [pauline.escande-gauquie@sorbonne-universite.fr](mailto:pauline.escande-gauquie@sorbonne-universite.fr)
* **Profils:** [LinkedIn](https://www.linkedin.com/in/pauline-escande-gauquié-92224538/) | [HAL](https://hal.science/search/index/?q=pauline+escande&rows=30&sort=publicationDate_tdate+desc)";"Co-fondatrice
du
GER « recherche et création »
au sein de la SFSIC (2022- 2025)
> ACFAS Magazine, Enjeux de la recherche : recherche-création, 2018, en ligne :
https://www.acfas.ca/publications/magazine/enjeux-recherche/recherche-creation
Création et co-animation
du séminaire de recherche intitulé « Médiamorphoses » avec Valérie Jeanne-Perrier (2016-2025).
Le séminaire s’est construit pour l’instant autour des thématiques suivantes :
La thématique « Les émotions, les affects, le sensible (2024-2026)
La thématique « FRAMER (les français et la mer) » (2022-2024)
La thématique « Mode, médiatisations et médiations » (2018-2021)
La thématique « La photographie mobile » (2016-2018)
Projets de recherche
Membre
du Projet
DE FACTO II";;;"Escande-Gauquié, P. (2025). La chronique numérique comme écriture. Le transmédia dans les industries culturelles et créatives. Approches théoriques et pratiques, Éditions Orbis Tertius.
Escande-Gauquié, P. (2024) et Feroc-Dumez, I. La Création du CLEMI Sup : la mise en œuvre d’une politique de médiation de la recherche en EMI face aux désordres informationnels. Politiques de communication, PUO.
Escande-Gauquié, P. (2024). Le podcast « Story » des Échos ou la parole donnée. Quaderni, Éditions FMSH.
Escande-Gauquié, P. (2021). Crise et cinéma, quel combat ? Théorème, Crise, quelle crise ? n°34, Éditions PSN, pp. 61-74.
Escande-Gauquié, P. (2019). Smartphone, réseaux sociaux et gestes performatifs. MEI, Harmattan, pp. 207-218.
Escande-Gauquié, P. (2018). L’art mobile comme un renouvellement de la photographie vernaculaire : nouvelles fictions ? Théorème, Enjeux artistiques et théoriques, n°29, Éditions PSN, pp. 153-164.
Escande-Gauquié, P. & Aim, 0. (2016). L’écranalyse ou la mise en réflexivité des écrans à l’ère de leur multiplication. Interfaces numériques, n°5, Éditions UL, pp. 129-147.
Escande-Gauquié, P. & Jeanne-Perrier, V. (2013). La photo mobile : les conditions d’émergence d’avant-gardes esthétiques au sein d’écosystèmes communicationnels réinventés. Interfaces numériques n°2, Éditions UL, pp. 313-336.
Escande-Gauquié, P. & Souchier E. (2011). Matières et supports, la bande dessinée dans tous ses états. Communication et langages, Bande dessinée : le pari de la matérialité, n°167, pp. 17-30.
Escande-Gauquié, P. (2009). La crise, les mots pour le dire. Communication et langages, Écrire la crise, n°162, pp. 67-74.
Escande-Gauquié, P. (2009). La BD un média capable de transformation : semblants de l’adaptation animée d’une bande dessinée ». Hermès, n°53, CNRS Éditions, pp. 53-62.
Escande-Gauquié, P. (2007). Cinéma d’auteur ou cinéma grand public : une contradiction française ? Communication et langages, n°153, pp. 19-30.";;;;;"Escande-Gauquié, P. (2024). Apoline ou une poétique ordinaire sur les réseaux sociaux. Extensions sémiotiques, Harmattan.
Escande-Gauquié, P. (2018). Le selfie à l’épreuve des écrans. in Selfie(s), Paris, Éditions Hermann, sous la direction de Bertrand Naivin, pp. 89-102.
Escande-Gauquié, P. & Jeanne-Perrier, V. (2018 ). Le Mook La revue dessinée. in Les Mooks, espace de renouveau du journalisme littéraire, Paris, Éditions l’Harmattan, sous la direction d’Audrey Alvès et Marieke Stein, pp. 101-120.
Escande-Gauquié, P. & Aim O. (2016). Éléments pour une écranalyse. Pratiques et réflexivité des pratiques d’écrans. in D’un écran à l’autre, les mutations du spectateur, Paris, L’Harmattan et Ina Éditions, sous la direction de Jean Châteauvet et Gilles Delavaud, pp. 111-122.
Escande-Gauquié, P. (2015). Le sens c’est par là. Manuel pédagogique Communication, Éditions Dunod, sous la direction de Olivier Aim et Stéphane Billiet, p. 110-112.
Escande-Gauquié, P. (2014). L’analyse sémiologique. Écrire un mémoire en Sciences de l’information et de la communication, Paris, Presses Sorbonne Nouvelle, sous la direction d’Aude Seurrat, pp. 83-86.
Escande-Gauquié, P. (2014). Les critiques de films du site Allociné. Sémiotique mode d’emploi, (dir.) Karine Berthelot-Guiet et Jean-Jacques Boutaud, Paris, Éditions Le bord de l’eau, pp. 101-130.
Escande-Gauquié, P. (2011). Du papier à l’écrit d’écran : l’IBooks. Le livre produit culturel, Paris, Editions Orizons, sous la direction de Gilles Pilizzi et Anne Réach-Ngô, pp. 301-3016.
Escande-Gauquié, P. & Mouratidou E. (2011). Sin city, de la bande dessinée au film. Parcours intersémiotiques, sous la direction de Anne Jaubert, Juan Lopez Munoz, Sophie Mariette, Laurence Rosier et Claire Stolz, Citations I, Citer à travers les formes. Intersémiotique de la Citation, n°2, Paris, L’Harmattan, , pp. 229-242.
Escande-Gauquié, P. (2008). Le blockbuster français : un oxymore ? Les Cultural Studies dans les mondes francophones. Précisions et imprécisions, conceptualisations. Ottawa, Éditions Lamacs, sous la direction de Boulou Ebada de B’béri, pp. 263-284.";"Escande-Gauquié, P. & Allard L. & Candel E. & Gomez-Mejia G. (2024). La recherche sur le numérique par la création , XXIème Congrès SFSIC : La numérisation des sociétés, Université de Bordeaux.
Escande-Gauquié, P. (2023). Comment les SIC ont nourri un point de vue sémiologique en recherche et création ?, Colloque international, De quoi sémio est-il le nom ? Université de Liège.
Escande-Gauquié, P. (2022). La chronique numérique comme recherche création : le cas de l’avatar Apoline , Colloque international Sémiotique de terrain, Université Paris 8.
Escande-Gauquié, P. (2021). La chronique numérique, objet de fiction hybride, XXème Congrès SFSIC : Sociétés et espaces en mouvements., Université de Grenoble.
Escande-Gauquié, P. & Aim, O. (2014). Éléments pour une écranalyse : pratiques et réflexivité des pratiques d’écrans, Colloque international D’un écran à l’autre : les mutations du spectateur, Université du Québec.
Escande-Gauquié, P. (2011). La neutralisation de rhétorique chez Barthes, Congrès de l’AISV-IASV - l’Association Internationale de sémiotique visuelle : Rhétorique du visible. Stratégies de l’image entre signification et communication, Université de Venise.
Escande-Gauquié, P. & Aim, O. (2011). Du fragment aux figures, Congrès de l’AFS - l’Association Française de Sémiotique, Université de Lyon.
Escande-Gauquié, P. & Mouratidou, E. (2010). Sin city, de la bande dessinée au film, IV e Colloque International du groupe Ci-dit (Circulations des discours), Université de Nice.
Escande-Gauquié, P. (2008). Le storybord comme l’histoire dessinée et destinée d’un film, 8e Colloque IAWIS/AIERTI - l'Association Internationale pour l'Étude des Rapports entre Texte et Image :""Éfficacité/Efficacy"", EHESS.
Escande-Gauquié, P. (2008). Comment les SIC interagissent méthodologiquement avec les sciences du langage : illustration à travers la notion de trivialité, 16éme Congrès SFSIC, IUT de Compiègne.";;"Escande-Gauquié, P. (2024). « Le Clemi Sup : partenariats, enjeux et perspectives », Symposium : Theory Practice Education , Université Aix/Marseille.
Escande-Gauquié P. (2024). « Enquêter par le proche ou en proximité », Cultures de l’enquête, approches qualitatives, Museum National d’Histoire Naturelle.
Escande-Gauquié, P. (2023). « Panorama des travaux en recherche et création », Journée d’étude : Recherche et création en SIC, INHA.
Escande-Gauquié, P. (2023). « Apoline ou comment nous avons l’art pour ne pas mourir de la vérité », Journée d’étude : Recherche et création, INHA.
Escande-Gauquié, P. (2023). « Introduction de la journée », Journée d’étude : Défense et illustration de la rechercher et création, Maison de la recherche, Sorbonne Université.
Escande-Gauquié, P. (2023), « Apoline et la chronique numérique », Journée d’étude : Transmédia et industries culturelles et créatives, Université Paris Cité.
Escande-Gauquié, P. (2023). « Enjeux de médiation et de médiatisation autour de la mer », Journée d’étude : Communiquer autour de la mer, Université de Aix-Marseille.
Escande-Gauquié, P. (2023). « Projet FRAMER : Les français et la mer, le cas des scolaires », Journée International de l’Institut de l’océan de Paris, Sorbonne Université.
Escande-Gauquié, P. (2023). « Enjeux de l’EMI », Journée d’étude international : L’éducation aux médias et à l'information sur tous les fronts, Université de la Sorbonne.
Escande-Gauquié, P. (2022). « Le selfie et l’insoutenable légèreté de l’être », Journée étude Circulation des émotions et des affects dans les réseaux sociaux et les espaces numériques, Université de Dijon.
Escande-Gauquié, P. (2021). « Introduction de la journée : la mode dans tous ses états ». Mode : Éthique, étiquette, étiquetage, Sorbonne Université.
Escande-Gauquié, P. (2021). « Le nom comme l’affirmation d’une auctorialité chez deux écrivaines françaises : George Sand et Colette », Au carrefour des sens – 5éme édition, Université de Lviv.
Escande-Gauquié, P. (2020). « Apoline ou la paratopie d’une chercheuse en SIC ». Pandemix, Université Paris 3.
Escande-Gauquié, P. (2019). « Jeux et enjeux littéraires chez des femmes écrivaines françaises ». Au carrefour des sens – 4éme édition de Wroclaw, Institut d’études Romanes.
Escande-Gauquié, P. (2018). « La proximité du chercheur à son terrain, vers une participation observante : enquête auprès des professionnels du cinéma français », Journée d’étude Cultures de l’enquête, Celsa Paris-Sorbonne.
Escande-Gauquié, P. (2018). « GAFAM et neutralité du net », Congrès du CLEMI Éducation aux médias, au Lab de l’éducation nationale.
Escande-Gauquié, P. (2018). « Des vies vécues, retours d’enquête dans le milieu du cinéma français », Colloque international IRCAV, Cinéma audiovisuel, nouveaux médias (22-23 novembre), Maison de la recherche Sorbonne Nouvelle.
Escande-Gauquié, P. (2018). « Les professionnels du cinéma français face la transformation numérique. Le cas Netflix ». Colloque international : La contagion créative. Médias, industries, récits, communautés, Université Panteion, Athènes.
Escande-Gauquié, P. (2018). « From the little story to the big History : snapchat», AMIR retreat 2018, Université de Thessalonique.
Escande-Gauquié, P. (2014), « La photographie mobile, un art « vernaculaire » en processus d’artification ». Colloque international Art et Mobiles, Université Paris 3, INHA.
Escande-Gauquié, P. & Mouratidou E. (2013). « De la BD au film, histoires médiagéniques de deux adaptations » La bande dessinée et les adaptations de la page à l’écran, Centre Interlangues Texte, Image, Langage de l’Université de Bourgogne.
2.4. Communications orales sans actes dans des séminaires de recherche
Escande-Gauquié, P. (2023). « Médiations muséales autour de la mer », Séminaire Médiamorphoses, GRIPIC, Celsa, IMSIC, Université de Aix-Marseille.
Escande-Gauquié, P. (2021). « Les maisons d'écrivaines comme dispositif d'écriture de l’intime », Séminaire du GRIPIC, Sorbonne Université, Celsa.
Escande-Gauquié, P. (2021). « De l’intertexte à la médiamorphose, retour sur des concepts ». Séminaire Médiamorphoses, Sorbonne Université, Celsa.
Escande-Gauquié, P. (2020), « Enquêter en proximité : de l’observation participante à la participation observante », Séminaire doctoral du GRIPIC, Sorbonne Université, Celsa.
Escande-Gauquié, P. (2020). « Le geste performatif sur les réseaux sociaux : de la pratique sémio-technique à la stratégie de communication », Séminaire Humanités Numériques, Université Paris 1, École des Arts de la Sorbonne. `
Escande-Gauquié, P. (2019). « Fernando Pessoa et le livre de l’intranquilité : quelles leçons en tirer dans la réflexivité du chercheur sur son travail de recherche », Séminaire Cultures de l’enquête, Sorbonne Université, Celsa.
Escande-Gauquié, P. (2017). « Sociologie de la culture : Jean Davallon », Séminaire Cultures et savoirs, Sorbonne Université, Celsa.
Escande-Gauquié, P. (2011), « Le cinéma français contemporain, retour d’enquête et état des lieux », Séminaire Cinéma, audiovisuel et innovation, intitulée Paris INHA.
Escande-Gauquié, P. (2010), « Genette et le cinéma », Séminiare Médias et sociétés, Université Paris 3.
Escande-Gauquié, P. (2009) « Parcours intersémiotiques » Groupe Critique génétique des arts visuels, ENS Paris.";;;"Escande-Gauquié, P. & Naivin, B. (2019). Comprendre la culture numérique, Paris, Editions Dunod.
Escande-Gauquié, P. & Jeanne-Perrier, V. (2021). Médiatisations de mode, Paris, Academia, L’Harmattan, coll. Extensions sémiotiques.";"Escande-Gauquié, P. & Pauline, Brouard, P. (2023). « L’enquête par le proche dans les SIC », Communication et langages, n°206.
Escande-Gauquié, P. & Jeanne-Perrier, V. (2017). « Le partage photographique : le régime performatif de la photo », Communication et langages, n°194.
Escande-Gauquié, P. & Souchier, E. (2011). « Matières et supports, la bande dessinée dans tous ses états », Communication et langages, n°167.";;;;Mes recherches questionnent les enjeux des acteurs professionnels au sein des organisations culturelles et de manière plus ouverte au sein des médias. Depuis ma délégation au CLEMI elle se sont orientées vers l’éducation aux médias et à l’information (EMI). Elles sont ancrées dans une démarche pluridisciplinaire : la méthode sémiologique articulée à l’enquête qualitative.;;;;"Escande-Gauquié, P. (2023). « Semio-discursive perspectives : productions focusing on climate », Climate, Media and Public, IAMCR.
Escande-Gauquié, P. (2018). « Social media, branding and selfbranding ». 6th International Conférence on business, economics, marketing and management research, Université de Sousse, Tunisie.
Escande-Gauquié, P. (2015). « Traits, fragments, figures chez Roland Barthes », Colloque international de Wroclaw, Institut d’études Romanes.
Escande-Gauquié, P. (2014). « Le cinéma français crève l’écran », Centre for Cultural Policy Research, Université de Glasgow.";;;;;;"Escande-Gauquié, P. & Naivin, B. (2018). Les monstres 2.0, l’autre visage des réseaux sociaux, Paris, Éditions François Bourin.
Escande-Gauquié, P. (2015). Tous selfie ? Paris, Éditions François Bourin.";"Escande-Gauquié, P. (2021). Les défis numériques du cinéma français contemporain, Paris, Atlande.
Escande-Gauquié, P. (2012). Le cinéma français crève l’écran, pour en finir avec la crise du cinéma français, Paris, Atlande.";;;;;"Membre
du Projet
DE FACTO II";;"Ouvrages
Direction d’ouvrages
Escande-Gauquié, P. & Naivin, B. (2019). Comprendre la culture numérique, Paris, Editions Dunod.
Escande-Gauquié, P. & Jeanne-Perrier, V. (2021). Médiatisations de mode, Paris, Academia, L’Harmattan, coll. Extensions sémiotiques.
Ouvrages individuels scientifiques
Escande-Gauquié, P. (2021). Les défis numériques du cinéma français contemporain, Paris, Atlande.
Escande-Gauquié, P. (2012). Le cinéma français crève l’écran, pour en finir avec la crise du cinéma français, Paris, Atlande.
Ouvrages individuels de valorisation de la recherche
Escande-Gauquié, P. & Naivin, B. (2018). Les monstres 2.0, l’autre visage des réseaux sociaux, Paris, Éditions François Bourin.
Escande-Gauquié, P. (2015). Tous selfie ? Paris, Éditions François Bourin.
Directions de dossiers
Escande-Gauquié, P. & Pauline, Brouard, P. (2023). « L’enquête par le proche dans les SIC », Communication et langages, n°206.
Escande-Gauquié, P. & Jeanne-Perrier, V. (2017). « Le partage photographique : le régime performatif de la photo », Communication et langages, n°194.
Escande-Gauquié, P. & Souchier, E. (2011). « Matières et supports, la bande dessinée dans tous ses états », Communication et langages, n°167.
Chapitres d’ouvrage
Escande-Gauquié, P. (2024). Apoline ou une poétique ordinaire sur les réseaux sociaux. Extensions sémiotiques, Harmattan.
Escande-Gauquié, P. (2018). Le selfie à l’épreuve des écrans. in Selfie(s), Paris, Éditions Hermann, sous la direction de Bertrand Naivin, pp. 89-102.
Escande-Gauquié, P. & Jeanne-Perrier, V. (2018 ). Le Mook La revue dessinée. in Les Mooks, espace de renouveau du journalisme littéraire, Paris, Éditions l’Harmattan, sous la direction d’Audrey Alvès et Marieke Stein, pp. 101-120.
Escande-Gauquié, P. & Aim O. (2016). Éléments pour une écranalyse. Pratiques et réflexivité des pratiques d’écrans. in D’un écran à l’autre, les mutations du spectateur, Paris, L’Harmattan et Ina Éditions, sous la direction de Jean Châteauvet et Gilles Delavaud, pp. 111-122.
Escande-Gauquié, P. (2015). Le sens c’est par là. Manuel pédagogique Communication, Éditions Dunod, sous la direction de Olivier Aim et Stéphane Billiet, p. 110-112.
Escande-Gauquié, P. (2014). L’analyse sémiologique. Écrire un mémoire en Sciences de l’information et de la communication, Paris, Presses Sorbonne Nouvelle, sous la direction d’Aude Seurrat, pp. 83-86.
Escande-Gauquié, P. (2014). Les critiques de films du site Allociné. Sémiotique mode d’emploi, (dir.) Karine Berthelot-Guiet et Jean-Jacques Boutaud, Paris, Éditions Le bord de l’eau, pp. 101-130.
Escande-Gauquié, P. (2011). Du papier à l’écrit d’écran : l’IBooks. Le livre produit culturel, Paris, Editions Orizons, sous la direction de Gilles Pilizzi et Anne Réach-Ngô, pp. 301-3016.
Escande-Gauquié, P. & Mouratidou E. (2011). Sin city, de la bande dessinée au film. Parcours intersémiotiques, sous la direction de Anne Jaubert, Juan Lopez Munoz, Sophie Mariette, Laurence Rosier et Claire Stolz, Citations I, Citer à travers les formes. Intersémiotique de la Citation, n°2, Paris, L’Harmattan, , pp. 229-242.
Escande-Gauquié, P. (2008). Le blockbuster français : un oxymore ? Les Cultural Studies dans les mondes francophones. Précisions et imprécisions, conceptualisations. Ottawa, Éditions Lamacs, sous la direction de Boulou Ebada de B’béri, pp. 263-284.
Articles
Escande-Gauquié, P. (2025). La chronique numérique comme écriture. Le transmédia dans les industries culturelles et créatives. Approches théoriques et pratiques, Éditions Orbis Tertius.
Escande-Gauquié, P. (2024) et Feroc-Dumez, I. La Création du CLEMI Sup : la mise en œuvre d’une politique de médiation de la recherche en EMI face aux désordres informationnels. Politiques de communication, PUO.
Escande-Gauquié, P. (2024). Le podcast « Story » des Échos ou la parole donnée. Quaderni, Éditions FMSH.
Escande-Gauquié, P. (2021). Crise et cinéma, quel combat ? Théorème, Crise, quelle crise ? n°34, Éditions PSN, pp. 61-74.
Escande-Gauquié, P. (2019). Smartphone, réseaux sociaux et gestes performatifs. MEI, Harmattan, pp. 207-218.
Escande-Gauquié, P. (2018). L’art mobile comme un renouvellement de la photographie vernaculaire : nouvelles fictions ? Théorème, Enjeux artistiques et théoriques, n°29, Éditions PSN, pp. 153-164.
Escande-Gauquié, P. & Aim, 0. (2016). L’écranalyse ou la mise en réflexivité des écrans à l’ère de leur multiplication. Interfaces numériques, n°5, Éditions UL, pp. 129-147.
Escande-Gauquié, P. & Jeanne-Perrier, V. (2013). La photo mobile : les conditions d’émergence d’avant-gardes esthétiques au sein d’écosystèmes communicationnels réinventés. Interfaces numériques n°2, Éditions UL, pp. 313-336.
Escande-Gauquié, P. & Souchier E. (2011). Matières et supports, la bande dessinée dans tous ses états. Communication et langages, Bande dessinée : le pari de la matérialité, n°167, pp. 17-30.
Escande-Gauquié, P. (2009). La crise, les mots pour le dire. Communication et langages, Écrire la crise, n°162, pp. 67-74.
Escande-Gauquié, P. (2009). La BD un média capable de transformation : semblants de l’adaptation animée d’une bande dessinée ». Hermès, n°53, CNRS Éditions, pp. 53-62.
Escande-Gauquié, P. (2007). Cinéma d’auteur ou cinéma grand public : une contradiction française ? Communication et langages, n°153, pp. 19-30.
Communications et interventions
Invitations dans en tant que conférencière plénière dans des universités étrangères
Escande-Gauquié, P. (2023). « Semio-discursive perspectives : productions focusing on climate », Climate, Media and Public, IAMCR.
Escande-Gauquié, P. (2018). « Social media, branding and selfbranding ». 6th International Conférence on business, economics, marketing and management research, Université de Sousse, Tunisie.
Escande-Gauquié, P. (2015). « Traits, fragments, figures chez Roland Barthes », Colloque international de Wroclaw, Institut d’études Romanes.
Escande-Gauquié, P. (2014). « Le cinéma français crève l’écran », Centre for Cultural Policy Research, Université de Glasgow.
Communications avec Actes dans un congrès international ou national
Escande-Gauquié, P. & Allard L. & Candel E. & Gomez-Mejia G. (2024). La recherche sur le numérique par la création , XXIème Congrès SFSIC : La numérisation des sociétés, Université de Bordeaux.
Escande-Gauquié, P. (2023). Comment les SIC ont nourri un point de vue sémiologique en recherche et création ?, Colloque international, De quoi sémio est-il le nom ? Université de Liège.
Escande-Gauquié, P. (2022). La chronique numérique comme recherche création : le cas de l’avatar Apoline , Colloque international Sémiotique de terrain, Université Paris 8.
Escande-Gauquié, P. (2021). La chronique numérique, objet de fiction hybride, XXème Congrès SFSIC : Sociétés et espaces en mouvements., Université de Grenoble.
Escande-Gauquié, P. & Aim, O. (2014). Éléments pour une écranalyse : pratiques et réflexivité des pratiques d’écrans, Colloque international D’un écran à l’autre : les mutations du spectateur, Université du Québec.
Escande-Gauquié, P. (2011). La neutralisation de rhétorique chez Barthes, Congrès de l’AISV-IASV - l’Association Internationale de sémiotique visuelle : Rhétorique du visible. Stratégies de l’image entre signification et communication, Université de Venise.
Escande-Gauquié, P. & Aim, O. (2011). Du fragment aux figures, Congrès de l’AFS - l’Association Française de Sémiotique, Université de Lyon.
Escande-Gauquié, P. & Mouratidou, E. (2010). Sin city, de la bande dessinée au film, IV e Colloque International du groupe Ci-dit (Circulations des discours), Université de Nice.
Escande-Gauquié, P. (2008). Le storybord comme l’histoire dessinée et destinée d’un film, 8e Colloque IAWIS/AIERTI - l'Association Internationale pour l'Étude des Rapports entre Texte et Image :""Éfficacité/Efficacy"", EHESS.
Escande-Gauquié, P. (2008). Comment les SIC interagissent méthodologiquement avec les sciences du langage : illustration à travers la notion de trivialité, 16éme Congrès SFSIC, IUT de Compiègne.
Communications sans actes dans un congrès international ou national (28)
Escande-Gauquié, P. (2024). « Le Clemi Sup : partenariats, enjeux et perspectives », Symposium : Theory Practice Education , Université Aix/Marseille.
Escande-Gauquié P. (2024). « Enquêter par le proche ou en proximité », Cultures de l’enquête, approches qualitatives, Museum National d’Histoire Naturelle.
Escande-Gauquié, P. (2023). « Panorama des travaux en recherche et création », Journée d’étude : Recherche et création en SIC, INHA.
Escande-Gauquié, P. (2023). « Apoline ou comment nous avons l’art pour ne pas mourir de la vérité », Journée d’étude : Recherche et création, INHA.
Escande-Gauquié, P. (2023). « Introduction de la journée », Journée d’étude : Défense et illustration de la rechercher et création, Maison de la recherche, Sorbonne Université.
Escande-Gauquié, P. (2023), « Apoline et la chronique numérique », Journée d’étude : Transmédia et industries culturelles et créatives, Université Paris Cité.
Escande-Gauquié, P. (2023). « Enjeux de médiation et de médiatisation autour de la mer », Journée d’étude : Communiquer autour de la mer, Université de Aix-Marseille.
Escande-Gauquié, P. (2023). « Projet FRAMER : Les français et la mer, le cas des scolaires », Journée International de l’Institut de l’océan de Paris, Sorbonne Université.
Escande-Gauquié, P. (2023). « Enjeux de l’EMI », Journée d’étude international : L’éducation aux médias et à l'information sur tous les fronts, Université de la Sorbonne.
Escande-Gauquié, P. (2022). « Le selfie et l’insoutenable légèreté de l’être », Journée étude Circulation des émotions et des affects dans les réseaux sociaux et les espaces numériques, Université de Dijon.
Escande-Gauquié, P. (2021). « Introduction de la journée : la mode dans tous ses états ». Mode : Éthique, étiquette, étiquetage, Sorbonne Université.
Escande-Gauquié, P. (2021). « Le nom comme l’affirmation d’une auctorialité chez deux écrivaines françaises : George Sand et Colette », Au carrefour des sens – 5éme édition, Université de Lviv.
Escande-Gauquié, P. (2020). « Apoline ou la paratopie d’une chercheuse en SIC ». Pandemix, Université Paris 3.
Escande-Gauquié, P. (2019). « Jeux et enjeux littéraires chez des femmes écrivaines françaises ». Au carrefour des sens – 4éme édition de Wroclaw, Institut d’études Romanes.
Escande-Gauquié, P. (2018). « La proximité du chercheur à son terrain, vers une participation observante : enquête auprès des professionnels du cinéma français », Journée d’étude Cultures de l’enquête, Celsa Paris-Sorbonne.
Escande-Gauquié, P. (2018). « GAFAM et neutralité du net », Congrès du CLEMI Éducation aux médias, au Lab de l’éducation nationale.
Escande-Gauquié, P. (2018). « Des vies vécues, retours d’enquête dans le milieu du cinéma français », Colloque international IRCAV, Cinéma audiovisuel, nouveaux médias (22-23 novembre), Maison de la recherche Sorbonne Nouvelle.
Escande-Gauquié, P. (2018). « Les professionnels du cinéma français face la transformation numérique. Le cas Netflix ». Colloque international : La contagion créative. Médias, industries, récits, communautés, Université Panteion, Athènes.
Escande-Gauquié, P. (2018). « From the little story to the big History : snapchat», AMIR retreat 2018, Université de Thessalonique.
Escande-Gauquié, P. (2014), « La photographie mobile, un art « vernaculaire » en processus d’artification ». Colloque international Art et Mobiles, Université Paris 3, INHA.
Escande-Gauquié, P. & Mouratidou E. (2013). « De la BD au film, histoires médiagéniques de deux adaptations » La bande dessinée et les adaptations de la page à l’écran, Centre Interlangues Texte, Image, Langage de l’Université de Bourgogne.
2.4. Communications orales sans actes dans des séminaires de recherche
Escande-Gauquié, P. (2023). « Médiations muséales autour de la mer », Séminaire Médiamorphoses, GRIPIC, Celsa, IMSIC, Université de Aix-Marseille.
Escande-Gauquié, P. (2021). « Les maisons d'écrivaines comme dispositif d'écriture de l’intime », Séminaire du GRIPIC, Sorbonne Université, Celsa.
Escande-Gauquié, P. (2021). « De l’intertexte à la médiamorphose, retour sur des concepts ». Séminaire Médiamorphoses, Sorbonne Université, Celsa.
Escande-Gauquié, P. (2020), « Enquêter en proximité : de l’observation participante à la participation observante », Séminaire doctoral du GRIPIC, Sorbonne Université, Celsa.
Escande-Gauquié, P. (2020). « Le geste performatif sur les réseaux sociaux : de la pratique sémio-technique à la stratégie de communication », Séminaire Humanités Numériques, Université Paris 1, École des Arts de la Sorbonne. `
Escande-Gauquié, P. (2019). « Fernando Pessoa et le livre de l’intranquilité : quelles leçons en tirer dans la réflexivité du chercheur sur son travail de recherche », Séminaire Cultures de l’enquête, Sorbonne Université, Celsa.
Escande-Gauquié, P. (2017). « Sociologie de la culture : Jean Davallon », Séminaire Cultures et savoirs, Sorbonne Université, Celsa.
Escande-Gauquié, P. (2011), « Le cinéma français contemporain, retour d’enquête et état des lieux », Séminaire Cinéma, audiovisuel et innovation, intitulée Paris INHA.
Escande-Gauquié, P. (2010), « Genette et le cinéma », Séminiare Médias et sociétés, Université Paris 3.
Escande-Gauquié, P. (2009) « Parcours intersémiotiques » Groupe Critique génétique des arts visuels, ENS Paris.";;;;"Les mutations des industries culturelles et médiatiques en contexte numérique
L’éducation aux médias et à l’information
Les identité(s) numérique(s) et pratiques des utilisateurs sur les dispositifs numériques
La recherche et création en terrain numérique";;;;
mfabre;Maxime Fabre;Maitre de conférences | Membre associé;maxime_fabre.webp;* **Email:** [m.fabre@ucolaval.net](mailto:m.fabre@ucolaval.net);;;;;;;"15 conférences, congrès et interventions
« Régimes de croyance médiatique ». Séminaire 2021-2022 – Médiamorphoses, Axe 4 GRIPIC : Formes et écritures médiatiques, Pauline Escande-Gauquié et Valé-rie Jeanne-Perrier, intervention le 16 février 2022.
« Poétique de la saisie : les banalités numériques ». Autour du contemporain, journée d’études de l’axe IDEM à l’ISIC, 4 juin 2021. URL : https://mica.u-bordeaux-montaigne.fr/wp-content/uploads/2021/05/Programme-web-25-mai.pdf.
« L’Urdoxa : la sémiotique au défi de l’évidence. La représentation du visage en Occident ». SEMDI, journée d’études, Comment les images nous mentent, la sé-miotique au défi du Deep Fake, Université Bordeaux Montaigne, 27 mais 2021. URL : https://mica.u-bordeaux-montaigne.fr/events/comment-les-images-nous-mentent-la-semiotique-au-defi-du-deep-fake/.
« Des usages journalistiques de la photographie mobile. Archéologie du photo-journalisme aux prises avec les réseaux socionumériques ». Séminaire de l'axe Médias, sociétés et cultures, Laboratoire MICA EA 4426, 2 mars 2021.
« “Manger les images”, pour une approche politique de la banalité sur les réseaux socionumériques ». Séminaire de l'axe IDEM, Laboratoire MICA EA 4426, 22 fé-vrier 2021. URL : https://mica.u-bordeaux-montaigne.fr/events/seminaire-de-laxe-idem-0121/.
18
« Traces du passage : le “phénomène migratoire” au prisme de la photographie de presse ». Colloque international Migrations : traces, inscriptions et textualités, Bordeaux Montaigne, 14 février 2020. URL : https://emila.hypotheses.org/1128.
« Sémiotique et photographie : le régime de l’emprise. Le cas de l’image de presse ». Atelier de Sémiotique organisé par Anne Beyaert-Geslin, laboratoire MICA EA 4426 Maison de la Recherche, Bordeaux Montaigne, 17 janvier 2020. URL : https://mica.u-bordeaux-montaigne.fr/events/at-semio-vis-ecri-1/.
« Prétentions humanistes et représentations des Autres dans le photojournalisme ». Atelier Décrypt'images au Musée de l'Homme, 4 octobre 2017. URL : http://nousetlesautres.museedelhomme.fr/fr/node/3829.
« Passeurs de sens : étude sémiotique sur le visage médiatisé des Détective (1936) au visage représenté du Nouveau Détective (2014) ». Journée d'études Détective, fabrique de crimes ? à la BiLiPo, 14 janvier 2017. URL : https://bibliotheques-specialisees.paris.fr/in/actualites/agenda-culturel/null!2279c23a-28aa-40ad-a432-521577477ed5.
« La photographie de presse au ban des dispositifs d'exposition numérique ». Journée d'études Paris Match - Le partage photographique au CELSA, 12 octobre 2016. URL : https://calenda.org/379032?file=1.
« Le rôle journalistique des applications de photographie pour téléphones mo-biles : le corps du photojournaliste entre mobilité et exposition ». Colloque In-ternational du GIS - Le journalisme et ses outils au CELSA, 9 octobre 2015. URL : https://www.sfsic.org/index.php/sfsic-infos-151/appels-%C3%A0-comm./2775-colloque-du-gis-journalisme-7-8-9-octobre-celsa.
« Pour une sémiosis du devenir photographique : de l'ordre chimique à l'ordre numérique ». XIe Congrès International de Sémiotique Visuelle (AISV) à l'Ulg - Ce que les images font au savoir et inversement, 11 septembre 2015. URL : https://aisviavs.wordpress.com/2014/12/05/aisv-2015-xie-congres-de-lassociation-internationale-de-semiotique-visuelle/.
« L'horizon d'attente de la photographie de presse, quand le photojournalisme devient art, le cas #Dysturb ». Colloque International - Les devenirs artistiques de l'information à l'IFP, 10 juin 2015. URL : https://carismblog.files.wordpress.com/2016/03/devenirs-artistisques-information-brochure-bat.pdf.
« Pour une érotétique de la présence ». Ateliers de Poésie de Sorbonne Universi-té, Présences, Alexis Rosier, 13 décembre 2014.
Collaboration à des projets de recherche
TRANSNUM (Sorbonne Université), penser les transformations du/par le numé-rique, définition sur la « photographie numérique/numérisée » (URL :
https://transnum.pre.utc.fr/lexique/
).
EMILA (Université Bordeaux Montaigne), représentations médiatiques des migra-tions, possibilité d'élargir ces recherches à l'Afrique francophone et anglophone, et à d’autres espaces internationaux, européens et extra-européens, soutien de la coor-dinatrice du projet, Mme Isabelle Tauzin (Université Bordeaux Montaigne, études latino-américaines), postdoctorant (URL :
https://emila.hypotheses.org
).
Numapresse (International), mutations culturelles, transferts génériques, poétiques médiatiques de la presse, conférence au congrès Médias 19 (8-11 juin 2021).
CESERH (Université de Liège), sémiotique, médias et intermédialité, (
https://ceserh.hypotheses.org/membres#fabre
).
Produits destinés au grand public
« Têtes de tueurs, par Maxime Fabre », numéro « Faits divers & Polars », entretien pour la revue culturelle L’actualité Nouvelle-Aquitaine, août 2021 (URL :
https://actualite.nouvelle-aquitaine.science/publication/n-132-ete-2021-special-faits-divers/
).
« Détective : le journal qui maquille les crimes ». Entretien pour Libération, 11 août 2020, en ligne et version papier (URL :
https://www.liberation.fr/debats/2020/08/11/detective-le-journal-qui-maquille-les-crimes_1796591/
).
« Les algorithmes dans ta face ! ». Alternatives Économiques, 2020, (URL :
https://www.alternatives-economiques.fr/algorithmes-face/00092147
).
« Le photojournalisme et la représentation des “Autres” ». The Conversation, 1 novembre 2017, (URL :
https://theconversation.com/podcast-le-photojournalisme-et-la-representation-des-autres-86504
).
« L’image de presse sur les réseaux sociaux ». France Culture, 8 février 2017 (URL :
https://www.franceculture.fr/conferences/universite-paris-sorbonne/limage-de-presse-sur-les-reseaux-sociaux
).
Expositions
Far-Ouest : en quête du signe noir », Autour du contemporain, journée d’études de l’axe IDEM à l’ISIC, 4 juin 2021 (URL : https://mica.u-bordeaux-montaigne.fr/wp-content/uploads/2021/05/Programme-web-25-mai.pdf).
Résumé : Capturée à la fois à l’argentique et au numérique, la série photographique Far-Ouest, en quête du Signe Noir vise à faire exister les dualités dans ce qu’elles ont d’heuristiques, entre questionnement sur l’image et sémiotique corporelle. La série rassemble des préoccupations, formes de biographèmes, entre voyages, cultures, théories et expériences autobiographiques (rassemblés autour d’un espace com-mun, le Grand Ouest). Elle espère aussi achever un cycle, celui de l’adulescence à celui de l’âge adulte : faire-face au faire-signe de l’absence [extraits, URL :
https://blogdigression.wordpress.com/2022/01/02/en-quete-du-signe-noir/
].
« Vestiges/Vestigii » à Târgu Mureș en Transylvanie, Roumanie (URL :
https://i16.servimg.com/u/f16/18/90/90/35/vestig10.jpg
).
Ressources audio ou vidéo
https://www.podcastics.com/podcast/episode/de-la-prepa-a-la-these-le-parcours-de-maxime-fabre-130283/
https://youtu.be/ZKCFUC_rVXk
https://youtu.be/ovd6AQ1-5_k
https://theconversation.com/podcast-le-photojournalisme-et-la-representation-des-autres-86504";;;;;;;;;;;;;;"Maxime Fabre est Docteur en Sciences de l’information et de la communication et Maître de conférences dans cette même discipline. Diplômé du Celsa (Sorbonne Université) et de l’Université de Liège, il poursuit des recherches dans le domaine du journalisme, du numérique et de la sémiotique visuelle. Il est actuellement Mcf à l’UCO Laval et membre du Centre de Sémiotique et de Rhétorique de l’Université de Liège. Il travaille sur la dimension pragmatique et épistémologique de ces objets. Il a publié plusieurs articles dans des revues internationales (Communication & langages, Signata), a soutenu une thèse intitulée « L’image exposée, la représentation des photographies de l’Agence France-Presse sur les réseaux sociaux » sous la direction d’Adeline Wrona et de Sémir Badir, et publié un ouvrage, ""Photographie de presse. Régimes de croyance"" en 2020, nommé aux prix de recherche des Assises internationales de journalisme en 2021. Ses activités d’enseignement à l'UCO Laval portent sur le journalisme, les médias, la communication des organisations, la photographie de presse et la sémiotique générale. Il accompagne plusieurs projets de recherche : sur le journalisme : Numapresse (international) ; le numérique : TRANSNUM (Sorbonne Université), et la représentation médiatique des migrations : EMILA (Université Bordeaux Montaigne). En 2013 il a obtenu le prix d’Excellence à l’international décerné par les Conseillers du Commerce Extérieur de Paris après un diplôme universitaire effectué en Roumanie. Passionné de photographie, il a exposé une série d’images sur le thème des « Vestiges » à Târgu Mureș en Transylvanie.";;;;"Maxime Fabre
La présente publication interroge le statut de la photographie de presse numérique à travers l’analyse des comptes Instagram de l’Agence France-Presse et de Paris Match. En proposant une application communicationnelle du terme « banal », l’auteur suggère de comprendre la photographie de presse…
Communication & langages, 2017. ⟨hal-02432658⟩";;"Maxime Fabre
Guillaume Beringer. Projections. Essais sur la photographie, Anesthetize Éditions, 2020. ⟨hal-03121598⟩";;;;;"Maxime Fabre
La présente publication se propose d’interroger la représentation du visage criminel à travers une étude comparative de deux magazines de faits divers criminels, Détective (1936) et Nouveau Détective (2014). En présentant une application sémiotique du concept de « visage », l’auteur distingue deux…
Criminocorpus, revue hypermédia. Histoire de la justice, des crimes et des peines, 2018. ⟨hal-02438494⟩";"Maxime Fabre
En revenant sur les promesses originelles de l'objet photographie de presse, Maxime Fabre examine à nouveaux frais l'ensemble des croyances qui se portent sur la photographie. Des croyances façonnées par la technique, consolidées au cours du temps par les discours théoriques et…
Academia/L'Harmattan, 204 p., 2020, 978-2-8061-0533-2. ⟨hal-03120556⟩";;;;Toutes les publications sur HAL;;;;;"Image
Médias
Journalisme
Numérique
Sémiotique/sémiologie
Publications
Toutes les publications sur HAL
Article dans une revue
La photographie de presse au ban des dispositifs d’exposition numérique. Paris Match et l’AFP sur Instagram
Maxime Fabre
La présente publication interroge le statut de la photographie de presse numérique à travers l’analyse des comptes Instagram de l’Agence France-Presse et de Paris Match. En proposant une application communicationnelle du terme « banal », l’auteur suggère de comprendre la photographie de presse…
Communication & langages, 2017. ⟨hal-02432658⟩
Article dans une revue
Passeur de sens. Étude sémiotique sur la représentation du visage criminel dans Détective (1936) et Nouveau Détective (2014)
Maxime Fabre
La présente publication se propose d’interroger la représentation du visage criminel à travers une étude comparative de deux magazines de faits divers criminels, Détective (1936) et Nouveau Détective (2014). En présentant une application sémiotique du concept de « visage », l’auteur distingue deux…
Criminocorpus, revue hypermédia. Histoire de la justice, des crimes et des peines, 2018. ⟨hal-02438494⟩
Ouvrages
Photographie de presse. Régimes de croyance
Maxime Fabre
En revenant sur les promesses originelles de l'objet photographie de presse, Maxime Fabre examine à nouveaux frais l'ensemble des croyances qui se portent sur la photographie. Des croyances façonnées par la technique, consolidées au cours du temps par les discours théoriques et…
Academia/L'Harmattan, 204 p., 2020, 978-2-8061-0533-2. ⟨hal-03120556⟩
Chapitre d'ouvrage
L’indice et la photographie, un exercice de croyance
Maxime Fabre
Guillaume Beringer. Projections. Essais sur la photographie, Anesthetize Éditions, 2020. ⟨hal-03121598⟩
Toutes les publications sur HAL";;;;
efantin;Emmanuelle Fantin;Maitresse de conférences | Membre permanent en enseignement et recherche;emmanuelle_fantin.webp;"* **Email:** [emmanuelle.fantin@sorbonne-universite.fr](mailto:emmanuelle.fantin@sorbonne-universite.fr)
* **Profils:** [LinkedIn](https://www.linkedin.com/in/emmanuelle-fantin-216b4017/) | [HAL](https://hal.science/search/index/?q=%2A&rows=30&authIdPerson_i=1148562&sort=publicationDate_tdate+desc)
* **CV:** [Télécharger le CV](https://kit-117.sorbonne-universite.fr/sites/default/files/media/2025-04/cv_fantin_emmanuelle_janvier_2025.pdf)";"Performances – activités de recherche création
« Le réel n’a jamais intéressé personne » : performance interactive autour du Livre dont Jean Baudrillard est le héros, avec Camille Zéhenne, réalisée depuis 2023 au sein d’institutions culturelles et universitaires françaises et étrangères comme la Casa de Velazquez, la Gaité lyrique, le CNAM, Columbia Global Center, Le Doc !, Galerie Les Limbes, et des librairies comme La petite Égypte, Tschann, Librairie des savoirs, etc..
Organisation d’événements scientifiques
2021 : Colloque « Enfance et histoire : cultures et pratiques enfantines du passé », Sorbonne Université, organisé avec Julien Tassel, 8 et 9 avril.
2021 : Séminaire « Des villes, des hommes, des animaux », Sorbonne Université, en ligne, avec Sophie Corbillé et Hécate Vergopoulos, de janvier à juin 2021.
2018 : International Symposium « Communicative forms and practices of nostalgia: conceptual, critical and historical perspectives», Södertörn University of Stockholm, avec Ekaterina Kalinina, Katharina Niemeyer et Manuel Menke, 8-9 novembre.
2018 : « Paris, capital(e) médiatique, XIXème-XXIème siècle. Lieux, modèles et figures des médias, de Girardin aux start-up » Colloque de clôture du projet de recherche GIRANIUM, Sorbonne Université, 28-29 juin.
2018 : Colloque international « Nostalgies, mémoires et cultures médiatiques : entre esthétique, marchandisation et politisation », 86ème Congrès de l’ACFAS, Chicoutimi, Québec, avec Sébastien Févry et Katharina Niemeyer, 10-11 mai.
Activités éditoriales
Depuis 2019 : Co-responsable de la rubrique « Territoires d’études » de la revue Le Temps des Médias (avec Marion Brétéché).
Depuis 2018 : Membre du Comité de rédaction des revues Le Temps des Médias et Time & Society.
Depuis 2016 : Nombreuses évaluation d’articles pour les revues : Cahiers de narratologie, Questions de Communication, Recherches en Communication, Journal of European Television History and Culture, Le Temps des Médias, Communiquer. Revue de communication sociale et publique.
Création et animation d’espaces d’échanges scientifiques
Co-fondatrice
de l’International Media and Nostalgia Network (IMNN) en 2015
Co-fondatrice
d’ADAGE en 2014 (Association des Doctorants du GRIPIC)
Membre
de la Memory Studies Association (MSA)
Membre
de la Société pour l’Histoire des Médias (SPHM)
Projets de recherche
2016-2020 : membre du projet GIRANIUM (« Girardin numérisé, ou la naissance des industries culturelles ») piloté par Adeline Wrona. Programme Emergences 2016 de Sorbonne-Université
2018 : Dépôt du projet « PARIS-FAUNE. Voir, montrer et connaître les animaux pour faire monde commun à Paris », AAP Ville de Paris, Projet de recherche Emergences, avec S. Corbillé et H. Vergopoulos (non sélectionné).
2018 : Dépôt du Projet « PAW – Paris Animal Walks », AAP de Sorbonne Université/Emergence, avec S. Corbillé et H. Vergopoulos (non sélectionné).";;;"2025 (à paraître),
« Perdre la neige. Collecter, archiver et exposer les pratiques et émotions nivales à l'heure du changement climatique. », avec Sophie Corbillé.
2023, « Nostalgies et remédiations du passé en politique, ou le danger des abus de la mémoire »,
Questions de communications
, n°44, p. 263-282. Avec Katharina Niemeyer et Corine Dufresne-Delières.
2023, « Les spectacles animaliers dans le Paris du XIX
e
siècle : une approche par l’affiche illustrée »,
Le Temps des Médias,
« L’animal médiatique », n°40, p. 88-106. Avec Sophie Corbillé.
2020, « Les animaux dans les expositions universelles au XIX
e
siècle : monstration, ordonnancement et requalification du vivant. Paris et Londres, 1851-1889 »,
Culture & Musées
, n°35, p. 211-241. Avec Sophie Corbillé.
2019, « Les circonvolutions d’une réclame : George Sand,
La Presse
et la faïence. Une enquête au cœur des commerces médiatiques, littéraires et industriels en 1855 »,
Sociétés et représentations
, n°48, 2, p. 171-192. Avec Sophie Corbillé.
2018, «
Technostalgie, kitsch et faux-vintage : trois méta-discours sur l’histoire de la publicité »,
Etudes de communication
, n°51, pp. 37-51
2018
,
« La publicité nostalgique d’elle-même. Du discours à l’objet de la consommation »,
Recherches en Communication
, n°46, pp. 117-130
2018, « A la recherche des médias disparus : le fantasme de l’analogique »,
Effeuillage
, n°7, p 73-76, ou en ligne
https://fr.calameo.com/read/0019063370724145b2996
2017, « Imaginaire nostalgique et publicité. Le cas du petit village d’antan »,
Literatūra
,
n°59, pp.97-106
2015, « Les Trente Glorieuses dans la publicité française: entre témoignage mémoriel et fantasme nostalgique »,
Modern and
Contemporary
France
, Vol. 23, 2, 2015, pp. 147-161.";;;;;"2025 (
à
paraître
) « Nostalgia in portraits of migrants of the French National Museum of History of immigrations: between imagination and pacification », dans Darbaz Semanur et Fuggle Sophie (eds.),
Exhibiting Migration: Centering Migrant Experiences, Voices, and Perspectives within the Museum
, Liverpool University Press
2024, « Les divertissements animaliers dans le Paris du XIX
e
siècle ou l’idéologie faite spectacle. Le dompteur Delmonico et ses fauves », dans Bourdin Philippe et Triolaire Cyril,
Les spectacles de curiosités en Europe. De la Révolution française à la fin du
XIXè
siècle
, Presses Universitaires Blaise Pascal, p. 342-345, Avec Sophie Corbillé
2023, « La libellule » dans Corbara Bruno, Daniel Yvan et Montandon Alain (dir.),
Dictionnaire culturel et littéraire de l’insecte
, Presses Universitaires Blaise Pascal, p. 401-415
2022, « Des scarabées gravés du XIX
e
siècle. De l’esthétique de la science à l’affiche joliment surannée » dans Montandon Alain (dir.),
L’insecte dans tous ses états
, Presses Universitaires Blaise Pascal, p.138-143.
2022, « Paris et les médias, une histoire entremêlée », dans Corbillé Sophie, Fantin Emmanuelle et Wrona  Adeline, (dir.),
Paris, capitale médiatique. Ville et presse au XIX
e
siècle
, Vincennes, Presses universitaires de Vincennes, coll. Médias, p. 7-26. Avec Sophie Corbillé et Adeline Wrona.
2022, « L’Exposition universelle, le journal et la ville. Exhiber, raconter et glorifier la fièvre marchande parisienne », dans Corbillé Sophie, Fantin Emmanuelle et Wrona Adeline, (dir.),
Paris, capitale médiatique. Ville et presse au XIXe siècle
, Vincennes, Presses universitaires de Vincennes, coll. Médias, p.109-123. Avec Sophie Corbillé.
2021, « La marchandisation de la nostalgie. Quelques réflexions théoriques autour de l’absence, du capitalisme et de l’utopie du passé » dans Gasparini, Patrizia et Zunino, Estelle (dir.),
Nostalgie. Conceptualisation d'une émotion.
PUN - Editions Universitaires de Lorraine, p.221-235
2021, « Dire, ne pas dire, ou présupposer la nostalgie de l’immigré ? Le cas des portraits en ligne du Musée National de l’Histoire de l’Immigration » dans Fantin, Emmanuelle, Fevry, Sébastien et Niemeyer, Katharina (dir.),
Nostalgies contemporaines. Média, culture et technologie
, Presses Universitaires du Septentrion, collection Information-communication. Villeneuve d'Ascq, p.181-196
2020, « Les publics et leurs ambivalences. Salons animaliers, soins portés et affects en mouvement » avec E. Fantin, dans Le Marec J. et Maczek E. (dir.),
Musées et Recherche - Le souci du public
, OCIM Université de Bourgogne, coll. ""Les dossiers de l'OCIM"", p.179-193. Avec Sophie Corbillé.
2019, « La nostalgie de la publicité : de la pratique mémorielle à la tentation historiographique » dans Blandin Claire, Robinet, François et Schafer, Valérie (dir.), Fantin, Emmanuelle (collaboration),
Penser l’histoire des médias
, CNRS Editions : Paris, p. 139-141.";;"2024,
sur invitation,
« Mais où sont les neiges d’antan ? Solastalgies nivales dans un dispositif de sciences participatives du Musée d’Histoire Naturelle », Journée d’étude ARTEC Entre nostalgie et mélancolie : nouveaux regards, nouvelles questions ou « sauve qui peut », 14 novembre. Avec Sophie Corbillé
2024, « Histoires de nature, un dispositif éco-émotionnel. Collecter, archiver et partager en ligne des souvenirs intimes de la nature », Journée d’études « Technomémoire », CELAT, Montréal, 27 septembre. Avec Sophie Corbillé
2023,
sur invitation
, « Pourquoi regarder les animaux aux Expositions universelles? Londres et Paris, 1851-1889 », Colloque « La vache, le cheval et la lionne. Être artiste, femme et vivre avec les animaux au XIX
e
siècle », Paris, Musée d’Orsay – Musée de la chasse, 10-11 janvier. Avec Sophie Corbillé.
2022, « Les divertissements animaliers dans le Paris du XIX
e
siècle : L’idéologie fait(e) spectacle », Colloque « Spectacular Devices: Visual, Literary and Material Cultures of Wonder in the Long 19th Century », Lausanne, Suisse, Unil, section histoire de l’art, 1er décembre. Avec Sophie Corbillé
2022, « Les spectacles animaliers dans le Paris du XIX
e
siècle : une approche par l’affiche illustrée », colloque international « Les spectacles de curiosités en Europe de la Révolution française à la fin du XIXe siècle »
,
MSH Clermont-Ferrand, 29 et 30 septembre. Avec Sophie Corbillé.
2022
sur invitation,
« Stratégies du faux et nostalgie réactionnaire : la vidéo de la campagne électorale d’Éric Zemmour », Séminaire international d’Arcanes (ARts, Communication, Artifices Numériques et Écosystèmes Socio-numériques), 11 novembre. Avec Katharina Niemeyer
2021,
sur invitation
« Petite sémiotique des salons animaliers. Récits et figures de la domestication », Séminaire international de Sémiotique à Paris, 26 mai. Avec Sophie Corbillé.
2021,
sur invitation
,
« ‘Le monde est bien décevant’. L’image, les webcams animalières et la tentation de voir le monde en notre absence », conférence dans le cadre du symposium « Ecran total/ Total Screen », UQAM, 29 mars.
2019, « Les salons d’animaux de compagnie : brouillages et paradoxes dans l’éthique animale », Colloque « Les animaux en ethnographie. Quelles méthodes d'enquêtes, quelles postures éthiques ? », Muséum National d’Histoire Naturelle de Paris, 21-22 novembre. Avec Sophie Corbillé.
2019,
sur invitation
,
« Faudrait-il prendre le hasard au sérieux ? Les ventouses du destin », Colloque de Cerisy  « Jean Baudrillard, l'intelligence du temps qui vient », Centre culturel de Cerisy-la-Salle, 9-16 août.
2018, « Des mugs et des hommes. De la propagande historique à sa marchandisation contemporaine », Journée d’étude « Le kitsch menace-t-il la propagande ? », Centre Allemand d’Histoire de l’Art, 7 décembre.
2017, « Ambivalence of remembering and nostalgia in the Gallery “portraits of immigrants” of French national museum of history of immigration », Second Annual Conference of the Memory Studies Association, Copenhague, 14-16 décembre.
2017, « Esthétique et rhétorique ordinaires de la nostalgie : la commercialisation du passé », Colloque international « La nostalgie dans tous ses états », Nancy, Université de Lorraine, 30 novembre, 1er et 2 décembre.
2016, « Reframing the past : stereotypification of social memory by French advertising », 6th European Communication Conference, European Communication Research and Education Association (ECREA) – « Mediated (Dis)Continuities : contesting Pasts, Presents and Futures », Prague, 9 -12 novembre.
2016, « Good old new advertising – nostalgia and self-creation of memories », International Association for Media and Communication Research 2016 Conference (IAMCR) « Memory, Commemoration and Communication : Looking Back, Looking Forward », University of Leicester, 27-31 juillet.
2015, « Is advertising nostalgic of itself ? Self-reflexive use of the past in modern French advertising », XXVIth Conference of the International Association for Media and History (IAMHIST) «
Media and History Revisited
», Indiana University, 17-20 juin.";;;;;"Fantin Emmanuelle, Sécail Claire et Schafer Valérie
,
Dossier « L’animal médiatique », numéro 40 de la revue
Le Temps des Médias
, Nouveau Monde Editions , 2023. URL :
https://shs.cairn.info/revue-le-temps-des-medias-2023-1?lang=fr
Fantin Emmanuelle et Le Hégarat Thibault, Dossier « L’âge d’or », numéro 27 de la revue
Le Temps des Médias
, Nouveau Monde Edition, 2017. URL :
https://shs.cairn.info/revue-le-temps-des-medias-2016-2?lang=fr";;;;"Mes recherches portent sur la nostalgie et son instrumentalisation dans les sphères médiatiques, marchandes et politiques. J’interroge plus largement les circulations médiatiques et les représentations ordinaires de la mémoire et de l’histoire, dans une perspective diachronique.
Mes travaux sur les imaginaires et les représentations m’ont menée à approfondir l’étude de la solastagie contemporaine, et celle des dispositifs de spectacularisation et de commercialisation des animaux à partir du XIX
e
siècle.
Enfin, j’élabore des travaux dans le sillage de la recherche-création (ouvrage de fiction interactive envisagée comme une propédeutique à la philosophie, un autre ouvrage à venir sur les inégalités sociales).
Mes activités sont ancrées empiriquement dans une démarche sémio-culturelle.";;;;;;;;;"Fantin Emmanuelle et Nicol Bran,
Jean Baudrillard
, London, Reaktion Books, Collection Critical Lives (à paraître en 2025)
Fantin Emmanuelle et Tassel Julien (dir.),
Quand l'enfance rencontre l'histoire. Imaginaires, représentations et savoirs,
Presses Universitaires de Rouen-Le Havre, collection Littérature de jeunesse et histoire, (à paraître en 2025)
Fantin Emmanuelle et Zéhenne Camille,
Le Livre dont Jean Baudrillard est le héros
, Paris, MF Editions, 2023
Corbillé Sophie, Fantin Emmanuelle et Wrona Adeline (dir.),
Paris, capitale médiatique. Ville et presse au XIX
e
siècle
, Vincennes, Presses universitaires de Vincennes, 2022
Fantin Emmanuelle, Févry Sébastien et Niemeyer Katharina (dir.),
Nostalgies contemporaines. Média, culture et technologie
, Presses Universitaires du Septentrion, collection Information-communication, 2021
Blandin Claire, Robinet François et Schafer Valérie (dir.), Fantin Emmanuelle (collaboration),
Penser l’histoire des médias
, Paris, CNRS Editions, 2019";;;;;;;"2016-2020 : membre du projet GIRANIUM (« Girardin numérisé, ou la naissance des industries culturelles ») piloté par Adeline Wrona. Programme Emergences 2016 de Sorbonne-Université
2018 : Dépôt du projet « PARIS-FAUNE. Voir, montrer et connaître les animaux pour faire monde commun à Paris », AAP Ville de Paris, Projet de recherche Emergences, avec S. Corbillé et H. Vergopoulos (non sélectionné).
2018 : Dépôt du Projet « PAW – Paris Animal Walks », AAP de Sorbonne Université/Emergence, avec S. Corbillé et H. Vergopoulos (non sélectionné).";;"Ouvrages
Fantin Emmanuelle et Nicol Bran,
Jean Baudrillard
, London, Reaktion Books, Collection Critical Lives (à paraître en 2025)
Fantin Emmanuelle et Tassel Julien (dir.),
Quand l'enfance rencontre l'histoire. Imaginaires, représentations et savoirs,
Presses Universitaires de Rouen-Le Havre, collection Littérature de jeunesse et histoire, (à paraître en 2025)
Fantin Emmanuelle et Zéhenne Camille,
Le Livre dont Jean Baudrillard est le héros
, Paris, MF Editions, 2023
Corbillé Sophie, Fantin Emmanuelle et Wrona Adeline (dir.),
Paris, capitale médiatique. Ville et presse au XIX
e
siècle
, Vincennes, Presses universitaires de Vincennes, 2022
Fantin Emmanuelle, Févry Sébastien et Niemeyer Katharina (dir.),
Nostalgies contemporaines. Média, culture et technologie
, Presses Universitaires du Septentrion, collection Information-communication, 2021
Blandin Claire, Robinet François et Schafer Valérie (dir.), Fantin Emmanuelle (collaboration),
Penser l’histoire des médias
, Paris, CNRS Editions, 2019
Directions de dossiers
Fantin Emmanuelle, Sécail Claire et Schafer Valérie
,
Dossier « L’animal médiatique », numéro 40 de la revue
Le Temps des Médias
, Nouveau Monde Editions , 2023. URL :
https://shs.cairn.info/revue-le-temps-des-medias-2023-1?lang=fr
Fantin Emmanuelle et Le Hégarat Thibault, Dossier « L’âge d’or », numéro 27 de la revue
Le Temps des Médias
, Nouveau Monde Edition, 2017. URL :
https://shs.cairn.info/revue-le-temps-des-medias-2016-2?lang=fr
Chapitres d’ouvrage
2025 (
à
paraître
) « Nostalgia in portraits of migrants of the French National Museum of History of immigrations: between imagination and pacification », dans Darbaz Semanur et Fuggle Sophie (eds.),
Exhibiting Migration: Centering Migrant Experiences, Voices, and Perspectives within the Museum
, Liverpool University Press
2024, « Les divertissements animaliers dans le Paris du XIX
e
siècle ou l’idéologie faite spectacle. Le dompteur Delmonico et ses fauves », dans Bourdin Philippe et Triolaire Cyril,
Les spectacles de curiosités en Europe. De la Révolution française à la fin du
XIXè
siècle
, Presses Universitaires Blaise Pascal, p. 342-345, Avec Sophie Corbillé
2023, « La libellule » dans Corbara Bruno, Daniel Yvan et Montandon Alain (dir.),
Dictionnaire culturel et littéraire de l’insecte
, Presses Universitaires Blaise Pascal, p. 401-415
2022, « Des scarabées gravés du XIX
e
siècle. De l’esthétique de la science à l’affiche joliment surannée » dans Montandon Alain (dir.),
L’insecte dans tous ses états
, Presses Universitaires Blaise Pascal, p.138-143.
2022, « Paris et les médias, une histoire entremêlée », dans Corbillé Sophie, Fantin Emmanuelle et Wrona  Adeline, (dir.),
Paris, capitale médiatique. Ville et presse au XIX
e
siècle
, Vincennes, Presses universitaires de Vincennes, coll. Médias, p. 7-26. Avec Sophie Corbillé et Adeline Wrona.
2022, « L’Exposition universelle, le journal et la ville. Exhiber, raconter et glorifier la fièvre marchande parisienne », dans Corbillé Sophie, Fantin Emmanuelle et Wrona Adeline, (dir.),
Paris, capitale médiatique. Ville et presse au XIXe siècle
, Vincennes, Presses universitaires de Vincennes, coll. Médias, p.109-123. Avec Sophie Corbillé.
2021, « La marchandisation de la nostalgie. Quelques réflexions théoriques autour de l’absence, du capitalisme et de l’utopie du passé » dans Gasparini, Patrizia et Zunino, Estelle (dir.),
Nostalgie. Conceptualisation d'une émotion.
PUN - Editions Universitaires de Lorraine, p.221-235
2021, « Dire, ne pas dire, ou présupposer la nostalgie de l’immigré ? Le cas des portraits en ligne du Musée National de l’Histoire de l’Immigration » dans Fantin, Emmanuelle, Fevry, Sébastien et Niemeyer, Katharina (dir.),
Nostalgies contemporaines. Média, culture et technologie
, Presses Universitaires du Septentrion, collection Information-communication. Villeneuve d'Ascq, p.181-196
2020, « Les publics et leurs ambivalences. Salons animaliers, soins portés et affects en mouvement » avec E. Fantin, dans Le Marec J. et Maczek E. (dir.),
Musées et Recherche - Le souci du public
, OCIM Université de Bourgogne, coll. ""Les dossiers de l'OCIM"", p.179-193. Avec Sophie Corbillé.
2019, « La nostalgie de la publicité : de la pratique mémorielle à la tentation historiographique » dans Blandin Claire, Robinet, François et Schafer, Valérie (dir.), Fantin, Emmanuelle (collaboration),
Penser l’histoire des médias
, CNRS Editions : Paris, p. 139-141.
Articles
2025 (à paraître),
« Perdre la neige. Collecter, archiver et exposer les pratiques et émotions nivales à l'heure du changement climatique. », avec Sophie Corbillé.
2023, « Nostalgies et remédiations du passé en politique, ou le danger des abus de la mémoire »,
Questions de communications
, n°44, p. 263-282. Avec Katharina Niemeyer et Corine Dufresne-Delières.
2023, « Les spectacles animaliers dans le Paris du XIX
e
siècle : une approche par l’affiche illustrée »,
Le Temps des Médias,
« L’animal médiatique », n°40, p. 88-106. Avec Sophie Corbillé.
2020, « Les animaux dans les expositions universelles au XIX
e
siècle : monstration, ordonnancement et requalification du vivant. Paris et Londres, 1851-1889 »,
Culture & Musées
, n°35, p. 211-241. Avec Sophie Corbillé.
2019, « Les circonvolutions d’une réclame : George Sand,
La Presse
et la faïence. Une enquête au cœur des commerces médiatiques, littéraires et industriels en 1855 »,
Sociétés et représentations
, n°48, 2, p. 171-192. Avec Sophie Corbillé.
2018, «
Technostalgie, kitsch et faux-vintage : trois méta-discours sur l’histoire de la publicité »,
Etudes de communication
, n°51, pp. 37-51
2018
,
« La publicité nostalgique d’elle-même. Du discours à l’objet de la consommation »,
Recherches en Communication
, n°46, pp. 117-130
2018, « A la recherche des médias disparus : le fantasme de l’analogique »,
Effeuillage
, n°7, p 73-76, ou en ligne
https://fr.calameo.com/read/0019063370724145b2996
2017, « Imaginaire nostalgique et publicité. Le cas du petit village d’antan »,
Literatūra
,
n°59, pp.97-106
2015, « Les Trente Glorieuses dans la publicité française: entre témoignage mémoriel et fantasme nostalgique »,
Modern and
Contemporary
France
, Vol. 23, 2, 2015, pp. 147-161.
Communications et interventions
2024,
sur invitation,
« Mais où sont les neiges d’antan ? Solastalgies nivales dans un dispositif de sciences participatives du Musée d’Histoire Naturelle », Journée d’étude ARTEC Entre nostalgie et mélancolie : nouveaux regards, nouvelles questions ou « sauve qui peut », 14 novembre. Avec Sophie Corbillé
2024, « Histoires de nature, un dispositif éco-émotionnel. Collecter, archiver et partager en ligne des souvenirs intimes de la nature », Journée d’études « Technomémoire », CELAT, Montréal, 27 septembre. Avec Sophie Corbillé
2023,
sur invitation
, « Pourquoi regarder les animaux aux Expositions universelles? Londres et Paris, 1851-1889 », Colloque « La vache, le cheval et la lionne. Être artiste, femme et vivre avec les animaux au XIX
e
siècle », Paris, Musée d’Orsay – Musée de la chasse, 10-11 janvier. Avec Sophie Corbillé.
2022, « Les divertissements animaliers dans le Paris du XIX
e
siècle : L’idéologie fait(e) spectacle », Colloque « Spectacular Devices: Visual, Literary and Material Cultures of Wonder in the Long 19th Century », Lausanne, Suisse, Unil, section histoire de l’art, 1er décembre. Avec Sophie Corbillé
2022, « Les spectacles animaliers dans le Paris du XIX
e
siècle : une approche par l’affiche illustrée », colloque international « Les spectacles de curiosités en Europe de la Révolution française à la fin du XIXe siècle »
,
MSH Clermont-Ferrand, 29 et 30 septembre. Avec Sophie Corbillé.
2022
sur invitation,
« Stratégies du faux et nostalgie réactionnaire : la vidéo de la campagne électorale d’Éric Zemmour », Séminaire international d’Arcanes (ARts, Communication, Artifices Numériques et Écosystèmes Socio-numériques), 11 novembre. Avec Katharina Niemeyer
2021,
sur invitation
« Petite sémiotique des salons animaliers. Récits et figures de la domestication », Séminaire international de Sémiotique à Paris, 26 mai. Avec Sophie Corbillé.
2021,
sur invitation
,
« ‘Le monde est bien décevant’. L’image, les webcams animalières et la tentation de voir le monde en notre absence », conférence dans le cadre du symposium « Ecran total/ Total Screen », UQAM, 29 mars.
2019, « Les salons d’animaux de compagnie : brouillages et paradoxes dans l’éthique animale », Colloque « Les animaux en ethnographie. Quelles méthodes d'enquêtes, quelles postures éthiques ? », Muséum National d’Histoire Naturelle de Paris, 21-22 novembre. Avec Sophie Corbillé.
2019,
sur invitation
,
« Faudrait-il prendre le hasard au sérieux ? Les ventouses du destin », Colloque de Cerisy  « Jean Baudrillard, l'intelligence du temps qui vient », Centre culturel de Cerisy-la-Salle, 9-16 août.
2018, « Des mugs et des hommes. De la propagande historique à sa marchandisation contemporaine », Journée d’étude « Le kitsch menace-t-il la propagande ? », Centre Allemand d’Histoire de l’Art, 7 décembre.
2017, « Ambivalence of remembering and nostalgia in the Gallery “portraits of immigrants” of French national museum of history of immigration », Second Annual Conference of the Memory Studies Association, Copenhague, 14-16 décembre.
2017, « Esthétique et rhétorique ordinaires de la nostalgie : la commercialisation du passé », Colloque international « La nostalgie dans tous ses états », Nancy, Université de Lorraine, 30 novembre, 1er et 2 décembre.
2016, « Reframing the past : stereotypification of social memory by French advertising », 6th European Communication Conference, European Communication Research and Education Association (ECREA) – « Mediated (Dis)Continuities : contesting Pasts, Presents and Futures », Prague, 9 -12 novembre.
2016, « Good old new advertising – nostalgia and self-creation of memories », International Association for Media and Communication Research 2016 Conference (IAMCR) « Memory, Commemoration and Communication : Looking Back, Looking Forward », University of Leicester, 27-31 juillet.
2015, « Is advertising nostalgic of itself ? Self-reflexive use of the past in modern French advertising », XXVIth Conference of the International Association for Media and History (IAMHIST) «
Media and History Revisited
», Indiana University, 17-20 juin.";;;;"Circulations médiatiques, marchandes et politiques de l’histoire et la mémoire
Approches sémio-culturelles de la nostalgie et la solastalgie
Histoire des médias, histoire de la publicité
Représentations et imaginaires des animaux, du XIX
e
siècle à nos jours
Recherche-création : fiction interactive, écriture alternative, performance artistique
Télécharger le CV";;;;
pfaure;Pascaline Faure;Maître de Conférences HDR | Membre permanent en enseignement et recherche;pascaline_faure.webp;"* **Email:** [pascalinefaure@orange.fr](mailto:pascalinefaure@orange.fr)
* **Profils:** [LinkedIn](https://www.linkedin.com/in/pascaline-faure-b1069921/) | [HAL](https://hal.science/search/index/?q=%2A&rows=30&authIdPerson_i=1121819&sort=publicationDate_tdate+desc)";;;;;;;;;;;;;;;;;;;;"Directrice du Département d’anglais médical, Directrice de Recherche à l’Ecole Doctorale Concepts et Langages
Institution de rattachement :
Faculté de Santé de Sorbonne Université";;;;;;;;;;;;;;;;;;;;;;Médiations marchandes;;;;
jféré;Julien Féré;Professeur des universités associé | Membre associé;;"* **Email:** [julienfere@orange.fr](mailto:julienfere@orange.fr)
* **Profils:** [LinkedIn](https://www.linkedin.com/in/julien-fere/)";;;;;;;;;;;;;;;;;;;;"With almost 20 years of experience in communication and marketing, I am a Partner at Onepoint, a global consulting firm that helps organizations transform and innovate. My mission is to develop the company's brand awareness, especially among talents in the strategy and tech fields, as well as position onepoint as a reference player in the economic and social ecosystem on its key expertise (AI, data, cybersecurity, etc.) and markets. I also work for consultancy with clients on brand platforms, marketing and comms strategies.
I have a strong education background, with a Phd in Information and Communication Sciences from Université Paris Sorbonne (CELSA), and a passion for teaching and research. I am currently an associate professor and a member of the brand department at CELSA, where I support and work with the academic team and the students on various topics related to new business, marketing and communication imaginaries and trends. I also have a proven track record of working both in advertising/media agencies and companies, leading communication and marketing teams and projects, and delivering effective digital strategies, campaigns, and content.";;;;;;;;;;;;;;;;;;;;;;"Tendances et publicité
Transformation des métiers de la publicité, de la communication et du marketing
Stratégies de communication de marque";;;;
jfischer;Joachim Fischer;Doctorant-chercheur | Membre permanent en formation doctorale;joachim_fischer.webp;* **Profils:** [LinkedIn](https://www.linkedin.com/in/joachimfischer1/) | [HAL](https://hal.science/search/index/?q=%2A&rows=30&authIdPerson_i=1149867&sort=publicationDate_tdate+desc);;;;;;;;;;;;;;;;;;;;;;;;;;;;;;;;;;;;;;;;;;"Anthropocène,
Bifurcation écologique,
Engagement,
Ingénieurs,
Référence.
Doctorat sur les discours écologiques en milieux de jeunes ingénieurs.
Sous la direction de Laurent Petit et Joëlle Le Marec.";;;;
ofoli;Olivia Foli;Maitresse de conférences | Membre permanent en enseignement et recherche;olivia_foli.webp;"* **Email:** [olivia.foli@sorbonne-universite.fr](mailto:olivia.foli@sorbonne-universite.fr)
* **Profils:** [LinkedIn](https://www.linkedin.com/in/olivia-foli-3832228/) | [HAL](https://hal.science/search/index/?q=%2A&rows=30&authIdPerson_i=1133496&sort=publicationDate_tdate+desc) | [Twitter](https://x.com/OliviaFoli_univ)";"Membre du GRIPIC (UR 1498), Sorbonne Université
Chercheure associée au LISE (UMR CNAM CNRS) et au LEST (UMR AMU CNRS)
Membre du comité de lecture de la revue Communication & Organisation
Evaluations d’article pour des revues qualifiantes en sociologie et en sciences de l’information-communication (Etudes de communication, Travailler, Nouvelle Revue du Travail, …)
Membre du groupe d’étude et de recherche Org & Co depuis 2013
Membre de la SFSIC - Société Française des Sciences de l’Information et de la communication depuis 2016
Membre du GESTES (Groupe d’études sur le travail et la souffrance au travail) depuis 2012
Membre de l’axe Travail, LISE, depuis 2004
Membre du conseil scientifique de l’Observatoire des cadres depuis 2010
Membre de l’APSE (Association pour la Sociologie de l’Entreprise) depuis 1998
Projets de recherche
« Besoins en compétences, travail et écologisation », Céreq, 2020-2023 dans le cadre du PIC DARES
« Prévention en santé au travail des jeunes » : programme pluridisciplinaire, université de Bordeaux, 2021-2023";;;;;;;;;;;;;;;;;;;;;;;;;;;;;;;;;;;"« Besoins en compétences, travail et écologisation », Céreq, 2020-2023 dans le cadre du PIC DARES
« Prévention en santé au travail des jeunes » : programme pluridisciplinaire, université de Bordeaux, 2021-2023";;;;;;"travail, organisation, cultures et identités
communication organisationnelle
socialisation professionnelle et communication
langage et santé au travail
l’enquête ethnographique en organisation
la recherche SHS en convention CIFRE
l’intervention en entreprise";;;;
mfontaine;Maud Fontaine;Chercheuse | Membre associé;;"* **Email:** [fontaine.maud@gmail.com](mailto:fontaine.maud@gmail.com)
* **Profils:** [LinkedIn](https://www.linkedin.com/in/maud-fontaine-67023137/)";;;;;;;;;;;"« A la croisée de l’éthique et de la recherche en SIC. L’exemple de l'étude des représentations du mourir dans les journaux ». Journée d’étude « L’éthique dans les pratiques professionnelles d’information et de communication » , 18 mars 2015, CELSA.
« Ecrire la mort des « grands écrivains ». L'exemple des nécrologies de presse, du XIXe au XXIe siècle ». « Les nécrologies littéraires. Les échelles journalistiques de la grandeur », 29 mai 2015, Institut Français de Presse (IFP), Paris II Panthéon Assas.
« Penser les médiations journalistiques pour saisir la rencontre entre décision individuelle et destin du collectif. L’exemple du suicide assisté dans le journal (Le Monde, 1987-2013) ». Le suicide : question individuelle ou sociétale ?, 13 juin 2014, Clermont-Ferrand.
« Entre partages et tensions : le soin palliatif, un objet communicationnel ». Intervention au Congrès national annuel de la Société Française d'Accompagnement et de soins Palliatifs (SFAP), 18 juin 2014 au 20 juin 2014.";;;;;;;;;;;;;;;;;;;;;;;;;;;"Communications et interventions
« A la croisée de l’éthique et de la recherche en SIC. L’exemple de l'étude des représentations du mourir dans les journaux ». Journée d’étude « L’éthique dans les pratiques professionnelles d’information et de communication » , 18 mars 2015, CELSA.
« Ecrire la mort des « grands écrivains ». L'exemple des nécrologies de presse, du XIXe au XXIe siècle ». « Les nécrologies littéraires. Les échelles journalistiques de la grandeur », 29 mai 2015, Institut Français de Presse (IFP), Paris II Panthéon Assas.
« Penser les médiations journalistiques pour saisir la rencontre entre décision individuelle et destin du collectif. L’exemple du suicide assisté dans le journal (Le Monde, 1987-2013) ». Le suicide : question individuelle ou sociétale ?, 13 juin 2014, Clermont-Ferrand.
« Entre partages et tensions : le soin palliatif, un objet communicationnel ». Intervention au Congrès national annuel de la Société Française d'Accompagnement et de soins Palliatifs (SFAP), 18 juin 2014 au 20 juin 2014.";;;;"Discipline
: Sciences de l'information et de la communication
Thématiques de recherche
: Cultures, savoirs et communication, Formes et écritures médiatiques
Titre de thèse
: Les vérités autres du journal. Analyse des représentations du trépas en régime périodique en 1882 et en 2014.
Résumé
:
fontaine-maud-2021-quatrieme-de-couverture.pdf
Directeur de thèse
: Adeline Wrona";;;;
pfroissart;Pascal Froissart;Professeur des universités - Directeur du CELSA | Membre permanent en enseignement et recherche;pascal_froissart.webp;"* **Email:** [pascal.froissart@sorbonne-universite.fr](mailto:pascal.froissart@sorbonne-universite.fr)
* **Profils:** [LinkedIn](https://www.linkedin.com/in/pascalfroissart/) | [HAL](https://hal.science/search/index/?q=%2A&rows=30&authIdPerson_i=660&sort=publicationDate_tdate+desc)
* **CV:** [Télécharger le CV](https://kit-117.sorbonne-universite.fr/sites/default/files/media/2022-09/froissart-publications-2022_0.pdf)";"Co-directeur de la collection « Médias »
, Presses universitaire de Vincennes";;;"2022. « L’invention de la lutte contre les rumeurs ». Le temps des médias. Nº 38 (printemps-été)
2018 (en coll. avec Laurence Corroy). « L’éducation aux médias dans les discours des ministres de l’éducation, 2005-2017 ». Questions de communication. Nº 34 (décembre)
2014 (en coll. avec Aurélie Aubert), « Les publics de l’information », Revue française des sciences de l’information et de la communication. Nº 5 (« État des recherches en SIC sur l’information médiatique », Jacques Walter & Béatrice Fleury, coord.)
2011. « Mesure et démesure de l’emballement médiatique. Réflexions sur l’expertise en milieu journalistique ». MEI – Médiation et information. Nº 35 (« Scientisme(s) et communication », Aurélie Tavernier, coord.). Paris : L’harmattan, pp. 143-160
2010 (en coll. avec Joëlle Farchy). « Le marché de l’édition scientifique entre accès “propriétaire” et accès “libre” ». Hermès. Nº 57 (« Science.com », Joëlle Farchy et Cécile Méadel, coll.). Paris : CNRS Éditions, pp. 145-157
2010 (en coll. avec Joëlle Farchy et Cécile Méadel). « Introduction. Science.com ». Hermès. Nº 57 (« Science.com », Joëlle Farchy et Cécile Méadel, coll.). Paris : CNRS Éditions, pp. 9-12
2009 (en coll. avec Hélène Cardy). « French Scholars in “Information and Communication Studies” (1975–2008) ». Studies in Communication Sciences. Vol. 9, nº 2, pp. 271–289";;;;;"2020. « L’emballement médiatique, la rumeur et l’infox comme moyen de noyer le poisson en politique ». In Jean-François Marmion (coord.). Psychologie de la connerie en politique. Auxerre : Sciences humaines Éditions, pp.145-160
2020. « Trump to the media: Fake you! Analyse d’une communication polémique sur Twitter (2009-2018) », avec Laura Calabrese et Jeoffrey Gaspard. In Rosa Cetro & Lorella Sini (coord.). Fake news rumeurs, intox... Stratégies et visées discursives de la désinformation. Paris : L’Harmattan, coll. « Humanités numériques »
2019. « Vrai et faux en contexte médiatique. Fake news, infox, rumeur ». In Kintz, Salomé (coord.). Décoder l’information, combattre la désinformation en bibliothèque, Lyon : Presses de l’ENSSIB
2014. « “Esto no es un rumor”. Designación y ocultación de un fenómeno mediático ». In Rodríguez Infiesta, Víctor & Cindy Coignard (coord.) Las fuentes en la prensa : verdades, rumores y mentiras. Bordeaux : PILAR & U. Bordeaux-Montaigne, pp. 7-23
2018. « Rumeur ». Publictionnaire. Dictionnaire encyclopédique et critique des publics. Université de Lorraine & Centre de recherche sur les médiations (CREM)
2014. « Abondance et gratuité : pour quoi faire et jusqu’où ? Dominique Wolton, en entretien avec Joëlle Farchy, Pascal Froissart et Cécile Méadel ». In Valérie Schafer (coord.). Information et communication scientifiques à l’heure du numérique. Paris : CNRS Éditions, coll. « Les essentiels d’Hermès », pp. 31-47
2013. « SIC : cartographie d’une discipline ». In Stéphane Olivesi (coord.). Sciences de l’information et de la communication. Objets, savoirs, discipline. Grenoble : Presses de l’Université de Grenoble, pp. 269-292";;"2020. « Rumeur et lutte contre la rumeur ». Colloque international « Le discours de la rumeur à l’ère numérique », Agadir, du 8 au 10 juin 2021, le 9 juin
2018, « Rumeur : concept toujours réinventé, angoisses toujours renouvelées ». Fake news, rumeurs, intox… Stratégies et visées discursives de la désinformation. Université de Pise, 4 octobre
2011. « Media Studies in France (1975-2011) », conférence invitée au VIIe Congrès de la Société portugaise de communication (SOPCOM) sur « Meios Digitais e Indústrias Criativas », dans la session plénière « Da Ciência da Informação às Ciências da Comunicação-Questões para um Novo Paradigma », 16 décembre.
2010. « Is rumor media blinded? For a Critical Theory of Rumor ». Communication. « The Political and Social Impact of Rumours ». Université technologique de Singapour (« Nanyang »), Centre of Excellence for National Security (CENS), S. Rajaratnam School of International Studies (RSIS). 22 février
2010. « Le Web et l’opinion ». Conférence. De la démocratie en Internet. FondaPol, Fondation pour l’innovation politique, Grand palais de Lille (salle Turin). 27 mars
2018. « La rumeur peut-elle être créative ? La troublante similitude des dispositifs expérimentaux chez les psychologues et les créateurs littéraires ». In SFSIC (coord.). Création, créativité et médiations. Actes du XXIe Congrès de la SFSIC, 13-16 juin 2018 Paris (France)
2010. « L’emballement médiatique, diagnostic et syndrome. De l’impossibilité de nommer sans normer ». Communication. XVIIe Congrès de la Société française des Sciences de l’information et de la communication. Dijon, 23-26 juin";;;;;"2010. Hermès. Nº 57 (« Science.com. Libre accès et science ouverte », Joëlle Farchy et Cécile Méadel, coll.). Paris : CNRS Éditions.
2007. MédiaMorphoses. Nº 19 (« Médias, rumeurs, contes et faux-fuyants »). Paris : ina & Armand Colin";;;;Mes recherches portent sur les théories des médias, la diffusion des savoirs et des croyances, et l’histoire des idées et des institutions. J’aime assez travailler sur les concepts de viralité, de rumeur, de fact-checking, de masse…;;;;;;;;;"Pascal Froissart, L'invention du fact-checking : Enquête sur la « Clinique des rumeurs ». Boston, 1942-1943, Paris, Presses universitaires de France, 2024, 344 p.
Julia Bonaccorsi, Perrine Boutin, Étienne Candel, Pauline Escande-Gauquié, Pascal Froissart, Sarah Labelle, Claire Oger et Aude Seurrat (coord.), Écrire un mémoire en sciences de l'information et de la communication : Récits de cas, démarches et méthodes, Paris, Presses de la Sorbonne nouvelle, 2014, 169 p.
Pascal Froissart, La rumeur : Histoire et fantasmes, Paris, Belin, 2010 (1
re
éd. 2002), 356 p.";;;;;;;;;"Ouvrages
Pascal Froissart, L'invention du fact-checking : Enquête sur la « Clinique des rumeurs ». Boston, 1942-1943, Paris, Presses universitaires de France, 2024, 344 p.
Julia Bonaccorsi, Perrine Boutin, Étienne Candel, Pauline Escande-Gauquié, Pascal Froissart, Sarah Labelle, Claire Oger et Aude Seurrat (coord.), Écrire un mémoire en sciences de l'information et de la communication : Récits de cas, démarches et méthodes, Paris, Presses de la Sorbonne nouvelle, 2014, 169 p.
Pascal Froissart, La rumeur : Histoire et fantasmes, Paris, Belin, 2010 (1
re
éd. 2002), 356 p.
Directions de dossiers
2010. Hermès. Nº 57 (« Science.com. Libre accès et science ouverte », Joëlle Farchy et Cécile Méadel, coll.). Paris : CNRS Éditions.
2007. MédiaMorphoses. Nº 19 (« Médias, rumeurs, contes et faux-fuyants »). Paris : ina & Armand Colin
Chapitres d’ouvrage
2020. « L’emballement médiatique, la rumeur et l’infox comme moyen de noyer le poisson en politique ». In Jean-François Marmion (coord.). Psychologie de la connerie en politique. Auxerre : Sciences humaines Éditions, pp.145-160
2020. « Trump to the media: Fake you! Analyse d’une communication polémique sur Twitter (2009-2018) », avec Laura Calabrese et Jeoffrey Gaspard. In Rosa Cetro & Lorella Sini (coord.). Fake news rumeurs, intox... Stratégies et visées discursives de la désinformation. Paris : L’Harmattan, coll. « Humanités numériques »
2019. « Vrai et faux en contexte médiatique. Fake news, infox, rumeur ». In Kintz, Salomé (coord.). Décoder l’information, combattre la désinformation en bibliothèque, Lyon : Presses de l’ENSSIB
2014. « “Esto no es un rumor”. Designación y ocultación de un fenómeno mediático ». In Rodríguez Infiesta, Víctor & Cindy Coignard (coord.) Las fuentes en la prensa : verdades, rumores y mentiras. Bordeaux : PILAR & U. Bordeaux-Montaigne, pp. 7-23
2018. « Rumeur ». Publictionnaire. Dictionnaire encyclopédique et critique des publics. Université de Lorraine & Centre de recherche sur les médiations (CREM)
2014. « Abondance et gratuité : pour quoi faire et jusqu’où ? Dominique Wolton, en entretien avec Joëlle Farchy, Pascal Froissart et Cécile Méadel ». In Valérie Schafer (coord.). Information et communication scientifiques à l’heure du numérique. Paris : CNRS Éditions, coll. « Les essentiels d’Hermès », pp. 31-47
2013. « SIC : cartographie d’une discipline ». In Stéphane Olivesi (coord.). Sciences de l’information et de la communication. Objets, savoirs, discipline. Grenoble : Presses de l’Université de Grenoble, pp. 269-292
Articles
2022. « L’invention de la lutte contre les rumeurs ». Le temps des médias. Nº 38 (printemps-été)
2018 (en coll. avec Laurence Corroy). « L’éducation aux médias dans les discours des ministres de l’éducation, 2005-2017 ». Questions de communication. Nº 34 (décembre)
2014 (en coll. avec Aurélie Aubert), « Les publics de l’information », Revue française des sciences de l’information et de la communication. Nº 5 (« État des recherches en SIC sur l’information médiatique », Jacques Walter & Béatrice Fleury, coord.)
2011. « Mesure et démesure de l’emballement médiatique. Réflexions sur l’expertise en milieu journalistique ». MEI – Médiation et information. Nº 35 (« Scientisme(s) et communication », Aurélie Tavernier, coord.). Paris : L’harmattan, pp. 143-160
2010 (en coll. avec Joëlle Farchy). « Le marché de l’édition scientifique entre accès “propriétaire” et accès “libre” ». Hermès. Nº 57 (« Science.com », Joëlle Farchy et Cécile Méadel, coll.). Paris : CNRS Éditions, pp. 145-157
2010 (en coll. avec Joëlle Farchy et Cécile Méadel). « Introduction. Science.com ». Hermès. Nº 57 (« Science.com », Joëlle Farchy et Cécile Méadel, coll.). Paris : CNRS Éditions, pp. 9-12
2009 (en coll. avec Hélène Cardy). « French Scholars in “Information and Communication Studies” (1975–2008) ». Studies in Communication Sciences. Vol. 9, nº 2, pp. 271–289
Communications et interventions
2020. « Rumeur et lutte contre la rumeur ». Colloque international « Le discours de la rumeur à l’ère numérique », Agadir, du 8 au 10 juin 2021, le 9 juin
2018, « Rumeur : concept toujours réinventé, angoisses toujours renouvelées ». Fake news, rumeurs, intox… Stratégies et visées discursives de la désinformation. Université de Pise, 4 octobre
2011. « Media Studies in France (1975-2011) », conférence invitée au VIIe Congrès de la Société portugaise de communication (SOPCOM) sur « Meios Digitais e Indústrias Criativas », dans la session plénière « Da Ciência da Informação às Ciências da Comunicação-Questões para um Novo Paradigma », 16 décembre.
2010. « Is rumor media blinded? For a Critical Theory of Rumor ». Communication. « The Political and Social Impact of Rumours ». Université technologique de Singapour (« Nanyang »), Centre of Excellence for National Security (CENS), S. Rajaratnam School of International Studies (RSIS). 22 février
2010. « Le Web et l’opinion ». Conférence. De la démocratie en Internet. FondaPol, Fondation pour l’innovation politique, Grand palais de Lille (salle Turin). 27 mars
2018. « La rumeur peut-elle être créative ? La troublante similitude des dispositifs expérimentaux chez les psychologues et les créateurs littéraires ». In SFSIC (coord.). Création, créativité et médiations. Actes du XXIe Congrès de la SFSIC, 13-16 juin 2018 Paris (France)
2010. « L’emballement médiatique, diagnostic et syndrome. De l’impossibilité de nommer sans normer ». Communication. XVIIe Congrès de la Société française des Sciences de l’information et de la communication. Dijon, 23-26 juin";;;;"Théories des médias
Communication
journalisme
Télécharger le CV";;;;
jgaillard;Julien Gaillard;Doctorant-chercheur | Membre permanent en formation doctorale;;"* **Email:** [gaillard.julien7@gmail.com](mailto:gaillard.julien7@gmail.com)
* **Profils:** [LinkedIn](https://www.linkedin.com/in/juliengaillard2/) | [HAL](https://hal.science/search/index/?q=*&rows=30&authIdPerson_i=1149619&sort=publicationDate_tdate+desc) | [Twitter](https://x.com/GaillardJu)
* **CV:** [Télécharger le CV](https://kit-117.sorbonne-universite.fr/sites/default/files/media/2022-10/Julien%20Gaillard%20-%20CV%20universitaire.pdf)";;;;;;;;;;;;;;;;;;;;"Discipline
: Sciences de l'information et de la communication
Sujet de recherche
: Le problème public de Notre-Dame-des-Landes (projet de transfert de l'aéroport de Nantes-Atlantique sur la commune de Notre-Dame-des-Landes, initié dans les années 60 et abandonné le 17 janvier 2018, et les luttes paysanne et citoyenne qu'il a fait naître)
Titre de thèse
: La patrimonialisation mémorielle de Notre-Dame-des-Landes
Mots-clés
: Patrimonialisation, mémoire, Notre-Dame-des-Landes, luttes, mouvements sociaux, zad
Directeur de thèse
: Joëlle Le Marec et Igor Babou";;;;;;;;;;;;;;;;;;;;;;"Cultures, savoirs et communication
Dynamiques de communication dans l'espace public
Formes et écritures médiatiques
Télécharger le CV";;;;
dgarinat;Diane Garinat;Doctorante-chercheuse | Membre permanent en formation doctorale;;"* **Email:** [garinat.diane@gmail.com](mailto:garinat.diane@gmail.com)
* **Profils:** [LinkedIn](https://www.linkedin.com/in/diane-garinat-1854b413a/)";;;;;;;;;;;;;;;;;;;;;;;;;;;;;;;;;;;;;;;;;;"Médiatisation scientifique
Pathologisation
Éco-anxiété
Jeunesse";;;;
igarmon;Ines Garmon;Chercheuse | Membre associé;;"* **Email:** [inesgarmon@hotmail.com](mailto:inesgarmon@hotmail.com)
* **Profils:** [LinkedIn](https://www.linkedin.com/in/ines-garmon-98550587) | [HAL](https://hal.science/search/index/?q=%2A&rows=30&authIdPerson_i=1169049&sort=publicationDate_tdate+desc)
* **CV:** [Télécharger le CV](https://kit-117.sorbonne-universite.fr/sites/default/files/media/2022-10/CV%20universitaire%20In%C3%A8s%20GARMON%202022.pdf)";"Conception et animation d’un atelier à la Fête de la science (2018) – Décryptage : communiquer avec les machines (Primaires/ Lycées), Paris Jussieu.
Participation à un Atelier des doctorants : « La vie des jeunes chercheurs en équipes d’accueil : pratiques et enjeux » Animé par Simon Renoir et Mathilde Vassor, Congrès de la SFSIC, 2018.
projets de recherche
Membre du Comité d’organisation de deux journées d’études sur la Fabrique de l’ignorance, sous la direction de Joëlle le Marec (Professeure des Université), 2020.
Membre du projet MAPAQA avec Caroline Marti (Professeure des Universités) et Camille Rondot (Maîtresse de Conférences). Entretiens auprès de visiteurs de musées et organisation de deux journées d’études autour des thématiques « Marques et Patrimoine », 2019-2020.";;;;;;;;;;"2021
« Etudier les ""petits gestes"" dans leur anthropologie communicationnelle : des objets iconiques des relations aux nouvelles technologies numériques » Intervention au séminaire de recherche du lacs (Laboratoire d’Anthropologie Culturelle et Sociale de l’Université de Lausanne)
Témoignage d’expériences de recherche et participation à la table Ronde organisée par les Master 1 « Sciences de l’information et de la communication » de l’IFP sous la direction de Lucie Alexis, Paris II Panthéon Assas.
2019
« La sobriété numérique, un enjeu écologique et politique ». Table Ronde ID’19, IMT Mines-Alès, GRIPC, MICA Evry au sujet de la ""sobriété numérique.
Participation à la Table Ronde « RT/TR : Répondre/ Transférer et Lancement de Missile n°6 », Association Têtes chercheuses, Lyon 3.
« Rhétorique et diversion : l’ignorance des médias informatisés, une distraction sémiotique et discursive », Séminaire du GRIPIC.
« La Critique de la Trivialité appliquée aux ‘petits gestes’ : de la lecture gestualisée à la fantasmagorie du digipulé », Séminaire du GRISC, Paris.
« Le corps à l’épreuve des applications : des petits gestes éprouvants ? » Journée d’étude des
Chantiers de la création
, Aix-Marseille.
« Vers une anthropologie communicationnelle des petits gestes tactiles : étudier la
digipulation
de nos applications ». 3emes journées doctorales d’Agadir, Organisées par le laboratoire LARLANCO, Agadir.
« Itinéraire d’une recherche en SIC : faire des petits gestes un objet de recherche  » et participation aux tables rondes, Journée Jeunes Checheur.e.s, Sorbonne Actuelle, Paris.
2018
« Présentation de la thèse à mi-parcours », Séminaire doctoral du GRIPIC.
« La question de la Sensorialité et de l’analyse techno-sémiotique dans le cadre du swipe de Tinder et de Siri, La question du « numérique » au GRIPIC, avec Clotilde Chevet.
2017
« La normalisation et la valeur sociale du swipe et autres ‘petits gestes’ de manipulation des interfaces tactiles ». Poster pour les doctorales de la SFSIC, Organisées par le laboratoire ELICO, Lyon.
« Glisser et évaluer, le swipe comme petit geste d’écriture du social », Journée doctorale Internationale de l’OMNSH #2. « Penser et étudier les objets numériques », Paris.";;;;;;;;;Ma recherche explore les gestualités avec lesquelles, quotidiennement, on « triture » l’écran tactile pour utiliser les applications qu’il propose.  Il s’agit de comprendre comment ces modalités d’interaction ordinaires des écrans tactiles sont traversées de normes, d’enjeux, et investies par des acteurs qui les mettent en place et d’autres qui les actualisent. Nous souhaitons, à travers ce questionnement, comprendre la façon que l’on a de se tenir, d’habiter le monde, de nouer des liens et de se développer par la communication.;;;;;;;;;;;;;;;;;;"Communications et interventions
2021
« Etudier les ""petits gestes"" dans leur anthropologie communicationnelle : des objets iconiques des relations aux nouvelles technologies numériques » Intervention au séminaire de recherche du lacs (Laboratoire d’Anthropologie Culturelle et Sociale de l’Université de Lausanne)
Témoignage d’expériences de recherche et participation à la table Ronde organisée par les Master 1 « Sciences de l’information et de la communication » de l’IFP sous la direction de Lucie Alexis, Paris II Panthéon Assas.
2019
« La sobriété numérique, un enjeu écologique et politique ». Table Ronde ID’19, IMT Mines-Alès, GRIPC, MICA Evry au sujet de la ""sobriété numérique.
Participation à la Table Ronde « RT/TR : Répondre/ Transférer et Lancement de Missile n°6 », Association Têtes chercheuses, Lyon 3.
« Rhétorique et diversion : l’ignorance des médias informatisés, une distraction sémiotique et discursive », Séminaire du GRIPIC.
« La Critique de la Trivialité appliquée aux ‘petits gestes’ : de la lecture gestualisée à la fantasmagorie du digipulé », Séminaire du GRISC, Paris.
« Le corps à l’épreuve des applications : des petits gestes éprouvants ? » Journée d’étude des
Chantiers de la création
, Aix-Marseille.
« Vers une anthropologie communicationnelle des petits gestes tactiles : étudier la
digipulation
de nos applications ». 3emes journées doctorales d’Agadir, Organisées par le laboratoire LARLANCO, Agadir.
« Itinéraire d’une recherche en SIC : faire des petits gestes un objet de recherche  » et participation aux tables rondes, Journée Jeunes Checheur.e.s, Sorbonne Actuelle, Paris.
2018
« Présentation de la thèse à mi-parcours », Séminaire doctoral du GRIPIC.
« La question de la Sensorialité et de l’analyse techno-sémiotique dans le cadre du swipe de Tinder et de Siri, La question du « numérique » au GRIPIC, avec Clotilde Chevet.
2017
« La normalisation et la valeur sociale du swipe et autres ‘petits gestes’ de manipulation des interfaces tactiles ». Poster pour les doctorales de la SFSIC, Organisées par le laboratoire ELICO, Lyon.
« Glisser et évaluer, le swipe comme petit geste d’écriture du social », Journée doctorale Internationale de l’OMNSH #2. « Penser et étudier les objets numériques », Paris.";;;;"Ecriture numérique
Gestes d’interactions
Industries du numérique
Imaginaires des technologies numériques
Anthropologie de la technique.
Télécharger le CV";;;"Membre du Comité d’organisation de deux journées d’études sur la Fabrique de l’ignorance, sous la direction de Joëlle le Marec (Professeure des Université), 2020.
Membre du projet MAPAQA avec Caroline Marti (Professeure des Universités) et Camille Rondot (Maîtresse de Conférences). Entretiens auprès de visiteurs de musées et organisation de deux journées d’études autour des thématiques « Marques et Patrimoine », 2019-2020.";
rgerman;Ronan German;Chercheur | Membre associé;;"* **Email:** [ronan.german@yahoo.fr](mailto:ronan.german@yahoo.fr)
* **Profils:** [LinkedIn](https://www.linkedin.com/in/ronangerman/) | [HAL](https://hal.science/search/index/?q=%2A&rows=30&authIdPerson_i=17665&sort=publicationDate_tdate+desc)";"2014,
Membre
du comité d’organisation
de la 4e édition de Museomix au Muséum d’histoire naturelle de Nantes.
Projets de recherche
2016, Projet FUI « EC-Bridge », en collaboration avec l’entreprise Maskott, l’Institut Français de l’Education (Ecole normale supérieure de Lyon), la Cité des Télécoms (Fondation Orange), Lugdunum (musée gallo-romain de Fourvière) et le Centre Erasme (département du Rhône).
2016, Mécénat auprès du Musée Fabre de Montpellier pour l’exploration des méthodes de machine learning pour la génération de parcours dans la collection d’Alfred Bruyas.
2013-2015, Projet ANR « CULTE », en collaboration avec le Musée du Quai Branly – Jacques Chirac, le laboratoire Cédric-Cnam et le laboratoire Chart-Lutin
(Paris-8, Cité des Sciences et de l’Industrie).
2013-2015, Projet Investissements d’avenir « Avatar 1:1 », en collaboration avec l’Historial de la Vendée, l’Université Pierre et Marie Curie, Télécom ParisTech et l’agence Cantoche.";;;"GERMAN Ronan, LEYOUDEC Lénaïk, « La genèse de l’architexte en contexte patrimonial : croisement de deux observations participantes en contrat CIFRE », Communication, vol.34,n°2, 2017.
GERMAN Ronan, « DMA Friends : la mobilisation de la statistique dans une expérience d’innovation médiatique en contexte muséal », ESSACHESS, vol. 9, n°1/17, 2016, pp.95-104.
GERMAN Ronan, « La médiation numérique et l’espace muséal en représentation : les portfolios vidéos d’agences de design prestataires de musées », Études de communication, n°46, 2016, pp.51-70.
GERMAN Ronan, « The Silent History. Le format entre exigence créatrice et contrainte matérielle », Effeuillage, n°5, 2016.
ASTIC Isabelle, CHENU Candice, GERMAN Ronan, « Transmedia storytelling and cultural heritage interpretation : the CULTE project » in PROCTOR Nancy, CHERRY Rick (ed.), Museums and the Web 2013, Silver Spring, MD, 2014.";;;;;;;"2017,  « Médiations muséales et confrontation de logiques ». Colloque franco-québécois « Musées en mutation », Celsa et Université du Québec à Trois-Rivières.
2016,  « Mutations des types de recherches dans le cadre d’un contrat CIFRE ».Journée d’études de l’OCIM « Musées et recherche », Celsa.
2016, « La ""conscience d’incertitude"" dans le cadre d’un contrat CIFRE : vertu ou faiblesse ? ». Séminaire « Confrontation des savoirs », Celsa.
2016, « La ""culture des données"" dans les institutions muséales nord-américaines. L’exemple du programme DMA Friends au Dallas Museum of Art ». Journée doctorale GRIPIC-CARISM-COSTECH au CELSA.
2015 « Expérimenter les nouveaux musées ? ». Journées d’études « Musée nouveau, nouveau musée », Université de Nantes / Muséum d’histoire naturelle de Nantes.
2015,  « Museomix et la médiation scientifique et technique : une approche communicationnelle » (session Etude des modes de médiation), Colloque Science & You – Université de Lorraine à Nancy.
2015, « La création à l’heure du numérique : narration transmédia et fan fiction ». Journée interprofessionnelle, Salon du Livre de Caen.
2014, « Transmédia et musées ». Table ronde organisée par l’Ecole des Arts et de la Culture, Paris.
2013, « Transmédia et musées ». Salon Simesitem, Carrousel du Louvre
2013, « Mise en fiction, mise en intrigue : de l’exposition au récit transmédia ». Formation de l’OCIM « L’expérience de visite et la place du numérique pour
les publics 15-25 ans », Cap Sciences, Bordeaux.";;;;;;;;;;;;;;;;;;;;;;;;;"2016, Projet FUI « EC-Bridge », en collaboration avec l’entreprise Maskott, l’Institut Français de l’Education (Ecole normale supérieure de Lyon), la Cité des Télécoms (Fondation Orange), Lugdunum (musée gallo-romain de Fourvière) et le Centre Erasme (département du Rhône).
2016, Mécénat auprès du Musée Fabre de Montpellier pour l’exploration des méthodes de machine learning pour la génération de parcours dans la collection d’Alfred Bruyas.
2013-2015, Projet ANR « CULTE », en collaboration avec le Musée du Quai Branly – Jacques Chirac, le laboratoire Cédric-Cnam et le laboratoire Chart-Lutin
(Paris-8, Cité des Sciences et de l’Industrie).
2013-2015, Projet Investissements d’avenir « Avatar 1:1 », en collaboration avec l’Historial de la Vendée, l’Université Pierre et Marie Curie, Télécom ParisTech et l’agence Cantoche.";;"Articles
GERMAN Ronan, LEYOUDEC Lénaïk, « La genèse de l’architexte en contexte patrimonial : croisement de deux observations participantes en contrat CIFRE », Communication, vol.34,n°2, 2017.
GERMAN Ronan, « DMA Friends : la mobilisation de la statistique dans une expérience d’innovation médiatique en contexte muséal », ESSACHESS, vol. 9, n°1/17, 2016, pp.95-104.
GERMAN Ronan, « La médiation numérique et l’espace muséal en représentation : les portfolios vidéos d’agences de design prestataires de musées », Études de communication, n°46, 2016, pp.51-70.
GERMAN Ronan, « The Silent History. Le format entre exigence créatrice et contrainte matérielle », Effeuillage, n°5, 2016.
ASTIC Isabelle, CHENU Candice, GERMAN Ronan, « Transmedia storytelling and cultural heritage interpretation : the CULTE project » in PROCTOR Nancy, CHERRY Rick (ed.), Museums and the Web 2013, Silver Spring, MD, 2014.
Communications et interventions
2017,  « Médiations muséales et confrontation de logiques ». Colloque franco-québécois « Musées en mutation », Celsa et Université du Québec à Trois-Rivières.
2016,  « Mutations des types de recherches dans le cadre d’un contrat CIFRE ».Journée d’études de l’OCIM « Musées et recherche », Celsa.
2016, « La ""conscience d’incertitude"" dans le cadre d’un contrat CIFRE : vertu ou faiblesse ? ». Séminaire « Confrontation des savoirs », Celsa.
2016, « La ""culture des données"" dans les institutions muséales nord-américaines. L’exemple du programme DMA Friends au Dallas Museum of Art ». Journée doctorale GRIPIC-CARISM-COSTECH au CELSA.
2015 « Expérimenter les nouveaux musées ? ». Journées d’études « Musée nouveau, nouveau musée », Université de Nantes / Muséum d’histoire naturelle de Nantes.
2015,  « Museomix et la médiation scientifique et technique : une approche communicationnelle » (session Etude des modes de médiation), Colloque Science & You – Université de Lorraine à Nancy.
2015, « La création à l’heure du numérique : narration transmédia et fan fiction ». Journée interprofessionnelle, Salon du Livre de Caen.
2014, « Transmédia et musées ». Table ronde organisée par l’Ecole des Arts et de la Culture, Paris.
2013, « Transmédia et musées ». Salon Simesitem, Carrousel du Louvre
2013, « Mise en fiction, mise en intrigue : de l’exposition au récit transmédia ». Formation de l’OCIM « L’expérience de visite et la place du numérique pour
les publics 15-25 ans », Cap Sciences, Bordeaux.";;;;"Discipline
: Sciences de l'information et de la communication
Thématiques de recherche
: Cultures, savoirs et communication, Médiations marchandes, Formes et écritures médiatiques";;;;
rgerwigkirèche;Rym Gerwig-Kirèche;Maitresse de conférences | Membre permanent en enseignement et recherche;;"* **Email:** [rym.gerwig@sorbonne-universite.fr](mailto:rym.gerwig@sorbonne-universite.fr)
* **Profils:** [LinkedIn](https://www.linkedin.com/in/nina-kireche-5a32ba44/) | [HAL](https://hal.science/search/index/?q=%2A&rows=30&authIdPerson_i=1240700&sort=publicationDate_tdate+desc)";"Membre du comité de sélection et d’organisation de la journée d’études doctorales : « Regards croisés sur la relation corps-médias » – CELSA, Neuilly sur Seine, le 13 juin 2013.
Projet de recherche
Participation au projet porté par le GIS Institut du Genre, axe : corps, santé et société, « La grossophobie en ligne. Représentations, discours et usages. Le cas d’Instagram », CNRS, LabSIC, IRMÉCCEN, Médialab Genève, CORHIS, CESIR Saint-Louis-Bruxelles, CRICIS Université McGill Québec, GRIPIC, 2022-2024.";;;;;;;;;;"Journée d’études organisée par le SicLab, le GRIPIC le CARISM, « Genre et Médias : discours, enjeux, analyses » – Nice, les 19 et 20 mai 2022.
Colloque international avec actes, organisé par l’Institut Catholique de Paris, « Violences et médias » – Paris, les 1er et 2 juin 2022.
Conférence en anglais organisée par le GRIPIC, OPUS (Observatoire des Patrimoines de l’Université de la Sorbonne), l’Institut Catholique de Paris et l’Université de l’Indiana à Bloomington, « Culture in a cage : Resistance strategies of cultural institutions during the Covid period » – en ligne, le 4 novembre 2021 (avec Barénice Mariau, Institut Catholique de Paris)
Participation à l’édition française du GMMP – Global Monitoring Media Project sur la représentation des femmes dans les médias d’information généraliste – ELICO, GRIPIC, LIRIS-CNRS – 2020, 2013.
Journée d’études organisée par le GRIPIC et OPUS (Observatoire des Patrimoines de Sorbonne Université) : MAPAQA – Marques, patrimoine et quêtes d’autorité – Neuilly sur Seine, le 2 décembre 2019. Titre de l’intervention : « De la représentation à l’exposition : transformation d’une performance sémiotique et “patrimonialisation“ à l’œuvre. Analyse de l’exposition White Drama au Palais Galliéra hors-les-murs ».
Journée d’études organisée par le GRIPIC : « Mode, Médias, Médiations, des enjeux comunicationnels » – Institut d’Études Avancées, Hôtel de Lauzun – Paris, le 16 novembre 2018. Titre de l’intervention : « Du podium à l’écran : poétique du récit du spectacle de mode »
Colloque international avec actes du groupe IMPEC  - Interactions multimodales par écran, édition 2018 : « corps et écran », ENS de Lyon (laboratoire ICAR – CNRS, Université Lyon 2, ENS de Lyon) – Lyon, du 4 au 6 juillet 2018. Titre de l’intervention (en collaboration avec Thierry Devars et Philippe Marion) : « Le corps du mannequin à travers le prisme de l’écran : vers une hétérotopie  médiatique ? »
Séminaire organisé par le GRIPIC en partenariat avec l’IFM (Institut français de la mode) : « Mode, Médias, Médiations, Communication et Information »  – CELSA, Neuilly sur Seine, le 14 décembre 2016. Titre de l’intervention : « L’industrialisation du corps de mode : production de corps sériels à travers le défilé Maison Margiela automne-hiver 2015-16 par Galliano ».
Colloque international avec actes organisé par le laboratoire CIMEOS (Université de Bourgogne) : « Représenter le mouvement : médias et médiations » – Dijon, le 17 novembre 2016.  Titre de l’intervention : « Le défilé Maison Margiela collection prêt-à-porter femme automne-hiver 2015-16 : une scène d’énonciation du mouvement singulier ».
Journée d’études doctorales organisée par le GRIPIC, « Regards croisés sur la relation corps-médias » – CELSA, Neuilly sur Seine, le 13 juin 2013. Titre de l’intervention : « Le corps photographique de l’image de mode : esquisse de la fabrique d’un modèle »";;;;;;;;;Mes différents travaux de recherche, individuels ou collectifs, se caractérisent par une approche interdisciplinaire entre sciences de l’information et culture. Ils interrogent chacun les enjeux liés aux médiations, avec une attention particulière portée aux médiations numériques. À partir d’expositions qui placent le corps au centre de leurs discours, mes recherches questionnent à la fois les trans-formations induites par le numérique conçu comme écriture dans sa prise en charge des performances corporelles et poursuivent une réflexion sur les processus de reconfiguration des genres, à l’aune des médiations plurielles qui les portent.;;;;;;;;;;;;;;;Participation au projet porté par le GIS Institut du Genre, axe : corps, santé et société, « La grossophobie en ligne. Représentations, discours et usages. Le cas d’Instagram », CNRS, LabSIC, IRMÉCCEN, Médialab Genève, CORHIS, CESIR Saint-Louis-Bruxelles, CRICIS Université McGill Québec, GRIPIC, 2022-2024.;;;"Communications et interventions
Journée d’études organisée par le SicLab, le GRIPIC le CARISM, « Genre et Médias : discours, enjeux, analyses » – Nice, les 19 et 20 mai 2022.
Colloque international avec actes, organisé par l’Institut Catholique de Paris, « Violences et médias » – Paris, les 1er et 2 juin 2022.
Conférence en anglais organisée par le GRIPIC, OPUS (Observatoire des Patrimoines de l’Université de la Sorbonne), l’Institut Catholique de Paris et l’Université de l’Indiana à Bloomington, « Culture in a cage : Resistance strategies of cultural institutions during the Covid period » – en ligne, le 4 novembre 2021 (avec Barénice Mariau, Institut Catholique de Paris)
Participation à l’édition française du GMMP – Global Monitoring Media Project sur la représentation des femmes dans les médias d’information généraliste – ELICO, GRIPIC, LIRIS-CNRS – 2020, 2013.
Journée d’études organisée par le GRIPIC et OPUS (Observatoire des Patrimoines de Sorbonne Université) : MAPAQA – Marques, patrimoine et quêtes d’autorité – Neuilly sur Seine, le 2 décembre 2019. Titre de l’intervention : « De la représentation à l’exposition : transformation d’une performance sémiotique et “patrimonialisation“ à l’œuvre. Analyse de l’exposition White Drama au Palais Galliéra hors-les-murs ».
Journée d’études organisée par le GRIPIC : « Mode, Médias, Médiations, des enjeux comunicationnels » – Institut d’Études Avancées, Hôtel de Lauzun – Paris, le 16 novembre 2018. Titre de l’intervention : « Du podium à l’écran : poétique du récit du spectacle de mode »
Colloque international avec actes du groupe IMPEC  - Interactions multimodales par écran, édition 2018 : « corps et écran », ENS de Lyon (laboratoire ICAR – CNRS, Université Lyon 2, ENS de Lyon) – Lyon, du 4 au 6 juillet 2018. Titre de l’intervention (en collaboration avec Thierry Devars et Philippe Marion) : « Le corps du mannequin à travers le prisme de l’écran : vers une hétérotopie  médiatique ? »
Séminaire organisé par le GRIPIC en partenariat avec l’IFM (Institut français de la mode) : « Mode, Médias, Médiations, Communication et Information »  – CELSA, Neuilly sur Seine, le 14 décembre 2016. Titre de l’intervention : « L’industrialisation du corps de mode : production de corps sériels à travers le défilé Maison Margiela automne-hiver 2015-16 par Galliano ».
Colloque international avec actes organisé par le laboratoire CIMEOS (Université de Bourgogne) : « Représenter le mouvement : médias et médiations » – Dijon, le 17 novembre 2016.  Titre de l’intervention : « Le défilé Maison Margiela collection prêt-à-porter femme automne-hiver 2015-16 : une scène d’énonciation du mouvement singulier ».
Journée d’études doctorales organisée par le GRIPIC, « Regards croisés sur la relation corps-médias » – CELSA, Neuilly sur Seine, le 13 juin 2013. Titre de l’intervention : « Le corps photographique de l’image de mode : esquisse de la fabrique d’un modèle »";;;;"Sémiotique des performances corporelles
Mode, médias, médiations
Études sur le genre et dispositifs de représentation des corps
Muséologie, analyse des productions médiatiques, culturelles et marchandes";;;;
igimenez;Irène Gimenez;Doctorante-chercheuse | Membre permanent en formation doctorale;;* **Profils:** [HAL](https://hal.science/search/index/?q=%2A&rows=30&authIdPerson_i=177184&sort=publicationDate_tdate+desc);;;;;;;;;;;;;;;;;;;;;;;;;;;;;;;;;;;;;;;;;;;;;;
pgkouskou;Pergia Gkouskou;Maitresse de conférences | Membre associé;;"* **Email:** [pergia.giannakou@gmail.com](mailto:pergia.giannakou@gmail.com)
* **Profils:** [LinkedIn](https://www.linkedin.com/in/pergia-gkouskou-2a8b6218/) | [HAL](https://hal.science/search/index/?q=pergia+gkouskou&rows=30&sort=publicationDate_tdate+desc)";"Colloque MIAu
: Médiations informatisées de l’autorité : nouvelles écritures, nouvelles pratiques de la reconnaissance ? Pergia Gkouskou, 2016";;;;;;;;;;;;;;;;;;;;;;;;;;;;;;;;;;;;;;;;;"Discipline
: Sciences de l'Information et de la Communication
Institution de rattachement
: UCA
Thématiques de recherche
: Cultures, savoirs et communication, Formes et écritures médiatiques, Dynamiques de communication dans l'espace public";;;;
sgoyet;Samuel Goyet;Chercheur | Membre associé;;"* **Email:** [samuel.goyet@gmail.com](mailto:samuel.goyet@gmail.com)
* **Profils:** [LinkedIn](https://www.linkedin.com/in/samuel-goyet-9090b72b/) | [HAL](https://hal.science/search/index/?q=%2A&rows=30&authIdPerson_i=180046&sort=publicationDate_tdate+desc) | [Twitter](https://x.com/samuelgoyet)";;;;"Samuel Goyet, Elsa Tadier, Virginie Vignon, « De l’écouter-voir au pouvoir-écrire : Gérard Blanchard » dans Communication & Langages n°178, NecPlus, 2013, 177-197.
Samuel Goyet, Virginie Vignon, Elsa Tadier, « Gérard Blanchard & Communication & Langages : une pensée vivante » , dans Communication & Langages n°177, NecPlus, 2013, 27-43 Article (production scientifique)
Samuel Goyet, « Disparition sur les réseaux : quels enjeux pour l’identité numérique ? » dans L’École numérique, n° 9 - octobre 2011, SCÉRÉN [CNDP-CRDP], 2011, n.p.";;;;;;;Samuel Goyet, « Google Glass au regard de son API : visions & régulations d’une innovation technique », Digital Intelligence, 19 septembre 2014, Nantes.;;;Samuel Goyet, Virginie Vignon, Elsa Tadier, Gérard Blanchard, Communication & Langages n°178 (Coord.) NecPlus, 2013, 252 p.;;;;;;"Présentation / parcours
: Diplômé du master Recherche du CELSA, puis docteur de l'Université Paris Sorbonne, je travaille sur les nouvelles formes d'écriture numérique, le rôle des programmes informatiques dans la composition du texte numérique. J'ai soutenue une thèse en 2017 sur la ""fonction éditoriale des interfaces de programmation"", j'ai également été ATER à l'Université de Technologie de Compiègne et au Centre de Recherche sur les Médiations (CREM, Université de Lorraine).
Activité d'enseignement
: J'ai enseigné dans trois institutions publiques en tant qu'ATER (COSTECH, Université de Technologie de Compiègne ; CREM, Université de Lorraine) et dans deux institutions privées (Sup de Pub et l'ISCG) en tant que vacataire. Mes enseignements portent principalement sur les fondamentaux théoriques et méthodologiques des SIC (analyse du discours, techniques d'enquête, sémiologie) ainsi que sur la culture numérique., J'ai également donné cours sur les industries culturelles et sur la communication institutionnelle.";;;;;;;;;;;;;;;;;;"Direction de dossier
Samuel Goyet, Virginie Vignon, Elsa Tadier, Gérard Blanchard, Communication & Langages n°178 (Coord.) NecPlus, 2013, 252 p.
Articles
Samuel Goyet, Elsa Tadier, Virginie Vignon, « De l’écouter-voir au pouvoir-écrire : Gérard Blanchard » dans Communication & Langages n°178, NecPlus, 2013, 177-197.
Samuel Goyet, Virginie Vignon, Elsa Tadier, « Gérard Blanchard & Communication & Langages : une pensée vivante » , dans Communication & Langages n°177, NecPlus, 2013, 27-43 Article (production scientifique)
Samuel Goyet, « Disparition sur les réseaux : quels enjeux pour l’identité numérique ? » dans L’École numérique, n° 9 - octobre 2011, SCÉRÉN [CNDP-CRDP], 2011, n.p.
Communications et interventions
Samuel Goyet, « Google Glass au regard de son API : visions & régulations d’une innovation technique », Digital Intelligence, 19 septembre 2014, Nantes.";;;"https://www.youtube.com/watch?v=MlQrVHGvJvc(link is external)
https://webtv.univ-rouen.fr/videos/20-03-2018-142036-partie-7_70734/(link is external)
https://www.youtube.com/watch?v=MlQrVHGvJvc(link is external)
https://webtv.univ-rouen.fr/videos/20-03-2018-142036-partie-7_70734/";"Discipline
: Sciences de l'information et de la communication
Institution de rattachement
: COSTECH, Université technologique de Compiègne
Thématiques de recherche
: Cultures, savoirs et communication, Formes et écritures médiatiques";;;;
mgrepinet;Mariana Grepinet;Doctorante-chercheuse | Membre permanent en formation doctorale;;;;;;;;;;;;;;;;;;;;;;;;;;;;;;;;;;;;;;;;;;;;;;;;
tgrignon;Thomas Grignon;Chercheur | Membre associé;thomas_grignon.webp;"* **Email:** [thomas.grignon@gmail.com](mailto:thomas.grignon@gmail.com)
* **Profils:** [LinkedIn](https://www.linkedin.com/in/thomasgrignon/) | [HAL](https://hal.science/search/index/?q=%2A&rows=30&authIdPerson_i=749229&sort=publicationDate_tdate+desc)";;;;;;;;;;;;;;;;;;;;Contribution à l’analyse des reconfigurations contemporaines de l’expertise communicationnelle : prétentions, prédilections, savoirs, instruments.;;;;;;;;;;;;;;;;;;;;;;"Cultures, savoirs et communication
Formes et écritures médiatiques";;;;
tgrison;Thibault Grison;Doctorant-chercheur | Membre permanent en formation doctorale;thibault_grison.webp;"* **Email:** [thibault.grison@sorbonne-universite.fr](mailto:thibault.grison@sorbonne-universite.fr)
* **Profils:** [LinkedIn](https://www.linkedin.com/in/thibault-grison-511215130/) | [HAL](https://hal.science/search/index/?q=%2A&rows=30&authIdPerson_i=1150015&sort=publicationDate_tdate+desc) | [Twitter](https://x.com/thibault_grison)
* **CV:** [Télécharger le CV](https://kit-117.sorbonne-universite.fr/sites/default/files/media/2022-09/cv-thibault-grison-recherche.pdf)";;;;;;;;;;;;;;;;;;;;"Discipline
: Sciences de l'information et de la communication
Titre de thèse
: Discriminations algorithmiques ? L'IA entre aide à la modération et censure sur les réseaux sociaux numériques
Mots-clés
: algorithmes, intelligence artificielle, censure, LGBT studies
Directeur de thèse
: Virginie Julliard";;;;;;;;;;;;;;;;;;;;;;"Modération des réseaux sociaux,
Liberté d’expression et censure,
IA et discriminations algorithmiques,
Méthodes numériques,
Études de genre.
Télécharger le CV";;;;
mguermeur;Marie Guermeur;Doctorante-chercheuse | Membre permanent en formation doctorale;marie_guermeur.webp;* **Profils:** [LinkedIn](https://www.linkedin.com/in/marie-guermeur/);;;;;;;;;;;;;;;;;;;;;;;;;;;;;;;;;;;;;;;;;;;;;;
phalin;Pierre-Yves Halin;Doctorant-chercheur | Membre permanent en formation doctorale;pierre_yves_halin.webp;"* **Email:** [pierre.yves.halin@gmail.com](mailto:pierre.yves.halin@gmail.com)
* **Profils:** [LinkedIn](https://www.linkedin.com/in/pierre-yves-halin-21022570/) | [HAL](https://hal.science/search/index/?q=%2A&rows=30&authIdPerson_i=1150243&sort=publicationDate_tdate+desc)";;;;;;;;;;;"« Pour une théorie de la présence. Signes, interactions et médiations de la poupée de compagnie », SFSIC 2022, 23 juin 2022, Dijon (parution des actes en 2022)
« Aux frontières de l’humain.e et de l’objet ? Explorations du concept de présence à l’aune de la poupée de compagnie », colloque Ambivalence des frontières, 15 octobre 2021, Epinal (publication des actes en 2022).
« La relation de couple au prisme de l'excentricité. Etude de la relation homme-poupée de compagnie », colloque Excentricités, 13 avril 2017, Bordeaux.";;;;;;;;;;Nous nous intéressons à l’élargissement de la notion de vivant, à travers les sciences de l’information et de la communication, et ce grâce au concept de présence. En démontrant la participation significative et active des entités qui nous entourent (qu’elles soient humaines, biologiques ou non, à l’instar des objets) au sein de nos interactions avec elles, notre volonté est de mettre en lumière leur aura communicationnelle et leur degré d’action non négligeable sur nos usages et nos pratiques.;;;;;;;;;;;;;;;;;"Communications et interventions
« Pour une théorie de la présence. Signes, interactions et médiations de la poupée de compagnie », SFSIC 2022, 23 juin 2022, Dijon (parution des actes en 2022)
« Aux frontières de l’humain.e et de l’objet ? Explorations du concept de présence à l’aune de la poupée de compagnie », colloque Ambivalence des frontières, 15 octobre 2021, Epinal (publication des actes en 2022).
« La relation de couple au prisme de l'excentricité. Etude de la relation homme-poupée de compagnie », colloque Excentricités, 13 avril 2017, Bordeaux.";;;;"Interactions entre forces en présence  (en remplacement des termes « Interactions Homme-Machine », pour un domaine englobant toutes les ontologies possibles)
Sémiologie des objets
Anthropologie au-delà de l’humain
Méthodologies d’enquête et de terrain";;;;
gheuguet;Guillaume Heuguet;Chercheur | Membre associé;;"* **Email:** [redhotcar@gmail.com](mailto:redhotcar@gmail.com)
* **Profils:** [LinkedIn](https://www.linkedin.com/in/guillaumeheuguet/) | [HAL](https://hal.science/search/index/?q=%2A&rows=30&authIdPerson_i=2909&sort=publicationDate_tdate+desc)";;;;;;;;;;;;;;;;;;;;Editeur, auteur culture, technologies et musique.;;;;;;;;;;;;;;;;;;;;;;esthétique, théorie critique, politique de la culture, industries culturelles et plateformes, cultures audiovisuelles, musicales et sonores;;;;
vjeanneperrier;Valérie Jeanne-Perrier;Professeure des universités | Membre permanent en enseignement et recherche;valerie_jeanne_perrier.webp;"* **Email:** [valerie.jeanne-perrier@sorbonne-universite.fr](mailto:valerie.jeanne-perrier@sorbonne-universite.fr)
* **Profils:** [LinkedIn](https://www.linkedin.com/in/jeanne-perrier-0989b810b) | [HAL](https://hal.science/search/index/?q=%2A&rows=30&authIdPerson_i=1149584&sort=publicationDate_tdate+desc) | [Twitter](https://x.com/vjeanneperrier)";;;;;;;;;;;;;;;;;;;;Valérie Jeanne-Perrier est Professeure des universités en sciences de l'information et de la communication et directrice de l'école publique de journalisme du CELSA, école interne de la Faculté des Lettres de Sorbonne Université. Elle encadre les cursus destinés à former des professionnels des médias avec l'aide et le soutien de journalistes en poste ou de pigistes ou de chercheurs associés également actifs au sein de rédactions. Ses recherches portent sur les transformations des pratiques et des identités professionnelles des journalistes liées aux usages de nouveaux médias et sur l'analyse des interfaces des dispositifs que ceux-ci mobilisent pour exercer leur métier. Elle anime un séminaire de recherche avec Pauline Escande-Gauquié, intitulé « Médiamorphoses », qui s'inscrit dans les travaux de l'axe « Formes et écritures médiatiques et journalisme ».;;;;;;;;;"Valérie Jeanne-Perrier, Pauline Escande-Gauquié,
Médiations de la mode
, Editions Academia-Bruylant, 2021, coll « Extensions sémiotiques », 42 p.
Emmanuël Souchier, Etienne Candel, Gustavo Gomez-Mejia, Valerie Jeanne Perrier,
Le numérique comme écriture. Théories et méthode d’analyse
, Armand Colin, 2019, coll. « Codex », 358 p.
Valérie Jeanne-Perrier,
Les journalistes face aux réseaux sociaux ? - une nouvelle relation entre médias et politiques
, Editions MKF, 2018, 176 p. Valérie Jeanne-Perrier, Le partage photographique, NecPlus, 2017, 126 p.
Valérie Jeanne-Perrier,
Internet a aussi changé la mode Quand Facebook, Twitter, Instagram, Snapchat, Pinterest, YouTube, Vine, Periscope, Tumbl'r & Cie s'affichent sur le devant des podiums
, Kawa éditions, 2016, 133 p.";;;;;;;;;"Ouvrages
Valérie Jeanne-Perrier, Pauline Escande-Gauquié,
Médiations de la mode
, Editions Academia-Bruylant, 2021, coll « Extensions sémiotiques », 42 p.
Emmanuël Souchier, Etienne Candel, Gustavo Gomez-Mejia, Valerie Jeanne Perrier,
Le numérique comme écriture. Théories et méthode d’analyse
, Armand Colin, 2019, coll. « Codex », 358 p.
Valérie Jeanne-Perrier,
Les journalistes face aux réseaux sociaux ? - une nouvelle relation entre médias et politiques
, Editions MKF, 2018, 176 p. Valérie Jeanne-Perrier, Le partage photographique, NecPlus, 2017, 126 p.
Valérie Jeanne-Perrier,
Internet a aussi changé la mode Quand Facebook, Twitter, Instagram, Snapchat, Pinterest, YouTube, Vine, Periscope, Tumbl'r & Cie s'affichent sur le devant des podiums
, Kawa éditions, 2016, 133 p.";;;;"Journalisme
Transformations médiatiques des médias et des métiers du journalisme
Sémiologie et nouvelles écritures numériques
Ocean literacy et journalisme scientifique
Intelligence artificielle, nouveaux outils et processus de constructions des représentations de l'information";;;;
ljoigny;Liliane Joigny;Responsable administrative | Membre permanent administratif;;* **Email:** [liliane.joigny@sorbonne-universite.fr](mailto:liliane.joigny@sorbonne-universite.fr);;;;;;;;;;;;;;;;;;;;;;;;;;;;;;;;;;;;;;;;;;;;;;
vjulliard;Virginie Julliard;Professeure des Universités | Membre permanent en enseignement et recherche;virginie_julliard.webp;"* **Email:** [virginie.julliard@sorbonne-universite.fr](mailto:virginie.julliard@sorbonne-universite.fr)
* **Profils:** [LinkedIn](https://www.linkedin.com/in/virginie-julliard-b2075744/) | [HAL](https://hal.science/search/index/?q=%2A&rows=30&authIdPerson_i=739170&sort=publicationDate_tdate+desc) | [Twitter](https://x.com/vjulliar)
* **CV:** [Télécharger le CV](https://kit-117.sorbonne-universite.fr/sites/default/files/media/2022-09/cv-julliard-2020.pdf)";"Projet de recherche
Pilotage :
IRIS Interdisciplinary Research on Image circulation on SNSs : analyse de la circulation des images dans les RSN, de la naissance de langages visuels vernaculaires et de la constitution de communautés politiques en ligne. (Terrains : débats sur la PMA, controverse sur la “théorie du genre”, etc.). Equipe : Gaël Lejeune, Kenza Benabdelouhab (SU), Fred Pailler (Université du Luxembourg),  Nédra Mellouli-Nauwynck, Maxime Cervulle, Alexandra Saemmer (Université Paris 8).
Discriminations algorithmiques ? L’IA entre aide à la modération et censure sur les réseaux sociaux numériques (Contrat doctoral SCAI). Doctorant : Thibault Grison.
Participation :
ANR TRACTIVE : aider au repérage automatisé (deep learning) du male gaze dans des productions audiovisuelles françaises (cinéma, télévision, RSN). Coordinatrice : Lucile Sassatelli (Université de Nice)
Sherlock
Diaconat";;;;;;;;;;Virginie Julliard (Sorbonne Université CELSA, GRIPIC): « The Strategic Use of “Sex Difference” in the Digital Communication of French Nationalist and Far Right Organizations ». Authoritarian Populism and Media, 30 juin 2022;;;;;;;;;"Après avoir été maîtresse de conférences à l'université de technologie de Compiègne (COSTECH), j'ai rejoint le CELSA/GRIPIC en tant que professeure des universités en septembre 2019. // Recherche // Mes recherches portent sur la production médiatique du genre, la conflictualité sociale autour de la définition de la ""différence des sexes"" et les dispositifs d'écriture numérique. Dans le cadre de la recherche originale pour l'HDR, j'ai notamment étudié la façon dont les réseaux sociaux numériques renouvellent les manifestations du genre, la forme des débats publics, et la structuration des communautés politiques. Depuis 2018 (HDR), je m'intéresse au statut de l'informatique dans la recherche en SHS. //Directrice de CERES// Faisant suite au projet TRANSNUM (COSTECH-UTC/GRIPIC-CELSA-SU), l'unité de service CERES a été créée en février 2021. CERES, le Centre d'expérimentation en méthodes numériques pour les SHS, a vocation à accompagner techniquement et méthodologiquement les chercheuses et les chercheurs de la faculté des Lettres de Sorbonne-Université qui souhaitent recourir à l'informatique dans leurs projets de recherche. CERES constitue par ailleurs un contexte pour réfléchir au statut des outils informatiques dans la recherche en sciences humaines et sociales. CERES est adossé au programme doctoral Méthodes numériques pour les Lettres et SHS de l'Alliance Sorbonne Université.";;;;;;;;;"Virginie Julliard,
De la presse à Internet : la parité en questions,
HERMES, 2012, 288 p.";;;;;;"Pilotage :
IRIS Interdisciplinary Research on Image circulation on SNSs : analyse de la circulation des images dans les RSN, de la naissance de langages visuels vernaculaires et de la constitution de communautés politiques en ligne. (Terrains : débats sur la PMA, controverse sur la “théorie du genre”, etc.). Equipe : Gaël Lejeune, Kenza Benabdelouhab (SU), Fred Pailler (Université du Luxembourg),  Nédra Mellouli-Nauwynck, Maxime Cervulle, Alexandra Saemmer (Université Paris 8).
Discriminations algorithmiques ? L’IA entre aide à la modération et censure sur les réseaux sociaux numériques (Contrat doctoral SCAI). Doctorant : Thibault Grison.
Participation :
ANR TRACTIVE : aider au repérage automatisé (deep learning) du male gaze dans des productions audiovisuelles françaises (cinéma, télévision, RSN). Coordinatrice : Lucile Sassatelli (Université de Nice)
Sherlock
Diaconat";;;"Ouvrages
Virginie Julliard,
De la presse à Internet : la parité en questions,
HERMES, 2012, 288 p.
Communications et interventions
Virginie Julliard (Sorbonne Université CELSA, GRIPIC): « The Strategic Use of “Sex Difference” in the Digital Communication of French Nationalist and Far Right Organizations ». Authoritarian Populism and Media, 30 juin 2022";;;;"Discipline
: Sciences de l'information et de la communication
Thématiques de recherche
:
Formes et écritures médiatiques,
Dynamiques de communication dans l'espace public
Activité d'enseignement
:
L3 - Le travail du genre,
M1 - Culture populaire médiatique : histoire, représentations, circulations (avec T. Devars et C. Rondot),
M2 Médias et numérique - Approches critiques des médias et du numérique,
M2 Médias, innovation et création (app) - Approche sémiopragmatique du genre ,
M2 Médias et management - Enquête de terrain,
M2 Médias et management - Méthodologie du mémoire,
M2 Médias et management - Approche sémiopragmatique du genre,
M2 Technologie et communication numérique (FI/FC) - Gestion de projet numérique (avec l'Ecole des Mines Alès),
M2 Technologie et communication numérique (FI/FC) - Méthodologie du mémoire
Télécharger le CV";;;;
skiang;Sophie Kiang;Doctorante-chercheuse | Membre permanent en formation doctorale;sophie_kiang.webp;* **Profils:** [LinkedIn](https://www.linkedin.com/in/sophie-kiang-99616a196/);;;;;;;;;;;;;;;;;;;;;;;;;;;;;;;;;;;;;;;;;;;;;;
skitar;Sarah Kitar;Doctorante-chercheuse | Membre permanent en formation doctorale;;"* **Email:** [Sarah.Kitar@ehesp.fr](mailto:Sarah.Kitar@ehesp.fr)
* **Profils:** [HAL](https://hal.science/search/index/?q=%2A&rows=30&authFullName_s=Sarah+Kitar&sort=publicationDate_tdate+desc)";;;;;;;;;;;;;;;;;;;;;;;;;;;;;;;;;;;;;;;;;;"Discipline
: Sciences de l'information et de la communication
Thématiques de recherche
: Cultures, savoirs et communication, Enjeux de communication et relations de travail
Sujet de recherche
: Les chercheurs et la communication de la recherche : enjeux, représentations et pratiques au sein de l’EHESP
Directeur de thèse
: Joelle le Marec";;;;
alalande;Antoine Lalande;Doctorant-chercheur | Membre permanent en formation doctorale;;* **Profils:** [HAL](https://hal.science/search/index/?q=%2A&rows=30&authIdPerson_i=1149289&sort=publicationDate_tdate+desc);;;;;;;;;;;;;;;;;;;;;;;;;;;;;;;;;;;;;;;;;;;;;;
llamache;Lucille Lamache;Doctorante-chercheuse | Membre permanent en formation doctorale;;* **Profils:** [LinkedIn](https://www.linkedin.com/in/lucille-lamache-43a527203/);;;;;;;;;;;;;;;;;;;;;;;;;;;;;;;;;;;;;;;;;;Mes recherches portent sur les mobilisations sociales écologistes du XXIe siècle. Plus particulièrement, je m'intéresse aux actions qui prennent place dans les musées européens, nord-américains et océaniens depuis juin 2022 et aux processus de médiatisation qui entourent ce phénomène.;;;;
planglais;Pierre-Carl Langlais;Chercheur | Membre associé;;"* **Email:** [pierre-carl.langlais@paris-sorbonne.fr](mailto:pierre-carl.langlais@paris-sorbonne.fr)
* **Profils:** [LinkedIn](https://www.linkedin.com/in/pierre-carl-langlais-b0105b10/) | [HAL](https://hal.science/search/index/?q=%2A&rows=30&authFullName_s=Pierre-Carl+Langlais&sort=publicationDate_tdate+desc)
* **CV:** [Télécharger le CV](https://kit-117.sorbonne-universite.fr/sites/default/files/media/2022-09/Pierre-Carl%20Langlais.pdf)";;;;;;;;;;;;;;;;;;;;All about open science LLMs (Large Language Models).;;;;;;;;;;;;;;;;;;;;;;;;;;
alaruncet;Adélie Laruncet;Doctorante-chercheuse | Membre permanent en formation doctorale;adelie_laruncet.webp;* **Profils:** [LinkedIn](https://www.linkedin.com/in/adélie-laruncet-537081169/) | [HAL](https://hal.science/search/index/?q=%2A&rows=30&authFullName_s=Ad%C3%A9lie+Laruncet&sort=publicationDate_tdate+desc);;;;;;;;;;;;;;;;;;;;;;;;;;;;;;;;;;;;;;;;;;;;;;
dlatif;Daniel Latif;Doctorant-chercheur | Membre permanent en formation doctorale;;;;;;;;;;;;;;;;;;;;;;;;;;;;;;;;;;;;;;;;;;;;;;;;
ibretonfalezan;Isabelle Le Breton-Falezan;Maitresse de conférences | Membre permanent en enseignement et recherche;isabelle_le_breton_falezan.webp;"* **Email:** [isabelle.le_breton-falezan@sorbonne-universite.fr](mailto:isabelle.le_breton-falezan@sorbonne-universite.fr)
* **Profils:** [LinkedIn](https://www.linkedin.com/in/isabelle-le-breton-falezan-501a1a59) | [HAL](https://hal.science/search/index/?q=%2A&rows=30&authIdPerson_i=1149586&sort=publicationDate_tdate+desc)";"Colloques et journées d’étude :
24-25 sept. 2015 - Celsa - Colloque ""Figures des décideurs en régime médiatique""  - Intervention : ""Médiatisation télévisée d’une communication politique de crise : mises en scène de l’inflexibilité de Manuel Valls  aux JT de France 2 et de TF1"".
22-24 juin 2015 - Aix en Provence - Congrès de l’AFSP - Co-organisation d’une Section thématique (ST 55) “La communication des organisations intergouvernementales”.
1 co-encadrement scientifique de Thèse (avec le professeur Yves Jeanneret) :
(2010-2015) : Celsa Paris-Sorbonne, Titre : “Représenter et incarner une organisation internationale. Analyse d’une prétention communicationnelle sur le site internet de l’UNESCO” - Auteur : Camille Rondot. Thèse soutenue le 13 septembre 201.5
2 autres participations à des jurys de Thèse :
octobre 2016 : Ecole doctorale de Sciences-Po Paris - Discipline : Sciences politiques - Titre : “ La communication à l'ONU” - Auteur : M. REGRAGUI Ismaël - Direction : professeur Guillaume Devin.
décembre 2017 : Ecole doctorale de l’Université Paris VII Denis Diderot - Discipline : SIC - Titre : “Continuité et rupture de la prégnance médiatique. La couverture de la Chine par le Monde diplomatique (1975-1992)”  - Auteur : M. Alexandre Schiele - Direction : professeure  Joëlle Le Marec.
Organisation de “Tables rondes” entre professionnels et universitaires. Un exemple :
13 juin 2017 : Celsa Sorbonne-Université - “L’Election présidentielle française” (avec Th. Devars, MCF Celsa)";;;;;;;;;;;;;;;;;;;Les recherches et enseignements d’Isabelle Le Breton-Falézan se penchent sur la part prise par la communication dans l’institutionnalisation des acteurs (individuels ou collectifs, organisations, institutions..) qui évoluent dans l’espace public. Que celui-ci soit local, national ou international. Comment leur identité et leur autorité se construisent dans cet espace physique et médiatique, comment ils démontrent leur dimension agissante. Etant de formation juridique, puis politiste, il s’agit pour elle d’étudier ensemble trois registres interdépendants : le comportement de ces acteurs (faits de langage, représentations mentales..), la matérialité des dispositifs de communication qu’ils mobilisent et les logiques sociales et culturelles dans lesquels l’ensemble s’inscrit. La vie politique française constitue le champ désormais privilégié de ses activités. Par le passé, ce sont les organisations internationales qui ont inspiré le plus ses travaux, cours et présence dans des événements scientifiques.;;;;;;;;;;;;;;;;;;;;;;"La communication politique en France sous la Vème République. Approche socio-historique. Liens évolutifs entre le droit constitutionnel, la sociologie politique du régime, ET l’évolution des dispositifs d’information et communication.
La médiatisation télévisuelle du politique.
Plus largement toutes les constructions médiatiques du politique (y compris « journalistique »), les formes digitales de  la communication des acteurs et des instances politiques (en tension avec ses  persistances télévisuelles).
Les dispositifs et modes de médiation, de décision et de légitimation politiques
Crise, politique et communication.
Médiatisation de la scène internationale (via la politique étrangère de la France, les organisations internationales onusiennes, les conflits…).";;;;
gsaulnier;Guillaume Le Saulnier;Maître de conférences | Membre permanent en enseignement et recherche;guillaume_le_saulnier.webp;"* **Email:** [guillaume.le_saulnier@sorbonne-universite.fr](mailto:guillaume.le_saulnier@sorbonne-universite.fr)
* **Profils:** [LinkedIn](https://www.linkedin.com/in/guillaume-le-saulnier-ab6a9633/) | [HAL](https://hal.science/search/index/?q=%2A&rows=30&authIdPerson_i=1356710&sort=publicationDate_tdate+desc)";"Chercheur associé au Centre d’Analyse et de Recherche Interdisciplinaires sur les Médias (CARISM), Université Paris-Panthéon-Assas.
Depuis 2024 : Enseignements « Médias et police » dans le DU de sociologie « Police-population » de l’Université de Picardie Jules Verne, animé par 23 sociologues et destiné à former les policiers aux sciences sociales.
2019-2023 : Membre titulaire du Conseil National des Universités, section 71.
Co-organisation du séminaire annuel « Corpus à l’œuvre », CÉREP, Université de Reims Champagne-Ardenne, de 2018 à 2023.
Co-organisation du workshop international ""Media and Work. New Visibility, Representation and Visual Culture of Professional Groups"", subventionné par le Fonds National Suisse de la Recherche Scientifique, Université de Lausanne, 10-12 février 2016.
Co-organisation de la journée d’étude « Les publics en mouvement », CARISM, Université Paris-Panthéon-Assas, 17 juin 2014.
Co-organisation du séminaire « Des savoirs policiers aux savoirs sur la police : objectivation, transmission, divulgation », CÉREP, Université de Reims Champagne-Ardenne, 11 avril 2014.
Co-organisation du colloque « (e?)-réputation : approches interdisciplinaires », IUT de Troyes, Université de Reims Champagne-Ardenne, 28-29 novembre 2013.
Co-organisation de la journée d’étude « La médiatisation des groupes professionnels », CÉREP, Université de Reims Champagne-Ardenne, 15 novembre 2013.
Projets de recherche
1
er
semestre 2020 : Congé recherches obtenu auprès de la 71e section du CNU, en soutien à une enquête au long cours sur « La communication de l’Intérieur. Une analyse socio-discursive du discours institutionnel de la police nationale », par observations, entretiens et analyse statistique d’une base de données interne dédiée aux relations presse (avec remise d’un rapport).
2015-2017 : Contrat de recherche, CARISM, Université Paris-Panthéon-Assas : enquête par questionnaire et entretiens sur les conditions d’insertion et les parcours professionnels des diplômés de formations en journalisme, subventionnée par l’AFDAS (avec remise d’un rapport).
2013-2014 : Projet régional « incitatif-amont », CÉREP, Université de Reims Champagne-Ardenne : enquête sur l’autoreprésentation d’une profession taiseuse dans les « blogs de policiers » et les ethè discursifs construits par leurs auteurs, par analyse de discours (logiciel Alceste) et entretiens (avec remise d’un rapport).
2010-2011 : Contrat de recherche en post-doctorat, CARISM, Université Paris-Panthéon-Assas : enquête qualitative sur la lecture de la presse en ligne, subventionnée par le DEPS, ministère de la Culture et de la Communication (avec remise d’un rapport).
2005-2006 : Contrat de recherche « Entrelacs », SUSI, France Télécom R&D : enquête ethnographique sur les articulations complexes entre les usages des technologies de communication et l’entretien des réseaux de sociabilité (avec remise d’un rapport).";;;"Le Saulnier Guillaume, « Ce que dit la police. Communication et légitimation de la force publique », Politiques de communication, n° 20-21, 2023, p. 109-136. DOI : https://doi.org/10.3917/pdc.020.0109
Le Saulnier Guillaume, « La communication de l’Intérieur : un objet dramaturgique et politique (présentation du numéro) », MEI - Médiation & Information, n° 53, 2023, p. 7-20.
Connan Pierre-Yves, Le Saulnier Guillaume, et Verdier Benoît, « La mise en (in)visibilité des groupes professionnels. Éléments pour une approche communicationnelle », Questions de communication, n° 39, 2021, p. 9-22. DOI : https://doi.org/10.4000/questionsdecommunication.25135
Devillard Valérie et Le Saulnier Guillaume, « Les mobilisations de travailleuses du sexe dans les années 2010 contre la croisade morale abolitionniste », Le Temps des Médias, n° 34, 2020, p. 112-125. URL : http://www.histoiredesmedias.com/Les-mobilisations-de-travailleuses.html
Devillard Valérie et Le Saulnier Guillaume, « Sortir du journalisme. Les diplômés en journalisme entre emplois instables et carrières déviantes », Recherches en Communication, vol. 43, 2020, p. 79-104. URL : https://ojs.uclouvain.be/index.php/rec/article/view/58043/54203
Le Saulnier Guillaume, « De policier à communicant dans la police nationale. Les conditions sociales d’une conversion improbable », Communication & professionnalisation [En ligne], n° 7, 2018, p. 29-48. URL : https://doi.org/10.14428/rcompro.v7i1.18183
Devillard Valérie et Le Saulnier Guillaume, « Le problème public de la prostitution aux marges des arènes publiques numériques. Luttes interprétatives et mobilisations pro-droits contre l’offensive abolitionniste sur le web », Journal des anthropologues, n° 142-143, 2015, p. 203-226. URL : https://journals.openedition.org/jda/6279
Le Saulnier Guillaume, « La police nationale au défi des relations presse : une information sous contrôle ? », Mots. Les langages du politique, n° 99, 2012, p. 129-142. URL : https://journals.openedition.org/mots/20700
Le Saulnier Guillaume, « Les policiers réels devant leurs homologues fictifs : fiction impossible ? Pour une sociologie de la réception dans la sphère professionnelle », Réseaux, n° 165, 2011, p. 109-135. URL : https://www.cairn.info/revue-reseaux-2011-1-page-109.htm?contenu=article
Granjon Fabien, Blanco Catherine, Le Saulnier Guillaume, et Mercier Grégory, « Sociabilités et familles populaires. Une socio-ethnographie de la mise en contact », Réseaux, n° 145-146, 2007, p. 117-157. URL : https://shs.cairn.info/revue-reseaux1-2007-6-page-117?lang=fr";;;;;"Devillard Valérie et Le Saulnier Guillaume, « Le tournant ethnographique. Le parti pris des publics », dans Valérie Devillard et Cécile Méadel (dir.), Le manuel en étude des médias, Éditions Panthéon-Assas, à paraître en 2025.
Devillard Valérie et Le Saulnier Guillaume, « Les études sur les usages et gratifications des médias : vers une audience active », dans Valérie Devillard et Cécile Méadel (dir.), Le manuel en étude des médias, Éditions Panthéon-Assas, à paraître en 2025.
Devillard Valérie et Le Saulnier Guillaume, « Qui sont les journalistes français ? Portrait sociodémographique de la profession », dans Lucie Alexis, Valérie Devillard, Agnès Granchet, et Guillaume Le Saulnier (dir.), Le manuel de journalisme, Paris, Ellipses, 2022, p. 77-85.
Devillard Valérie et Le Saulnier Guillaume, « Devenir journaliste : de la formation à l’insertion dans les mondes de l’information », dans Lucie Alexis, Valérie Devillard, Agnès Granchet, et Guillaume Le Saulnier (dir.), Le manuel de journalisme, Paris, Ellipses, 2022, p. 87-96.
Le Saulnier Guillaume, « ""Tout le monde déteste la police !"" Stigmatisation et dé-stigmatisation des policiers dans les arènes publiques médiatiques », dans Maëlle Bazin, Frédéric Lambert, et Giuseppina Sapio (dir.), Stigmatiser. Discours médiatiques et normes sociales, Lormont, Éditions Le Bord de l’eau, 2020, p. 119-132.
Devillard Valérie et Le Saulnier Guillaume, « Analyser les débats publics autour d’une loi controversée. A propos d’une enquête sur l’Observatoire TransMedia », dans Sarah Lécossais et Nelly Quemener (dir.), En quête d’archives. Bricolages méthodologiques en terrains médiatiques, Paris, INA Éditions, 2018, p. 175-182.
Le Saulnier Guillaume, « La lecture de la presse en ligne. L’appropriation des contenus d’actualité au défi de la technique », dans Josiane Jouët et Rémy Rieffel (dir.), S’informer à l’ère numérique, Rennes, Presses Universitaires de Rennes, 2013, p. 57-83.
Le Saulnier Guillaume, « La médiatisation de la police du point de vue des policiers : le ressort professionnel de la réception des médias », dans Michaël Meyer (dir.), Médiatiser la police. Policer les médias, Lausanne, Éditions Antipodes, 2012, p. 163-175.";;"Le Saulnier Guillaume, « Quand la police fait l’actualité. De la réception à la co-construction des informations policières par la force publique », séminaire Acteurs, pratiques et représentations de la sécurité. XIXe - XXIe siècles, Sorbonne Université, 10 octobre 2023.
Le Saulnier Guillaume, « La communication de l’Intérieur : éléments pour une approche socio-discursive du discours institutionnel de la force publique », colloque international L’emprise de la communication, Sciences Po Toulouse, 15 et 16 décembre 2022.
Huré Isabelle et Le Saulnier Guillaume « La communication de la police nationale sur les réseaux sociaux numériques : de la quête de likes aux techniques de gouvernementalité », Information, Communication et Humanités Numériques. Enjeux et défis pour un enrichissement épistémologique, 23e colloque franco-roumain en sciences de l’information et de la communication, Université Babeș-Bolyai, Cluj-Napoca, 18-20 octobre 2018.
Le Saulnier Guillaume, « Convaincre et se laisser convaincre : l’enquêteur face à la condition policière », Ateliers lausannois d’ethnographie, 3e édition, Négocier un terrain. Ethnographie et négociation : accéder et se maintenir sur un terrain d’enquête, Université de Lausanne, 26-27 avril 2018.
Le Saulnier Guillaume, « ""Tout le monde déteste la police !"" Stigmatisation et dé-stigmatisation des policiers dans les arènes publiques médiatiques », journées d’étude Stigmatiser : normes sociales et pratiques médiatiques, CARISM, Université Paris-Panthéon-Assas, 17-18 mai 2017.
Le Saulnier Guillaume, « Les théories de la réception : apports et apories d’un champ d’études », keynote pour la journée d’étude internationale Images, réalités et fictions des rapports Nord-Sud, IUT de Troyes, Université de Reims Champagne-Ardenne, 23 mars 2017.
Le Saulnier Guillaume, « Les groupes professionnels au prisme des médias : esquisse théorique », colloque international Media and Work. New Visibility, Representation and Visual Culture of Professional Groups, Université de Lausanne, 10-12 février 2016.
Connan Pierre-Yves, Le Saulnier Guillaume, et Verdier Benoît, « Quand les policiers se réapproprient leur image sur le web. Un discours institutionnel en tensions », colloque Montrer le travail et les groupes professionnels, Université de Lausanne, 3-4 septembre 2015.
Le Saulnier Guillaume, « Forces de l’ordre et ""mondes de l’art"" : les policiers auteurs et acteurs de la création fictionnelle », journée d’étude Les cultures populaires et le monde du travail, CIRLEP, Université de Reims Champagne-Ardenne, 9 avril 2015.
Devillard Valérie et Le Saulnier Guillaume, « Une ""mobilisation improbable"" jusque dans les médias ? Les luttes définitionnelles relatives à la prostitution dans les arènes numériques », séminaire Genre, féminisme et mobilisations collectives, EHESS, 9 janvier 2015.
Le Saulnier Guillaume, « Les policiers réels devant leurs homologues fictifs : de la répulsion à la fascination. La fiction comme opérateur de dé-frustration et de dé-singularisation », colloque international La police entre fiction et non-fiction. Circulation, représentation et communication (XX-XXIe siècles), LCP / CNRS, CESDIP, UNIL, IPJ / Université Paris Dauphine, INA, 28-29 mars 2013.
Connan Pierre-Yves, Le Saulnier Guillaume, et Verdier Benoît, « Les usages des médias sociaux par les collectifs de travail : un renouvellement des rhétoriques professionnelles », 18e congrès de la SFSIC, Université Rennes 2, 30 mai - 1er juin 2012.
Le Saulnier Guillaume, « La médiatisation de la police au regard des policiers. Réception des médias et socialisation professionnelle », journée d’étude La police : source des médias. Nouvelle communication policière, sources officielles et écriture journalistique, LABSO, Université de Lausanne, 9 mai 2012.
Le Saulnier Guillaume, « Quand la fiction irrigue la réalité : les usages sociaux des séries policières dans la police nationale », colloque international Les séries télévisées américaines contemporaines, Université Paris 7, 5-7 mai 2011.
Blanco Catherine et Le Saulnier Guillaume, « Une socio-ethnographie de la mise en contact. Trois études de cas sur des foyers de condition modeste », 2e congrès de l’Association Française de Sociologie, Université Bordeaux 2, 5-8 septembre 2006.";;;;;"Le Saulnier Guillaume (dir.), Dossier « Police & communication », MEI - Médiation & Information, n° 53, 2023.
Connan Pierre-Yves, Le Saulnier Guillaume, et Verdier Benoît (dir.), Dossier « Mise en (in)visibilité des groupes professionnels », Questions de communication, n° 39, 2021. URL : https://journals.openedition.org/questionsdecommunication/25119
Huré Isabelle, Le Saulnier Guillaume, et Meyer Michaël (dir.), Dossier « Les discours des institutions pénales à l’épreuve du numérique », Semen, n° 46, 2019. URL : https://journals.openedition.org/semen/11802";;;;Mes recherches se concentrent sur le « couple bizarre » police-presse, et plus spécifiquement sur la communication et la légitimation de la force publique via les relations presse, les réseaux sociaux ou la création fictionnelle. Par extension, mes investigations concernent « l’emprise de la communication » dans le champ pénal, ainsi que le travail de représentation des groupes professionnels en vue de construire leur compétence et leur reconnaissance. Et ce, dans une sphère publique configurée et saturée par la communication, ses métiers, ses technologies, ses idéologies.;;;;;;;;;Alexis Lucie, Devillard Valérie, Granchet Agnès, et Le Saulnier Guillaume (dir.), Le manuel de journalisme, Paris, Ellipses, 2022.;;;;;;;"1
er
semestre 2020 : Congé recherches obtenu auprès de la 71e section du CNU, en soutien à une enquête au long cours sur « La communication de l’Intérieur. Une analyse socio-discursive du discours institutionnel de la police nationale », par observations, entretiens et analyse statistique d’une base de données interne dédiée aux relations presse (avec remise d’un rapport).
2015-2017 : Contrat de recherche, CARISM, Université Paris-Panthéon-Assas : enquête par questionnaire et entretiens sur les conditions d’insertion et les parcours professionnels des diplômés de formations en journalisme, subventionnée par l’AFDAS (avec remise d’un rapport).
2013-2014 : Projet régional « incitatif-amont », CÉREP, Université de Reims Champagne-Ardenne : enquête sur l’autoreprésentation d’une profession taiseuse dans les « blogs de policiers » et les ethè discursifs construits par leurs auteurs, par analyse de discours (logiciel Alceste) et entretiens (avec remise d’un rapport).
2010-2011 : Contrat de recherche en post-doctorat, CARISM, Université Paris-Panthéon-Assas : enquête qualitative sur la lecture de la presse en ligne, subventionnée par le DEPS, ministère de la Culture et de la Communication (avec remise d’un rapport).
2005-2006 : Contrat de recherche « Entrelacs », SUSI, France Télécom R&D : enquête ethnographique sur les articulations complexes entre les usages des technologies de communication et l’entretien des réseaux de sociabilité (avec remise d’un rapport).";;"Ouvrages
Alexis Lucie, Devillard Valérie, Granchet Agnès, et Le Saulnier Guillaume (dir.), Le manuel de journalisme, Paris, Ellipses, 2022.
Directions de dossiers
Le Saulnier Guillaume (dir.), Dossier « Police & communication », MEI - Médiation & Information, n° 53, 2023.
Connan Pierre-Yves, Le Saulnier Guillaume, et Verdier Benoît (dir.), Dossier « Mise en (in)visibilité des groupes professionnels », Questions de communication, n° 39, 2021. URL : https://journals.openedition.org/questionsdecommunication/25119
Huré Isabelle, Le Saulnier Guillaume, et Meyer Michaël (dir.), Dossier « Les discours des institutions pénales à l’épreuve du numérique », Semen, n° 46, 2019. URL : https://journals.openedition.org/semen/11802
Chapitres d’ouvrage
Devillard Valérie et Le Saulnier Guillaume, « Le tournant ethnographique. Le parti pris des publics », dans Valérie Devillard et Cécile Méadel (dir.), Le manuel en étude des médias, Éditions Panthéon-Assas, à paraître en 2025.
Devillard Valérie et Le Saulnier Guillaume, « Les études sur les usages et gratifications des médias : vers une audience active », dans Valérie Devillard et Cécile Méadel (dir.), Le manuel en étude des médias, Éditions Panthéon-Assas, à paraître en 2025.
Devillard Valérie et Le Saulnier Guillaume, « Qui sont les journalistes français ? Portrait sociodémographique de la profession », dans Lucie Alexis, Valérie Devillard, Agnès Granchet, et Guillaume Le Saulnier (dir.), Le manuel de journalisme, Paris, Ellipses, 2022, p. 77-85.
Devillard Valérie et Le Saulnier Guillaume, « Devenir journaliste : de la formation à l’insertion dans les mondes de l’information », dans Lucie Alexis, Valérie Devillard, Agnès Granchet, et Guillaume Le Saulnier (dir.), Le manuel de journalisme, Paris, Ellipses, 2022, p. 87-96.
Le Saulnier Guillaume, « ""Tout le monde déteste la police !"" Stigmatisation et dé-stigmatisation des policiers dans les arènes publiques médiatiques », dans Maëlle Bazin, Frédéric Lambert, et Giuseppina Sapio (dir.), Stigmatiser. Discours médiatiques et normes sociales, Lormont, Éditions Le Bord de l’eau, 2020, p. 119-132.
Devillard Valérie et Le Saulnier Guillaume, « Analyser les débats publics autour d’une loi controversée. A propos d’une enquête sur l’Observatoire TransMedia », dans Sarah Lécossais et Nelly Quemener (dir.), En quête d’archives. Bricolages méthodologiques en terrains médiatiques, Paris, INA Éditions, 2018, p. 175-182.
Le Saulnier Guillaume, « La lecture de la presse en ligne. L’appropriation des contenus d’actualité au défi de la technique », dans Josiane Jouët et Rémy Rieffel (dir.), S’informer à l’ère numérique, Rennes, Presses Universitaires de Rennes, 2013, p. 57-83.
Le Saulnier Guillaume, « La médiatisation de la police du point de vue des policiers : le ressort professionnel de la réception des médias », dans Michaël Meyer (dir.), Médiatiser la police. Policer les médias, Lausanne, Éditions Antipodes, 2012, p. 163-175.
Articles
Le Saulnier Guillaume, « Ce que dit la police. Communication et légitimation de la force publique », Politiques de communication, n° 20-21, 2023, p. 109-136. DOI : https://doi.org/10.3917/pdc.020.0109
Le Saulnier Guillaume, « La communication de l’Intérieur : un objet dramaturgique et politique (présentation du numéro) », MEI - Médiation & Information, n° 53, 2023, p. 7-20.
Connan Pierre-Yves, Le Saulnier Guillaume, et Verdier Benoît, « La mise en (in)visibilité des groupes professionnels. Éléments pour une approche communicationnelle », Questions de communication, n° 39, 2021, p. 9-22. DOI : https://doi.org/10.4000/questionsdecommunication.25135
Devillard Valérie et Le Saulnier Guillaume, « Les mobilisations de travailleuses du sexe dans les années 2010 contre la croisade morale abolitionniste », Le Temps des Médias, n° 34, 2020, p. 112-125. URL : http://www.histoiredesmedias.com/Les-mobilisations-de-travailleuses.html
Devillard Valérie et Le Saulnier Guillaume, « Sortir du journalisme. Les diplômés en journalisme entre emplois instables et carrières déviantes », Recherches en Communication, vol. 43, 2020, p. 79-104. URL : https://ojs.uclouvain.be/index.php/rec/article/view/58043/54203
Le Saulnier Guillaume, « De policier à communicant dans la police nationale. Les conditions sociales d’une conversion improbable », Communication & professionnalisation [En ligne], n° 7, 2018, p. 29-48. URL : https://doi.org/10.14428/rcompro.v7i1.18183
Devillard Valérie et Le Saulnier Guillaume, « Le problème public de la prostitution aux marges des arènes publiques numériques. Luttes interprétatives et mobilisations pro-droits contre l’offensive abolitionniste sur le web », Journal des anthropologues, n° 142-143, 2015, p. 203-226. URL : https://journals.openedition.org/jda/6279
Le Saulnier Guillaume, « La police nationale au défi des relations presse : une information sous contrôle ? », Mots. Les langages du politique, n° 99, 2012, p. 129-142. URL : https://journals.openedition.org/mots/20700
Le Saulnier Guillaume, « Les policiers réels devant leurs homologues fictifs : fiction impossible ? Pour une sociologie de la réception dans la sphère professionnelle », Réseaux, n° 165, 2011, p. 109-135. URL : https://www.cairn.info/revue-reseaux-2011-1-page-109.htm?contenu=article
Granjon Fabien, Blanco Catherine, Le Saulnier Guillaume, et Mercier Grégory, « Sociabilités et familles populaires. Une socio-ethnographie de la mise en contact », Réseaux, n° 145-146, 2007, p. 117-157. URL : https://shs.cairn.info/revue-reseaux1-2007-6-page-117?lang=fr
Communications et interventions
Le Saulnier Guillaume, « Quand la police fait l’actualité. De la réception à la co-construction des informations policières par la force publique », séminaire Acteurs, pratiques et représentations de la sécurité. XIXe - XXIe siècles, Sorbonne Université, 10 octobre 2023.
Le Saulnier Guillaume, « La communication de l’Intérieur : éléments pour une approche socio-discursive du discours institutionnel de la force publique », colloque international L’emprise de la communication, Sciences Po Toulouse, 15 et 16 décembre 2022.
Huré Isabelle et Le Saulnier Guillaume « La communication de la police nationale sur les réseaux sociaux numériques : de la quête de likes aux techniques de gouvernementalité », Information, Communication et Humanités Numériques. Enjeux et défis pour un enrichissement épistémologique, 23e colloque franco-roumain en sciences de l’information et de la communication, Université Babeș-Bolyai, Cluj-Napoca, 18-20 octobre 2018.
Le Saulnier Guillaume, « Convaincre et se laisser convaincre : l’enquêteur face à la condition policière », Ateliers lausannois d’ethnographie, 3e édition, Négocier un terrain. Ethnographie et négociation : accéder et se maintenir sur un terrain d’enquête, Université de Lausanne, 26-27 avril 2018.
Le Saulnier Guillaume, « ""Tout le monde déteste la police !"" Stigmatisation et dé-stigmatisation des policiers dans les arènes publiques médiatiques », journées d’étude Stigmatiser : normes sociales et pratiques médiatiques, CARISM, Université Paris-Panthéon-Assas, 17-18 mai 2017.
Le Saulnier Guillaume, « Les théories de la réception : apports et apories d’un champ d’études », keynote pour la journée d’étude internationale Images, réalités et fictions des rapports Nord-Sud, IUT de Troyes, Université de Reims Champagne-Ardenne, 23 mars 2017.
Le Saulnier Guillaume, « Les groupes professionnels au prisme des médias : esquisse théorique », colloque international Media and Work. New Visibility, Representation and Visual Culture of Professional Groups, Université de Lausanne, 10-12 février 2016.
Connan Pierre-Yves, Le Saulnier Guillaume, et Verdier Benoît, « Quand les policiers se réapproprient leur image sur le web. Un discours institutionnel en tensions », colloque Montrer le travail et les groupes professionnels, Université de Lausanne, 3-4 septembre 2015.
Le Saulnier Guillaume, « Forces de l’ordre et ""mondes de l’art"" : les policiers auteurs et acteurs de la création fictionnelle », journée d’étude Les cultures populaires et le monde du travail, CIRLEP, Université de Reims Champagne-Ardenne, 9 avril 2015.
Devillard Valérie et Le Saulnier Guillaume, « Une ""mobilisation improbable"" jusque dans les médias ? Les luttes définitionnelles relatives à la prostitution dans les arènes numériques », séminaire Genre, féminisme et mobilisations collectives, EHESS, 9 janvier 2015.
Le Saulnier Guillaume, « Les policiers réels devant leurs homologues fictifs : de la répulsion à la fascination. La fiction comme opérateur de dé-frustration et de dé-singularisation », colloque international La police entre fiction et non-fiction. Circulation, représentation et communication (XX-XXIe siècles), LCP / CNRS, CESDIP, UNIL, IPJ / Université Paris Dauphine, INA, 28-29 mars 2013.
Connan Pierre-Yves, Le Saulnier Guillaume, et Verdier Benoît, « Les usages des médias sociaux par les collectifs de travail : un renouvellement des rhétoriques professionnelles », 18e congrès de la SFSIC, Université Rennes 2, 30 mai - 1er juin 2012.
Le Saulnier Guillaume, « La médiatisation de la police au regard des policiers. Réception des médias et socialisation professionnelle », journée d’étude La police : source des médias. Nouvelle communication policière, sources officielles et écriture journalistique, LABSO, Université de Lausanne, 9 mai 2012.
Le Saulnier Guillaume, « Quand la fiction irrigue la réalité : les usages sociaux des séries policières dans la police nationale », colloque international Les séries télévisées américaines contemporaines, Université Paris 7, 5-7 mai 2011.
Blanco Catherine et Le Saulnier Guillaume, « Une socio-ethnographie de la mise en contact. Trois études de cas sur des foyers de condition modeste », 2e congrès de l’Association Française de Sociologie, Université Bordeaux 2, 5-8 septembre 2006.";;;;"Les relations police-médias : communication et légitimation de la force publique ; fabrication de l’information policière ; réception et réappropriation de leur représentation par les policiers.
Les discours institutionnels et la professionnalisation de la communication.
Le travail de représentation des groupes professionnels dans la sphère publique : rhétoriques professionnelles ; construction discursive de la compétence et des identités au travail.
Les conditions d’insertion et les parcours professionnels des journalistes.";;;;
jlee;Junghwan Lee;Chercheuse | Membre associé;;"* **Email:** [ilshyf@hotmail.com](mailto:ilshyf@hotmail.com)
* **Profils:** [HAL](https://hal.science/search/index/?q=%2A&rows=30&authIdPerson_i=1030413&sort=publicationDate_tdate+desc)";;;;;;;;;;;;;;;;;;;;;;;;;;;;;;;;;;;;;;;;;;"Discipline
: Sciences de l'information et de la communication
Thématiques de recherche
: Formes et écritures médiatiques
Sujet de recherche
: La foule dans les écrits journalistiques et romanesques – étude de la spécificité de la foule dans l’écriture zolienne
Directeur de thèse
: Adeline Wrona";;;;
alevrier;Alexis Levrier;Maitre de conférences | Membre associé;alexis_levrier.webp;"* **Email:** [alexis.levrier@univ-reims.fr](mailto:alexis.levrier@univ-reims.fr)
* **Profils:** [LinkedIn](https://www.linkedin.com/in/alexis-lévrier-31456aa) | [HAL](https://hal.science/search/index/?q=%2A&rows=30&authIdPerson_i=1303620&sort=publicationDate_tdate+desc) | [Twitter](https://x.com/Alexlevrier)";;;;;;;"Colloques et journées organisés
Coorganisation, avec Luciano Piffanelli, de la journée d’études « Les supports de l’actualité à l’époque moderne », Université de Reims, 25 novembre 2022.
Coorganisation, avec Klaus-Dieter Ertler, de la Table ronde « Territoires, communautés, appartenances : la question de l’identité individuelle et collective dans les “spectateurs” » (ateliers 186 et 219), XVe Congrès de la Société Internationale d’Études du XVIIIe siècle, Édimbourg, mardi 16 juillet 2019.
Coorganisation, avec Guillaume Pinson, du colloque international « Les petits aventuriers du quotidien. Bande dessinée, journal et imaginaires médiatiques (XIXe-XXIe siècles), collaboration entre le CRIMEL (Université de Reims), l’Université Laval (Québec) et le GRIPIC (Celsa Sorbonne Université), 29-30 juin 2017, Sciences Po, campus de Reims.
Coorganisation, avec Françoise Gevrey, Amandine Lefèvre et Bernard Teyssandier, du colloque international « Le Secret. Un enjeu poétique, rhétorique et moral (XVIIe-XVIIIe siècles) », 22-24 mai 2013, Hôtel Ponsardin, Reims.
Coorganisation, avec Klaus-Dieter Ertler, de la journée d’études « Constructions du présent et de l’avenir dans les “Spectateurs” » (atelier AS 007), XIIIe Congrès international d’études du XVIIIe siècle, 26 juillet 2011, Université Karl-Franzens de Graz.
Coorganisation, avec Adeline Wrona, du colloque « Matière et esprit du journal : le discours de la forme dans la presse, de la Gazette à Internet », collaboration entre le CRIMEL et le GRIPIC (Groupe de Recherches Interdisciplinaires sur les Processus d’Information et de Communication, CELSA-Paris Sorbonne), Médiathèque de Troyes, 11-12 mars 2010.
Coorganisation, avec Françoise Gevrey, de la journée d’étude « Érudition et polémique dans les périodiques anciens », 20 mai 2005, Médiathèque-Cathédrale de Reims.
Conférences et séminaires (sélection)
« Jupiter et Mercure : un quinquennat dans l’histoire de la presse », séminaire « Histoire des médias, de l’image et de la communication politique », organisé par François Robinet, Université Paris-Saclay (UVSQ), Centre d’histoire culturelle des sociétés contemporaines, 17 novembre 2021.
« Le premier siècle de l’histoire de la presse », journée d’études de l’agrégation d’histoire organisée par Caroline Lemao, Bordeaux, Université Bordeaux Montaigne, 23 novembre 2020 (en distanciel).
« L’ennemi journaliste : naissance d’une obsession sous l’Ancien Régime », séminaire Élico (Équipe de recherche de Lyon en sciences de l’information et de la communication), Lyon, ENSSIB, 24 janvier 2020.
« Des cafés à l’arbre de Cracovie : images de la fausse information sous l’Ancien Régime », conférence dans le cadre du séminaire « Images-sons-mémoires » du LAHRA, sous la direction de Laurent Baridon, Evelyne Cohen et Anne-Marie Granet-Abisset, Université de Grenoble, lundi 10 décembre 2018.
« (À suivre)... Journalisme et bande dessinée, d’hier à aujourd’hui », conférence dans le cadre du séminaire du CIRLEP dirigé par Sylvie Mikowski et Yann Philippe, 23 novembre 2016.
« Le journalisme d’auteur au XVIIIe siècle : le cas de l’Angleterre et de la France », conférence à l’Université Laval, Québec, département d’études littéraires, 23 octobre 2015.
« Aux origines de Charlie Hebdo : une exception journalistique française ? », conférence à l’Université Laval, Québec, département d’études littéraires, 21 octobre 2015.
« Vie et mort des “spectateurs” : le destin paradoxal d’un phénomène médiatique international », conférence à l’Université de Toronto, département d’études françaises, 19 octobre 2015.
« Le journalisme sous l’Ancien Régime : l’avènement d’un travail collectif ? », conférence dans le cadre du séminaire Le Média, un travail collectif, organisé par le ReSIC (Université Libre de Bruxelles) et le CRAPE (Université Rennes 1), sous la direction de Denis Ruellan et de Florence Le Cam, Bruxelles, Université Libre de Bruxelles, 26 novembre 2012.
« Aux frontières du journalisme et du livre : Dialogues et Promenades d’Eustache Le Noble », conférence dans le cadre d’une séance de l’atelier de recherche du CRIMEL « Les espaces du Livre », Reims, bibliothèque de Carnegie, 11 mars 2009.
« L’envol des “feuilles volantes” au XVIIIe siècle », conférence au CELSA Paris-Sorbonne, 26 novembre 2008.
Articles dans des journaux ou des revues de vulgarisation
« Le livre est-il l’avenir du journalisme d’investigation ? », Livres Hebdo Le Mag, n° 20, mai 2022, p. 52-55.
« “C’est la presse, bébé, la presse…” : sans scrupule ou héros, le journaliste inspire la fiction », La Revue des médias, 15 octobre 2021 :
https://larevuedesmedias.ina.fr/presse-journaliste-bd-roman-serie-tv-film-france-representation
« De l’autre côté du miroir : la tentation politique des journalistes », La Revue des médias, 1er juillet 2021 :
https://larevuedesmedias.ina.fr/tentation-politique-journalistes-eric-zemmour-philippe-ballard-candidat-election
« La résilience du journalisme face au pouvoir “jupitérien” », The Conversation, 5 mai 2021 :
https://theconversation.com/la-resilience-du-journalisme-face-au-pouvoir-jupiterien-160264
« Les leçons d’un coup éditorial : l’enquête de Society sur Xavier Dupont de Ligonnès », The Conversation, 3 septembre 2020 :
https://theconversation.com/les-lecons-dun-coup-editorial-lenquete-de-society-sur-xavier-dupont-de-ligonnes-145292
« La santé des dirigeants politiques à l’épreuve du coronavirus : la transparence, exigence ambiguë », La Revue des médias, 26 mars 2020 :
https://larevuedesmedias.ina.fr/coronavirus-sante-dirigeants-politiques-transparence-ambigue
« La santé des dirigeants, un invincible tabou dans les médias ? », La Revue des médias, 19 novembre 2019 :
https://larevuedesmedias.ina.fr/sante-maladie-chef-etat-secret-medias
« Journalistes et politiques : l’impossible divorce », La Revue des médias, 7 juin 2019 :
https://larevuedesmedias.ina.fr/journalistes-et-politiques-limpossible-divorce
« Le journaliste, un si vieil ennemi », La Revue des médias, 11 mars 2019 :
https://larevuedesmedias.ina.fr/le-journaliste-un-si-vieil-ennemi
« La voix rebelle de Figaro », « Presse : le poids des habitudes », « Caricature religieuse : une tradition française », Le Point, Hors-série « 2500 ans de liberté d’expression », février 2015, p. 38-39, 47-49, 49.
« Le Mondain et l’éloge du progrès », « Lettre à Rousseau du 30 août 1755 », « Candide ou l’optimisme », « En guerre contre la presse », Le Point, Hors-série « Les Textes fondamentaux » n° 39, « Voltaire contre Rousseau », mai-juin 2012, p. 22-23, 32-33, 38-39 et 50-51.
« La conquête de la liberté d’expression ou les contorsions du pouvoir politique », Le Point, Hors-série « Les Textes fondamentaux » n° 29, « La liberté », septembre-octobre 2010, p. 98-99.
« Pierre Bayle ou le scepticisme engagé », « Fontenelle ou la diffusion de l’esprit critique », « L’Ile des esclaves de Marivaux », « Candide ou l’optimisme de Voltaire », « Diderot et d’Alembert, ou l’esprit de L’Encyclopédie », « Voltaire et le Dictionnaire philosophique portatif », Le Point, Hors-série « Les Textes fondamentaux » n° 26, « La pensée des Lumières », mars-avril 2010, p. 20-21, 22-23, 30-31, 66-67, 70-71 et 72-73.
« L’Encyclopédie de Diderot et D’Alembert » et « Le Mariage de Figaro de Beaumarchais », Le Point, Hors-série « Les Textes fondamentaux » n° 21, « Les Textes maudits et tous les livres interdits », janvier-février 2009, p. 70-71 et 72-73.
Tribunes dans la presse écrite (sélection)
« Comment restaurer la confiance envers la presse lorsque tous les médias sont entre les mêmes mains ? », La Croix, 21 janvier 2022 :
https://www.la-croix.com/Debats/Comment-restaurer-confiance-envers-presse-lorsque-tous-medias-sont-entre-memes-mains-2022-01-21-1201196068
« Zemmour, Bolloré et le retour triomphal de l’extrême droite médiatique », Libération,  « Idées », 16 novembre 2021. Disponible en ligne :
https://www.liberation.fr/idees-et-debats/tribunes/zemmour-bollore-le-retour-triomphal-de-lextreme-droite-mediatique-20211115_JLVF3H4HANHFDM5QQYW3KAPO2I/
« Jupiter face à l’Empire » : Le 1, n° 363, « Médias : la menace Bolloré », 8 septembre 2021. Disponible en ligne :
https://le1hebdo.fr/journal/mdias-la-menace-bollor/363/article/jupiter-face--l-empire-4872.html
« Que reste-t-il de “l’esprit Charlie” ? », Libération, 7 janvier 2020, p. 6. Disponible en ligne :
https://www.liberation.fr/debats/2020/01/06/que-reste-t-il-de-l-esprit-charlie_1771855
« L’expression “tribunal médiatique” est un piège », Le Monde, mardi 26 novembre 2019, « Idées », p. 26. Disponible en ligne :
https://www.lemonde.fr/idees/article/2019/11/25/alexis-levrier-l-expression-tribunal-mediatique-est-un-piege_6020389_3232.html
« La presse, ennemi fantasmée des “gilets jaunes” », Le Monde, dimanche 13 et lundi 14 janvier 2019, « Débats et analyses », p. 24. Disponible en ligne :
https://www.lemonde.fr/idees/article/2019/01/12/gilets-jaunes-la-haine-des-medias-n-a-rien-d-inedit_5408096_3232.html
« Être Charlie, d’hier à aujourd’hui », Libération, 7 janvier 2019, p. 22-23. Disponible en ligne :
https://www.liberation.fr/debats/2019/01/06/etre-charlie-d-hier-a-aujourd-hui_1701309
« Face aux “gilets jaunes” : l’impossible médiatisation », Le 1, mercredi 19 décembre 2018, p. 4. Disponible en ligne :
https://le1hebdo.fr/journal/numero/230/face-aux-gilets-jaunes-l-impossible-mdiatisation-3134.html
« Emmanuel Macron et la presse : les ombres d’une présidence monarchique », Le Monde, mardi 31 juillet 2018, « Débats et analyses », p. 23. Disponible en ligne :
https://www.lemonde.fr/idees/article/2018/07/30/alexis-levrier-l-intervention-d-emmanuel-macron-s-est-rapidement-transformee-en-un-plaidoyer-contre-les-medias_5337387_3232.html
« Louis XIV ou l’éternelle viralité des rumeurs », Libération, « Idées », jeudi 7 juin 2018, p. 25. Disponible en ligne :
http://www.liberation.fr/debats/2018/06/06/louis-xiv-ou-l-eternelle-viralite-des-rumeurs_1656971
Entretiens (presse écrite et ouvrages de vulgarisation : sélection)
« Le président et la presse. Retour à l’ancien monde », interview par Françoise Laugée, La Revue européenne des médias et du numérique, n° 57-58, printemps-été 2021, p. 88-95. (Disponible en ligne :
https://la-rem.eu/2021/07/le-president-et-la-presse-retour-a-lancien-monde/)
« En ciblant Marine Le Pen, M. Macron fait courir un risque à la démocratie », entretien avec Alain Beuve-Méry, Le Monde, mardi 8 juin 2021, p. 32.
(Disponible en ligne : https://www.lemonde.fr/idees/article/2021/06/07/en-ciblant-marine-le-pen-emmanuel-macron-fait-courir-un-risque-a-la-democratie_6083219_3232.html)
« Le Président revient sur terre », entretien avec Richard Sénéjoux, Télérama, n°3723, 19 mai 2021, p. 41-43.
« Connivence entre journalistes et politiques : quatre siècles de soupçons », entretien avec Jean-François Marmion, dans Psychologie de la connerie en politique, sous la direction de Jean-François Marmion, Auxerre, Sciences humaines éditions, 2020, p. 251-268.
« La sacralité qui entoure Charlie est à l’inverse de son identité », entretien avec Catherine Calvet et Anastasia Vécrin, Libération, 2 septembre 2020, p. 10-11.
« Les médias ne doivent jamais renoncer au combat pour les faits », entretien avec Enguérand Renault, Le Figaro, 24 janvier 2019.
« Journalistes ou politiques, et réciproquement », interview par Françoise Laugée, La Revue européenne des médias et du numérique, n° 44, automne 2017, p. 78-85. (Disponible en ligne : http://la-rem.eu/2017/11/14/journalistes-ou-politiques-et-reciproquement/)
« Entre presse et politique, un aller doit être sans retour », entretien avec Ivanne Trippenbach, L’Opinion, 7 septembre 2017, p. 8.";;;;;;;;;;;;;;"Les recherches d’Alexis Lévrier portent sur l’histoire de la presse. Une grande partie de ses travaux sont consacrés à la presse d’Ancien Régime, et notamment au journalisme d’expression individuelle des XVIIe et XVIIIe siècles.
Depuis une dizaine d’années, il a élargi le champ de ses recherches pour envisager également l’histoire récente et l’actualité du journalisme.
Il étudie en particulier des questions telles que la poétique du support, l’imaginaire du journalisme, et les relations entre presse et pouvoir politique.";;;;;;;;;;;;;;;;;;;;"Sélection d’interventions médiatiques (radio, télévision, podcasts)
- « Concentration des médias : la qualité de l’information en péril », interview dans « Les Matins de France Culture », avec Nathalie Sonnac, 13 juillet 2022 :
https://www.radiofrance.fr/franceculture/podcasts/l-invite-e-des-matins-d-ete/concentration-des-medias-la-qualite-de-l-information-en-peril-6019342
« Législatives, présidentielle : la com’ a-t-elle tué la politique en 2022 ? », France Info, interview dans le podcast « C’est tout com’ » de Laetitia Krupa et Gaspard Gantzer, 21 juin 2022 :
https://www.francetvinfo.fr/replay-radio/c-est-tout-com/legislatives-presidentielle-la-com-a-t-elle-tue-la-politique-en-2022_5212267.html
« Concentration dans les médias : le bal des patrons de presse devant le Sénat », France Info, « Info Médias », 19 janvier 2022 :
https://www.francetvinfo.fr/replay-radio/info-medias/concentration-dans-les-medias-le-bal-des-patrons-de-presse-devant-le-senat_4904537.html
« La concentration des médias nuit-elle au pluralisme ? », France Culture, « L’esprit public », 26 décembre 2021, avec Frédéric Dabi, Aurélie Filippetti et Thierry Pech :
https://www.radiofrance.fr/franceculture/podcasts/l-esprit-public/la-concentration-des-medias-nuit-elle-au-pluralisme-6712713
« France : campagne électorale, bataille de communication », interview dans « Le Journal international » de TV5 Monde, 29 novembre 2021 :
https://www.youtube.com/watch?v=0MwjwD_PGpI&t=272s
« La situation des médias est “très instable” et “assez inquiétante” », France Inter, « L’invité du week-end », 21 novembre 2021 :
https://www.radiofrance.fr/franceinter/podcasts/l-invite-du-week-end/l-invite-du-week-end-du-dimanche-21-novembre-2021-6713850
« Cibles des anti pass, les journalistes mis à l’épreuve par l’époque », France Culture, « La vie, mode d’emploi », 25 septembre 2021 :
https://www.radiofrance.fr/franceculture/podcasts/la-vie-mode-d-emploi/cibles-des-anti-pass-les-journalistes-mis-a-l-epreuve-par-l-epoque-2836277
« Algues vertes, quand la BD mène l’enquête », France Culture, « Culture BD », 29 août 2021, avec Amélie Mougey et Damien Roudeau :
https://www.radiofrance.fr/franceculture/podcasts/culture-bd/culture-bd-par-melanie-chalandon-en-direct-du-dimanche-29-aout-2021-8715566
Emmanuel Macron « avait conscience qu’en incarnant un président monarque, il prenait le risque de susciter une pulsion régicide », France Info TV, 9 juin 2021 :
https://www.dailymotion.com/video/x81uf8r
« La sarabande endiablée de Jupiter et Mercure en France », RTS, « Médialogues », 5 juin 2021 :
https://www.rts.ch/audio-podcast/2021/audio/la-sarabande-endiablee-de-jupiter-et-mercure-en-france-25204124.html
« Quand un pouvoir est aussi vertical, cela se traduit par une volonté de mise sous tutelle des médias », interview dans la matinale de RCF, 25 mai 2021 :
https://www.rcf.fr/articles/actualite/alexis-levrier-quand-un-pouvoir-est-aussi-vertical-ca-se-traduit-par-une-volonte
« Médias et coronavirus (4) : le regard d’Alexis Lévrier », France Culture, « La Fabrique médiatique », 6 juin 2020 :
https://www.radiofrance.fr/franceculture/podcasts/la-fabrique-mediatique/medias-et-coronavirus-4-le-regard-d-alexis-levrier-4926222
« Esprit Charlie, es-tu là ? », interview dans « C à dire », France 5, 7 janvier 2020 :
https://www.youtube.com/watch?v=VnaLKYfJzlw&t=400s
« Ce quinquennat est marqué par une forte défiance à l’égard de la presse », France Inter, « L’invité de 6h20 », 2 décembre 2019 :
https://www.radiofrance.fr/franceinter/podcasts/l-invite-de-6h20/alexis-levrier-ce-quinquennat-est-marque-par-une-forte-defiance-a-l-egard-de-la-presse-6862820
« Les journalistes sont-ils des justiciables comme les autres ? », podcast « Les idées claires », France Culture/France Info, 11 juin 2019 :
https://www.francetvinfo.fr/politique/emmanuel-macron/agression-d-un-manifestant-par-un-collaborateur-de-l-elysee/les-idees-claires-les-journalistes-sont-ils-des-justiciables-comme-les-autres_3485191.html
« Faut-il imposer le pluralisme aux médias ? », France Culture, « Du grain à moudre », avec Michèle Léridon et Catherine Nayl, 8 avril 2019 :
https://www.radiofrance.fr/franceculture/podcasts/du-grain-a-moudre/faut-il-imposer-le-pluralisme-aux-medias-9824200
« Le petit monde des journalistes politiques », France Culture, « Politique ! », 26 janvier 2019 :
https://www.radiofrance.fr/franceculture/podcasts/politique/le-petit-monde-des-journalistes-politiques-9212969
« Violences contre les journalistes: pourquoi un tel discrédit ? », interview vidéo pour l’AFP, 15 janvier 2019 :
https://www.youtube.com/watch?v=kV4bHbmU374
« Gilets jaunes: la défiance à l’égard des médias », interview dans le journal de France 24, 13 janvier 2019 :
https://www.france24.com/fr/video/20190113-gilets-jaunes-defiance-a-legard-medias
« Loi fake news et création d’un conseil de l’ordre: s’agit-il d’aider ou d’encadrer les journalistes? », participation à l’émission « Les Débats de Rfi », avec Christophe Deloire, 17 octobre 2018 :
http://www.rfi.fr/emission/20181017-loi-fake-news-conseil-ordre-s-agit-il-aider-encadrer-plus-severement-journalistes
« Affaire Benalla : que reproche-t-on aux médias ?, France Culture, « Du grain à moudre », avec Luc Bronner, Adam Nossiter et Gilles Legendre, 30 juillet 2018 :
https://www.franceculture.fr/emissions/du-grain-a-moudre-dete/affaire-benalla-que-reproche-t-o-aux-medias
« Annoncer la mort du Roi (Henri IV et Louis XIV) » : participation à l’émission La Fabrique de l’information d’Emmanuel Laurentin, avec Michel Cassan, France Culture, 27 juin 2018 :
https://www.franceculture.fr/emissions/la-fabrique-de-lhistoire/la-fabrique-de-linformation-34-annoncer-la-mort-du-roi-henri-iv-et-louis-xiv
« Fausses nouvelles : à qui profite l’info ? » : participation à l’émission L’Info dans le rétro présentée par Fabrice d’Almeida, avec Hervé Brusini, Public Sénat, 15 juin 2018 :
https://www.publicsenat.fr/emission/l-info-dans-le-retro/fausses-nouvelles-a-qui-profite-l-info-86154
« Nouveau pouvoir, nouveau journalisme » : participation à l’émission L’Atelier du pouvoir d’Ariane Chemin et de Vincent Martigny, avec Alain Duhamel et Marion Lagardère, France Culture, 17 juin 2017 :
https://www.franceculture.fr/emissions/latelier-du-pouvoir/nouveau-pouvoir-nouveau-journalisme";"poétique historique du support, matérialité du journal
journalisme et littérature, écrivains-journalistes
Imaginaires médiatiques, poétique du médium journalistique
relations entre presse et pouvoir politique, de l’Ancien Régime à nos jours
liens historiques entre presse et bande dessinée";;;;
tlignon;Tito Lignon;Doctorant-chercheur | Membre permanent en formation doctorale;;* **Profils:** [LinkedIn](https://www.linkedin.com/in/tito-lignon-37a602161/);;;;;;;;;;;;;;;;;;;;;;;;;;;;;;;;;;;;;;;;;;Ma recherche se veut une exploration approfondie et nuancée des enjeux de la transformation numérique dans le domaine patrimonial, avec une perspective critique et réflexive sur ses implications pour la société. Nous nous pencherons notamment sur les enjeux de la numérisation et de l'interopérabilité des collections patrimoniales, les stratégies de conception des dispositifs numériques et leur adéquation avec les publics, ainsi que sur les implications éthiques et politiques de l'utilisation de l'IA et du machine learning dans le domaine patrimonial. En outre, nous nous pencherons sur l'aspect cognitif de ces outils, en étudiant les émotions et les attitudes des visiteurs face aux nouvelles expériences technologiques patrimoniales.;;;;
blosen;Barbara Losen;Chercheuse | Membre associé;;"* **Email:** [barbara.losen@univ-reunion.fr](mailto:barbara.losen@univ-reunion.fr)
* **Profils:** [LinkedIn](https://www.linkedin.com/in/barbara-losen-979965239/) | [HAL](https://hal.science/search/index/?q=%2A&rows=30&authIdPerson_i=1201424&sort=publicationDate_tdate+desc)";;;;;;;;;;;;;;;;;;;;;;;;;;;;;;;;;;;;;;;;;;;;;;
jlucasboursier;Jérémy Lucas-Boursier;Chercheur | Membre associé;;"* **Email:** [lucas.mail@gmail.com](mailto:lucas.mail@gmail.com)
* **Profils:** [HAL](https://hal.science/search/index/?q=%2A&rows=30&authIdPerson_i=1364663&sort=publicationDate_tdate+desc)";;;;;;;;;;;;;;;;;;;;;;;;;;;;;;;;;;;;;;;;;;Médiations numériques, savoirs professionnelles, design,dispositifs informatiques, médiations marchandes;;;;
fmalaterre;Florian Malaterre;Maitre de conférences | Membre associé;;"* **Email:** [florian.malaterre@agrosupdijon.fr](mailto:florian.malaterre@agrosupdijon.fr)
* **Profils:** [LinkedIn](https://www.linkedin.com/in/florian-malaterre-2b200117/) | [HAL](https://hal.science/search/index/?q=%2A&rows=30&authIdPerson_i=1211540&sort=publicationDate_tdate+desc)";;;;;;;;;;;;;;;;;;;;;;;;;;;;;;;;;;;;;;;;;;"Discipline
: Sciences de l'information et de la communication
Institution de rattachement
: Agrosup Dijon
Thématiques de recherche
: Enjeux de communication et relations de travail
Activité d'enseignement
: Management, ressources humaines, communication, éthique";;;;
emalfondet;Enthéa Malfondet;Doctorante-chercheuse | Membre permanent en formation doctorale;;* **Profils:** [LinkedIn](https://www.linkedin.com/in/enthea-malfondet-9b8742127/);;;;;;;;;;;;;;;;;;;;;;;;;;;;;;;;;;;;;;;;;;"Représentations de la ménopause
Communication visuelle
Études de genre";;;;
bmariau;Bérénice Mariau;Maitresse de conférences | Membre associé;berenice_mariau.webp;"* **Email:** [berenicemariau@yahoo.fr](mailto:berenicemariau@yahoo.fr)
* **Profils:** [LinkedIn](https://www.linkedin.com/in/berenice-mariau-3423921a/) | [HAL](https://hal.science/search/index/?q=%2A&rows=30&authIdPerson_i=1162934&sort=publicationDate_tdate+desc)
* **CV:** [Télécharger le CV](https://kit-117.sorbonne-universite.fr/sites/default/files/media/2022-09/B%C3%A9r%C3%A9nice%20Mariau.pdf)";;;;;;;;;;;;;;;;;;;;;;;;;;;;;;;;;;;;;;;;;;"Discipline
: Sciences de l'information et de la communication
Thématiques de recherche
: Cultures, savoirs et communication, Formes et écritures médiatiques
Télécharger le CV";;;;
fmaroub;Faouda Maroub;Chercheuse | Membre associé;;"* **Email:** [fadoua.maroub@uit.ac.ma](mailto:fadoua.maroub@uit.ac.ma)
* **Profils:** [HAL](https://hal.science/search/index/?q=%2A&rows=30&authIdPerson_i=1271785&sort=publicationDate_tdate+desc)";;;;;;;;;;;;;;;;;;;;;;;;;;;;;;;;;;;;;;;;;;;;;;
cmarson;Claudia Marson;Doctorante-chercheuse | Membre permanent en formation doctorale;;* **Email:** [c.marson@outlook.fr](mailto:c.marson@outlook.fr);;;;;;;;;;;;;;;;;;;;"La thèse de Claudia Marson porte sur le design comme instrument de « la transformation numérique de l’Etat » dans une posture de recherche qui inscrit le niveau des médiations symboliques dans le champ des pratiques politiques.
La volonté de renouvellement de la « communication publique » autour des impératifs « d’accessibilité » et « d’inclusion » invite à comprendre ce que l’introduction du design comme mode d’action de l’Etat traduit des enjeux de « gouvernementalité ».";;;;;;;;;;;;;;;;;;;;;;"Communication publique
Métamorphoses médiatiques
Design";;;;
cmarti;Caroline Marti;Professeure des universités | Membre permanent en enseignement et recherche;caroline_marti.webp;"* **Email:** [caroline.marti@sorbonne-universite.fr](mailto:caroline.marti@sorbonne-universite.fr)
* **Profils:** [LinkedIn](https://www.linkedin.com/in/carolinemarti/) | [HAL](https://hal.science/search/index/?q=%2A&rows=30&authIdPerson_i=1149604&sort=publicationDate_tdate+desc)
* **CV:** [Télécharger le CV](https://kit-117.sorbonne-universite.fr/sites/default/files/media/2022-09/CV%20synth%C3%A9tique%20Caroline%20Marti%202022.pdf)";"Implication dans des réseaux et entités de recherche
Membre du conseil scientifique du GRIPIC (membre élu, depuis 2013)
Membre du bureau d’AGAP depuis sa fondation en 2018, réseau de recherche sur l’Alimentation, la Gastronomie et l’Analyse des Pratiques en communication
Co-porteuse de l’Initiative Alimentation, membre du comité de pilotage, au sein de Sorbonne Université (2024…). https://www.sorbonne-universite.fr/recherche-1/instituts-et-initiatives-pluridisciplinaires
Co-fondatrice en 2021 avec V. Julliard de CERES, Centre d’expérimentation en méthodes numériques pour les recherches en Sciences Humaines et Sociales Unité de service pour la Faculté des Lettres au sein de Sorbonne Université.
Organisation de séminaires et journées d’étude
Fondatrice et responsable du séminaire Communication, cultures et marchés GRIPIC- LabSIC depuis 2021, 4 séminaires par an, Maison de la Recherche Faculté des Lettres, Sorbonne-Université. Auparavant : séminaire Approches critiques des médiations marchandes (2018-2021)
Journée doctorale SIC « Approches critiques des médiations marchandes », visio, 27 mai 2021-2022.
2e journée d’étude internationale, dans le cadre du financement OPUS, Observatoire des patrimoines au sein de SU « Marques, patrimoine et quête d’autorité ». Organisation d’une journée de réflexion sur les actions s’apparentant aux gestes d’une patrimonialisation d’acteurs économiques du secteur de l’alimentation et de la gastronomie : expositions, musées, cités gastronomiques, visio, 10 décembre 2020
JE « La défiance des consommateurs en contexte alimentaire » dir scientifique, coordination, animation, GRIPIC, AGAP, Onepoint- AGAP 13 octobre 2022
1re Journée d’étude internationale. Co-organisation d’une journée de séminaire international avec des chercheurs français et étrangers dans le cadre d’OPUS, Observatoire des patrimoines au sein de SU « Marques, patrimoine et quête d’autorité ». Recherche avec une visée épistémologique de définition du patrimoine et une visée cartographique de recension de formes singulières, Neuilly sur Seine, 2 décembre 2019.
« Marques et gastronomie en contexte numérique », 1er juin, JE co-organisée avec H Vergopoulos dans le cadre de la Chaire Numératie publicitaire, Coordination avec H. Vergopoulos GRIPIC, Neuilly, Coordination de chercheurs de laboratoires français et de l’USP, Sao Paulo. Neuilly sur Seine, 1er juin 2018.
Edition et revues
Responsable de la série « Approches communicationnelles des médiations marchandes » chez ISTE éditions. (4 ouvrages parus)
Membre régulier de comités de lecture de revues et de comités scientifiques de colloques :
Revue interdisciplinaire en études anglophones e-Rea
Recherches en communication « Mode & Communication Environnementale: discours, représentations et figurations « écoresponsables »
Effeuillage
Les enjeux de l’information et de la communication
Communiquer UQAM, Quebec
Communication & Management
Communication & Langages (Necplus)
Le temps des médias
MEI
Recherches en communication (Recom, UC Louvain)
Études de communication (Gerico, Lille)
Questions de communication (PUN. Éditions universitaires de Lorraine)
Itinéraires. Littérature Textes Cultures (Université Paris 13 - Sorbonne Paris Cité)
French Journal for Media Research (revue électronique pluridisciplinaire)
Questions de communication (Éditions universitaires de Lorraine)
Anthropology of Food
Editions Non Standard, Collection Sciences de l’Information et de la Communication
Projets de recherche
MAPAQA, « Marques, patrimoine et quête d’autorité », avec C Rondot, financé par OPUS, « Observatoire des patrimoines » de Sorbonne-Université. Ce projet questionnait l’évolution du patrimoine, fortement investi par et pour les marques, alliant une visée épistémologique de définition du patrimoine et une visée cartographique de recension de formes singulières.
Contrats de recherche privés :
« Diagnostic de la signalétique au regard de l’identité de l’INHA » Direction scientifique pour l’agence Matter of facts L’INHA, lieu et institution culturelle : médiations et expressions, : analyse sémiotique des parcours et des espaces des sites de la Galerie Colbert et de la bibliothèque Labrouste. 2020
« La confiance et les relations aux marques », pour KR Media 2018
« La responsabilité des achats dans les ménages français », pour KR Media sur la thématique de, 2017
« La relation aux outils de la beauté. Représentations de l'intimité ». Direction scientifique (3 doctorants et jeunes chercheurs) pour l’agence de communication W40, 2016.
« La valeur et le « transfert de valeur » dans les médias », pour KR Medias, 2015
« Les mutations de la proximité dans l’imaginaire de la consommation féminine ». Coordination du projet pour le groupe Casino », 2012.
« L’écriture de la crise. Explorations de la crise et de la « post-crise » à partir d’un corpus médiatique » pour l’Agence Enjoy. Coord. du projet, Encadrement de 4 jeunes chercheurs, 2009.
« Mise en perspective théorique et pratique d’une approche transversale de la communication : « V.R.A.I. » ». pour Netco Groupe. Coordination du projet, 2008
« Le papier au cœur de la transformation des processus de communication », pour le groupe La Poste, 2007.";;;"Marti Caroline, « Exposer en ligne les collaborations. Re-énonciations et médiatisations numériques des collections in Dossier « Les substituts numériques des expositions""coordonné par S. Appiotti et L Renaud, Les Enjeux de l’information et de la Communication, 2024
Marti Caroline, « #foodporn : nourrir le dispositif par les images. Captations culinaires et variations infra-publicitaires sur Instagram » Dossier #Foodporn coordonné par L. Allard et G. David, Communication & Langages, 2022.
Marti Caroline, « L’avis au prisme de la participation. Du témoignage infra-publicitaire à la contribution méta-servicielle » in « La participation dans un monde de communication », Vol. 52, sous la dir. de S. Roginsky, D. Renard et M. Dufrasne, Recherches en Communication, Louvain, 2021, pp. 127-153.
Marti Caroline avec Seurrat Aude, « Kits de marques et médiation des savoirs : prétentions communicationnelles et reconfigurations médiatiques », in « L'école en contexte numérique. Logiques d'acteurs, action publique et enjeux industriels », 2018B, Les enjeux de l’information et de la communication, pp.33-46, 2018
Marti Caroline, « Consommateur ». Publictionnaire. Dictionnaire encyclopédique et critique des publics. Mis en ligne le 07 novembre 2016. Accès:
http://publictionnaire.huma- num.fr/notice/consommateur/
Marti de Montety Caroline, « Les marques, embrayeurs culturels : quand les livres « brandés » font recette ». Un exemple de culturalisation de la marchandise. Les Enjeux de l'Information et de la Communication, n°15/2a, 2014, revue en ligne, mis en ligne en octobre 2014, pp. 1- 4
Marti de Montety Caroline, « Les marques, acteurs culturels. Dépublicitarisation et valeur sociale ajoutée ». Revue Marketing & Communication, Vol. 10, N° 2. « La marque, objet communicationnel », 2013 pp. 22-32
Montety (de) Caroline, « A vos Caddies, Citoyens ! La révolution, motif politique saisi par la publicité ». Mots. N° 98.Les langages du politique. Dossier « Publicité et Politique : emprunts croisés », coordonné par D. Barbet et D. Desmarchelier, 2012, pp. 63-78
Montety (de) Caroline, « La « société de consommation » dans le pétrin. La machine à pain emblématique de la consommation contemporaine ». Sociologies pratiques, N° 20, déc. 2009. Coord. par I. Moussaoui et F. Granier, 2009 , pp. 97-106
Montety (de) Caroline, « Les magazines de marque : entre ""gestion sémiotique"" et cuisine du sens » Communication & Langages. N° 143. 2005, pp. 35-48";;;;;"Marti Caroline avec Patrin-Leclere Valérie, « Les énonciations de la confusion », in L’apport des sciences de la communication à la sémiotique, dir S. Badir, A. Catellani, I.Mayeur, A. Saemmer,, Collection Extensions sémiotiques, éditions, Academia, à paraître, 2025.
Marti Caroline « Scènes alimentaires et médiations marchandes, approches communicationnelles » coordination du chapitre collectif in Les dessous de la communication alimentaire, dir JJ Boutaud, Ellipses, 2024.
Marti Caroline, « Plasticité et résistances à la « mise en marque » de l’écrivain », in L’écrivain comme marque, dir. A. Wrona et M.E. Therenty. Presses Universitaires de la Sorbonne, 2020
Marti Caroline, « Penser le consommateur : fiction, emprises et échappées » in Les dessous du marketing et de la communication. Cartographie des imaginaires, dir. J. Féré, Editions Ellipses, 2019, 216 p., pp. 15-20
Marti Caroline avec K Berthelot-Guiet, « « Advertising or not Advertising: Representations and Expressions of Advertising Digital Literacy on Social Media », in Social Computing and Social Media \\ Communication and Social Communities, Volume 11579, Computer Science series, Springer, 529 p., 2019 pp. 417-437.
Marti Caroline, « La valeur littéraire, enjeu médiatique et publicitaire. Collusion et collision autour de la Coupole » in Objets insignes, objets infâmes de la littérature, dir. A. Wrona et M.E Therenty, Editions des archives contemporaines, 2019, 202 p., pp. 125-133
Marti Caroline, « Marques muséales : une gestion sémiotique au service de la médiation symbolique », Marques Muséales. Un espace public revisité, dir. par M. Regourd, Institut universitaire Varenne, coll. Colloques & Essais, 2018, 307 p. pp. 193-203
Marti Caroline, « Le blog ""De quoi je me M.E.L."": valeur médiatique et pouvoir social », La fabrique de l’autorité. Figures des décideurs en régime médiatique, dir. A. Wrona Les Petits Matins, 2017, 239 p., pp. 35-46
Marti de Montety Caroline, « Stratégies d’extension des marques-médias et embrayages culturels : le cas M6 », in La stratégie de marque dans l'audiovisuel, dir. H. Laurichesse, A. Colin, 2012, 248 p., pp. 119-133
Montety (de) Caroline, « Haribo chez les Muses : la tentation patrimoniale. Quand les marques deviennent des musées », in Musées en mutation. Un espace public à revisiter, dir. M. Regourd, L’ Harmattan, 2012 , 398 p., pp.199-210";;"Marti Caroline, « Quand la publicité invite à la déconsommation : adaptations, contraintes et paradoxes d’une rhétorique », Journée d’étude Tensions, détournements et renouvellements dans le discours publicitaire : entre absence et (hyper-) présence, disparitions et résurgences, Journée d'étude organisée par le Centre d’Études Linguistiques – Corpus, Discours et Sociétés (CEL, Université Jean Moulin Lyon 3) en collaboration avec ELICO, Lyon, 21 novembre 2024.
Marti Caroline, « Les cultures alimentaires et gastronomiques transformées par les processus de numérisation », intervention et coordination du panel, « La numérisation des sociétés, XXIIIe Congrès de la SFSIC, Bordeaux, 16 juin 2023.
Marti Caroline, « Trivialité et appropriations sémiotiques », conférencière invitée pour le séminaire sur l’épistémologie de CIMEOS, Université de Bourgogne, 10 janvier 2022.
Marti Caroline, « Raisonner et civiliser Bacchus : les nouveaux espaces de la médiation vinicole » intervention au sein du panel “Les nouveaux espaces des médiations marchandes. Éthique, responsabilité et identité dans la production artisanale et industrielle » coordonné par E. Mouratidou, XXIIe Congrès de la SFSIC : « Société et espaces en mouvement », Institut de la communication et des médias, Échirolles en ligne, 10-11 juin 2021.
Marti Caroline, « Plateformes, l’industrialisation des relations » pour la table ronde. « Plateformes en ligne, stratégies économiques, médiations culturelles et contrôle social Colloque interdisciplinaire Transnum « Penser les politiques de numérisation », UTC GRIPIC, 4 février 2020.
Marti Caroline, « La publicité et les médiations culturelles de marques. La tentation muséale ». Conférence inaugurale du Colloque international des chercheurs en publicité et propagande du Brésil. « Consumo, Existência, Resistência », USP, Université de Sao Paulo, ECA, Escola de Comunicaçoes e Artes, 23 mai 2019.
Marti Caroline, « Avis de consommateurs en ligne : mutations et enjeux consuméristes autour du restaurant ». Colloque « Numérisation généralisée de la société. Acteurs, pratiques, discours, enjeux » UQAM, Cricis, Montréal, 3 mai 2018.
Marti Caroline, « Enonciation didactique et porosités marchandes : configuration des savoirs et autorité sociale en contexte numérique », Séminaire International « Transformations des
prises de parole de marques : Numératie publicitaire, genres et générations, approches internationales, Neuilly GRIPIC, 25-26 juin 2018.
Marti Caroline, « Dialogues numériques et imaginaire marketing. Promesses et ambivalences d’un rêve relationnel ». Universitéa de Bucarest, Faculté de Journalisme et d’études de Communication, Bucarest, 16 mars 2017.
Marti Caroline, « Le Best-seller ou l’exploit spectacularisé de l’industrialisation, en contexte numérique », Colloque « La gloire littéraire », Table ronde du 9 juin : « Gloire, succès, ventes », IEA de Paris, Université de Chicago, Labex OBVIL, Paris-Sorbonne, Maison de la recherche, 7-9 juin 2017.
Marti Caroline, « Les paradigmes et les défis de la recherche en publicité, relations publiques et communication organisationnelle dans le monde contemporain », conférencière invitée pour les 50 ans de l’école de communication ECA Escola de Comunicaçoes e Artes, USP, Université de Sao à Paulo ECA, 17 octobre 2016.
Marti Caroline, « Marques muséales, de la gestion sémiotique à la médiation symbolique », Colloque Marques muséales, Université Toulouse Capitole, 2 juin 2016.
Marti Caroline, « Valorisation médiatique et pouvoir social : le blog « de quoi je me M.E.L.» ». Colloque international, « Figures des décideurs en régime médiatique. Représenter la décision politique et économique : un défi communicationnel ». Programme DÉFI, « Les décideurs : figures médiatiques de l’autorité », coordonné par le GRIPIC en partenariat avec l’INSEAD et les Archives nationales, dans le cadre des projets Convergence de l’Idex Paris-Sorbonne 2014- 2015. Neuilly-sur-Seine, 24 sept 2015.
Montety (de) Caroline, « La ville comme scène d’énonciation des marques : appropriations, simulations, médiatisations ». IXe Congrès de l’AISV-IASV, International Association for Visual Semiotics. Lisbonne. 26-28 septembre 2011
Montety (de) Caroline, « Bibles de marque et chartes graphiques dans la tradition des livres d’emblèmes. Rhétorique du « donner à voir » et gestion sémiotique de l’image », IXe Congrès de l’AISV-IASV. « Rhétorique du visible. Stratégies de l’image entre signification et communication ». Venise, 13-16 avril 2010.
Montety (de) Caroline, « Hybridation des média-marques », avec K Berthelot-Guiet et V. Patrin-Leclère, in Actes du 4 Correia C. et Tomé I. pp. 398-408. « Dynamiques de développement au carrefour des mondes ». EUTIC. Lisbonne. 23-25 octobre 2008.";;;;;"Marti Caroline avec Aubrun Frédéric, Patrin-Leclere Valérie, Dossier « Usages et pratiques de la publicitarisation : enjeux économiques et symboliques des relations actuelles entre marques et médias », Communication & management 2021/2 (Vol. 18), Eska, 2021
Marti Caroline, Dossier « Les médiations de la surconsommation », revue Effeuillage, 2021
Montety (de) Caroline avec Souchier Emmanuel, « Écrire la crise. Poétique d’un être médiatique », dossier pp. 49-113 Communication & Langages, n°162. pp. 49-65, 2009";;;;"- Approche compréhensive et critique de la consommation et des médiations marchandes : circulations des savoirs et des représentations.
- Approche des imaginaires professionnels du marketing et du management : représentations, circulations, légitimations et quêtes d’autorité.
- Approche de la marque comme instance sémiotique et matrice communicationnelle visant « l’opérativité sociale et symbolique »
- Prédilection pour les analyses sémio-discursives et socio-économiques des dispositifs médiatiques et numériques.";;;;;;;;;"Marti Caroline et Rondot Camille (dir), De la patrimonialisation à la muséification des marques. Paris, MKF, ouvrage collectif en cours de publication, 2025.
Marti Caroline, Cultural Mediations of Brands: Unadvertization and Quest for Authority. Wiley, 2020
Marti Caroline, Les médiations culturelles des marques. Une quête d’autorité, ISTE Editions, 2019
Marti de Montety Caroline avec V. Patrin-Leclère et K. Berthelot-Guiet, La fin de la pub ? Tours et contours de la dépublicitarisation, Le Bord de l'Eau, Espaces marchands, 2014";;;;;;;"MAPAQA, « Marques, patrimoine et quête d’autorité », avec C Rondot, financé par OPUS, « Observatoire des patrimoines » de Sorbonne-Université. Ce projet questionnait l’évolution du patrimoine, fortement investi par et pour les marques, alliant une visée épistémologique de définition du patrimoine et une visée cartographique de recension de formes singulières.
Contrats de recherche privés :
« Diagnostic de la signalétique au regard de l’identité de l’INHA » Direction scientifique pour l’agence Matter of facts L’INHA, lieu et institution culturelle : médiations et expressions, : analyse sémiotique des parcours et des espaces des sites de la Galerie Colbert et de la bibliothèque Labrouste. 2020
« La confiance et les relations aux marques », pour KR Media 2018
« La responsabilité des achats dans les ménages français », pour KR Media sur la thématique de, 2017
« La relation aux outils de la beauté. Représentations de l'intimité ». Direction scientifique (3 doctorants et jeunes chercheurs) pour l’agence de communication W40, 2016.
« La valeur et le « transfert de valeur » dans les médias », pour KR Medias, 2015
« Les mutations de la proximité dans l’imaginaire de la consommation féminine ». Coordination du projet pour le groupe Casino », 2012.
« L’écriture de la crise. Explorations de la crise et de la « post-crise » à partir d’un corpus médiatique » pour l’Agence Enjoy. Coord. du projet, Encadrement de 4 jeunes chercheurs, 2009.
« Mise en perspective théorique et pratique d’une approche transversale de la communication : « V.R.A.I. » ». pour Netco Groupe. Coordination du projet, 2008
« Le papier au cœur de la transformation des processus de communication », pour le groupe La Poste, 2007.";;"sous le nom Caroline Marti. Publications plus anciennes : Caroline de Montety
Ouvrages
Marti Caroline et Rondot Camille (dir), De la patrimonialisation à la muséification des marques. Paris, MKF, ouvrage collectif en cours de publication, 2025.
Marti Caroline, Cultural Mediations of Brands: Unadvertization and Quest for Authority. Wiley, 2020
Marti Caroline, Les médiations culturelles des marques. Une quête d’autorité, ISTE Editions, 2019
Marti de Montety Caroline avec V. Patrin-Leclère et K. Berthelot-Guiet, La fin de la pub ? Tours et contours de la dépublicitarisation, Le Bord de l'Eau, Espaces marchands, 2014
Directions de dossiers
Marti Caroline avec Aubrun Frédéric, Patrin-Leclere Valérie, Dossier « Usages et pratiques de la publicitarisation : enjeux économiques et symboliques des relations actuelles entre marques et médias », Communication & management 2021/2 (Vol. 18), Eska, 2021
Marti Caroline, Dossier « Les médiations de la surconsommation », revue Effeuillage, 2021
Montety (de) Caroline avec Souchier Emmanuel, « Écrire la crise. Poétique d’un être médiatique », dossier pp. 49-113 Communication & Langages, n°162. pp. 49-65, 2009
Chapitres d’ouvrage
Marti Caroline avec Patrin-Leclere Valérie, « Les énonciations de la confusion », in L’apport des sciences de la communication à la sémiotique, dir S. Badir, A. Catellani, I.Mayeur, A. Saemmer,, Collection Extensions sémiotiques, éditions, Academia, à paraître, 2025.
Marti Caroline « Scènes alimentaires et médiations marchandes, approches communicationnelles » coordination du chapitre collectif in Les dessous de la communication alimentaire, dir JJ Boutaud, Ellipses, 2024.
Marti Caroline, « Plasticité et résistances à la « mise en marque » de l’écrivain », in L’écrivain comme marque, dir. A. Wrona et M.E. Therenty. Presses Universitaires de la Sorbonne, 2020
Marti Caroline, « Penser le consommateur : fiction, emprises et échappées » in Les dessous du marketing et de la communication. Cartographie des imaginaires, dir. J. Féré, Editions Ellipses, 2019, 216 p., pp. 15-20
Marti Caroline avec K Berthelot-Guiet, « « Advertising or not Advertising: Representations and Expressions of Advertising Digital Literacy on Social Media », in Social Computing and Social Media \\ Communication and Social Communities, Volume 11579, Computer Science series, Springer, 529 p., 2019 pp. 417-437.
Marti Caroline, « La valeur littéraire, enjeu médiatique et publicitaire. Collusion et collision autour de la Coupole » in Objets insignes, objets infâmes de la littérature, dir. A. Wrona et M.E Therenty, Editions des archives contemporaines, 2019, 202 p., pp. 125-133
Marti Caroline, « Marques muséales : une gestion sémiotique au service de la médiation symbolique », Marques Muséales. Un espace public revisité, dir. par M. Regourd, Institut universitaire Varenne, coll. Colloques & Essais, 2018, 307 p. pp. 193-203
Marti Caroline, « Le blog ""De quoi je me M.E.L."": valeur médiatique et pouvoir social », La fabrique de l’autorité. Figures des décideurs en régime médiatique, dir. A. Wrona Les Petits Matins, 2017, 239 p., pp. 35-46
Marti de Montety Caroline, « Stratégies d’extension des marques-médias et embrayages culturels : le cas M6 », in La stratégie de marque dans l'audiovisuel, dir. H. Laurichesse, A. Colin, 2012, 248 p., pp. 119-133
Montety (de) Caroline, « Haribo chez les Muses : la tentation patrimoniale. Quand les marques deviennent des musées », in Musées en mutation. Un espace public à revisiter, dir. M. Regourd, L’ Harmattan, 2012 , 398 p., pp.199-210
Articles
Marti Caroline, « Exposer en ligne les collaborations. Re-énonciations et médiatisations numériques des collections in Dossier « Les substituts numériques des expositions""coordonné par S. Appiotti et L Renaud, Les Enjeux de l’information et de la Communication, 2024
Marti Caroline, « #foodporn : nourrir le dispositif par les images. Captations culinaires et variations infra-publicitaires sur Instagram » Dossier #Foodporn coordonné par L. Allard et G. David, Communication & Langages, 2022.
Marti Caroline, « L’avis au prisme de la participation. Du témoignage infra-publicitaire à la contribution méta-servicielle » in « La participation dans un monde de communication », Vol. 52, sous la dir. de S. Roginsky, D. Renard et M. Dufrasne, Recherches en Communication, Louvain, 2021, pp. 127-153.
Marti Caroline avec Seurrat Aude, « Kits de marques et médiation des savoirs : prétentions communicationnelles et reconfigurations médiatiques », in « L'école en contexte numérique. Logiques d'acteurs, action publique et enjeux industriels », 2018B, Les enjeux de l’information et de la communication, pp.33-46, 2018
Marti Caroline, « Consommateur ». Publictionnaire. Dictionnaire encyclopédique et critique des publics. Mis en ligne le 07 novembre 2016. Accès:
http://publictionnaire.huma- num.fr/notice/consommateur/
Marti de Montety Caroline, « Les marques, embrayeurs culturels : quand les livres « brandés » font recette ». Un exemple de culturalisation de la marchandise. Les Enjeux de l'Information et de la Communication, n°15/2a, 2014, revue en ligne, mis en ligne en octobre 2014, pp. 1- 4
Marti de Montety Caroline, « Les marques, acteurs culturels. Dépublicitarisation et valeur sociale ajoutée ». Revue Marketing & Communication, Vol. 10, N° 2. « La marque, objet communicationnel », 2013 pp. 22-32
Montety (de) Caroline, « A vos Caddies, Citoyens ! La révolution, motif politique saisi par la publicité ». Mots. N° 98.Les langages du politique. Dossier « Publicité et Politique : emprunts croisés », coordonné par D. Barbet et D. Desmarchelier, 2012, pp. 63-78
Montety (de) Caroline, « La « société de consommation » dans le pétrin. La machine à pain emblématique de la consommation contemporaine ». Sociologies pratiques, N° 20, déc. 2009. Coord. par I. Moussaoui et F. Granier, 2009 , pp. 97-106
Montety (de) Caroline, « Les magazines de marque : entre ""gestion sémiotique"" et cuisine du sens » Communication & Langages. N° 143. 2005, pp. 35-48
Communications et interventions
Marti Caroline, « Quand la publicité invite à la déconsommation : adaptations, contraintes et paradoxes d’une rhétorique », Journée d’étude Tensions, détournements et renouvellements dans le discours publicitaire : entre absence et (hyper-) présence, disparitions et résurgences, Journée d'étude organisée par le Centre d’Études Linguistiques – Corpus, Discours et Sociétés (CEL, Université Jean Moulin Lyon 3) en collaboration avec ELICO, Lyon, 21 novembre 2024.
Marti Caroline, « Les cultures alimentaires et gastronomiques transformées par les processus de numérisation », intervention et coordination du panel, « La numérisation des sociétés, XXIIIe Congrès de la SFSIC, Bordeaux, 16 juin 2023.
Marti Caroline, « Trivialité et appropriations sémiotiques », conférencière invitée pour le séminaire sur l’épistémologie de CIMEOS, Université de Bourgogne, 10 janvier 2022.
Marti Caroline, « Raisonner et civiliser Bacchus : les nouveaux espaces de la médiation vinicole » intervention au sein du panel “Les nouveaux espaces des médiations marchandes. Éthique, responsabilité et identité dans la production artisanale et industrielle » coordonné par E. Mouratidou, XXIIe Congrès de la SFSIC : « Société et espaces en mouvement », Institut de la communication et des médias, Échirolles en ligne, 10-11 juin 2021.
Marti Caroline, « Plateformes, l’industrialisation des relations » pour la table ronde. « Plateformes en ligne, stratégies économiques, médiations culturelles et contrôle social Colloque interdisciplinaire Transnum « Penser les politiques de numérisation », UTC GRIPIC, 4 février 2020.
Marti Caroline, « La publicité et les médiations culturelles de marques. La tentation muséale ». Conférence inaugurale du Colloque international des chercheurs en publicité et propagande du Brésil. « Consumo, Existência, Resistência », USP, Université de Sao Paulo, ECA, Escola de Comunicaçoes e Artes, 23 mai 2019.
Marti Caroline, « Avis de consommateurs en ligne : mutations et enjeux consuméristes autour du restaurant ». Colloque « Numérisation généralisée de la société. Acteurs, pratiques, discours, enjeux » UQAM, Cricis, Montréal, 3 mai 2018.
Marti Caroline, « Enonciation didactique et porosités marchandes : configuration des savoirs et autorité sociale en contexte numérique », Séminaire International « Transformations des
prises de parole de marques : Numératie publicitaire, genres et générations, approches internationales, Neuilly GRIPIC, 25-26 juin 2018.
Marti Caroline, « Dialogues numériques et imaginaire marketing. Promesses et ambivalences d’un rêve relationnel ». Universitéa de Bucarest, Faculté de Journalisme et d’études de Communication, Bucarest, 16 mars 2017.
Marti Caroline, « Le Best-seller ou l’exploit spectacularisé de l’industrialisation, en contexte numérique », Colloque « La gloire littéraire », Table ronde du 9 juin : « Gloire, succès, ventes », IEA de Paris, Université de Chicago, Labex OBVIL, Paris-Sorbonne, Maison de la recherche, 7-9 juin 2017.
Marti Caroline, « Les paradigmes et les défis de la recherche en publicité, relations publiques et communication organisationnelle dans le monde contemporain », conférencière invitée pour les 50 ans de l’école de communication ECA Escola de Comunicaçoes e Artes, USP, Université de Sao à Paulo ECA, 17 octobre 2016.
Marti Caroline, « Marques muséales, de la gestion sémiotique à la médiation symbolique », Colloque Marques muséales, Université Toulouse Capitole, 2 juin 2016.
Marti Caroline, « Valorisation médiatique et pouvoir social : le blog « de quoi je me M.E.L.» ». Colloque international, « Figures des décideurs en régime médiatique. Représenter la décision politique et économique : un défi communicationnel ». Programme DÉFI, « Les décideurs : figures médiatiques de l’autorité », coordonné par le GRIPIC en partenariat avec l’INSEAD et les Archives nationales, dans le cadre des projets Convergence de l’Idex Paris-Sorbonne 2014- 2015. Neuilly-sur-Seine, 24 sept 2015.
Montety (de) Caroline, « La ville comme scène d’énonciation des marques : appropriations, simulations, médiatisations ». IXe Congrès de l’AISV-IASV, International Association for Visual Semiotics. Lisbonne. 26-28 septembre 2011
Montety (de) Caroline, « Bibles de marque et chartes graphiques dans la tradition des livres d’emblèmes. Rhétorique du « donner à voir » et gestion sémiotique de l’image », IXe Congrès de l’AISV-IASV. « Rhétorique du visible. Stratégies de l’image entre signification et communication ». Venise, 13-16 avril 2010.
Montety (de) Caroline, « Hybridation des média-marques », avec K Berthelot-Guiet et V. Patrin-Leclère, in Actes du 4 Correia C. et Tomé I. pp. 398-408. « Dynamiques de développement au carrefour des mondes ». EUTIC. Lisbonne. 23-25 octobre 2008.";;;"Emission France culture « Les chemins de la philosophie », 24 novembre 2021, animée par Géraldine Mosna-Savoye
https://www.radiofrance.fr/franceculture/podcasts/les-chemins-de-la-philosophie/les-chemins-de-la-philosophie-du-mercredi-24-novembre-2021-9763757";"Marques et médiations culturelles : dépublicitarisation et « mise en culture » des marques
Transformations médiatiques et culturelles en contexte marchand. Prédilection pour les terrains liés la gastronomie, au patrimoine
Dispositifs numériques et industrialisation des relations sociales en contexte marchand.
Consommation, déconsommation etc. : adaptations, contraintes et paradoxes de la rhétorique publicitaire
Télécharger le CV";;;;
mmaugerparat;Marion Mauger-Parat;Chercheuse | Membre associé;;"* **Email:** [marion.mauger@yahoo.fr](mailto:marion.mauger@yahoo.fr)
* **Profils:** [HAL](https://hal.science/search/index/?q=*&authFullName_s=Marion%20Mauger%20Mauger-Parat)";;;;;;;;;;;;;;;;;;;;;;;;;;;;;;;;;;;;;;;;;;"Discipline
: Sémiologie - Analyse de discours
Institution de rattachement
: GRIPIC
Thématiques de recherche
: Cultures, savoirs et communication, Dynamiques de communication dans l'espace public";;;;
mmazzacane;Maya Mazzacane;Doctorante-chercheuse | Membre permanent en formation doctorale;maya_mazzacane.webp;"* **Email:** [mmazzacane@hotmail.fr](mailto:mmazzacane@hotmail.fr)
* **Profils:** [HAL](https://hal.science/search/index/?q=%2A&rows=30&authIdPerson_i=1497577&sort=publicationDate_tdate+desc)";;;;;;;;;;;;;;;;;;;;"Discipline
: Sciences de l’information et de la communication.
Thématique de recherche
: Dynamiques de communication dans l’espace public.
Titre de thèse
: La salle de consommation à moindre risque pour usagers de drogues de Paris : Étude du débat local et de ses effets sur les dynamiques de l’action publique.
Directeur de thèse
: Pascal Froissart.
Co-directeur de thèse
: Henri Bergeron (Sciences Po Paris) – Sociologie politique.";;;;;;;;;;;;;;;;;;;;;;"Débat public,
Problème public,
Controverse,
Politiques publiques des drogues.";;;;
umoret;Ugo Moret;Doctorant-chercheur | Membre permanent en formation doctorale;;"* **Email:** [ugo.moret@gmail.com](mailto:ugo.moret@gmail.com)
* **Profils:** [HAL](https://hal.science/search/index/?q=%2A&rows=30&authFullName_s=Ugo+Moret&sort=publicationDate_tdate+desc)";;;;;;;;;;;;;;;;;;;;;;;;;;;;;;;;;;;;;;;;;;"Discipline
: Sciences de l'information et de la communication
Thématiques de recherche
: Formes et écritures médiatiques
Titre de thèse
: Cultures du texte journalistique en ligne : sémantisation du temps dans les nouvelles formes éditoriales en ligne
Mots-clés
: Média - Presse - Internet - Journalisme - Temps - Représentations - Écrits d'écran
Directeur de thèse
: Valérie Jeanne-Perrier";;;;
anicolas;Agathe Nicolas;Chercheuse | Membre associé;agathe_nicolas.webp;"* **Email:** [agathe.nicolas@live.fr](mailto:agathe.nicolas@live.fr)
* **Profils:** [LinkedIn](https://www.linkedin.com/in/agathenicolas/) | [HAL](https://hal.science/search/index/?q=%2A&rows=30&authIdPerson_i=1162953&sort=publicationDate_tdate+desc)";"Membre
du comité scientifique pour le colloque « Enfance et histoire : cultures et pratiques enfantines du passé », Maison de la Recherche de la Faculté des Lettres de Sorbonne-Université, initialement prévu les 23 et 24 avril 2020, reporté aux 8 et 9 avril 2021.
Projet de recherche
NICOLAS Agathe, entrée « Transmédia, création et re-création », répertoire du programme transversal TRANSNUM, https://transnum.pre.utc.fr/lexique/";;;;;;;;;;"NICOLAS Agathe « Le débat sur le fait historique comme prétexte à la production d'un savoir sur la fiction : le cas du forum d'échanges ""la gazette du sorcier"" (Harry Potter) », Colloque « Enfance et histoire : cultures et pratiques enfantines du passé », Maison de la Recherche de la Faculté des Lettres de Sorbonne-Université, initialement prévu les 23 et 24 avril 2020, reporté aux 8 et 9 avril 2021
NICOLAS Agathe, « Pottermore à la loupe », Podcast l’Académie des Sorciers, 26 septembre 2021, disponible sur Spotify
NICOLAS Agathe, « Pottermore: A New Way of Spreading the Fiction or a Part of a Lockout Strategy ? » , Groupe de recherche « Harry Potter Studies », Colloque SWPACA (South West Popular/American Culture Association), février 2018, Albuquerque, Etats-Unis
NICOLAS Agathe, « ""From the 'book to read' to the 'book to collect"" : Harry Potter and the french editor's digital platforms », Groupe de recherche Publishing Studies Conference, Conférence « By the Book3 : Building Audiences for the Book in an Age of Media Proliferation », juin 2016, Villa Finaly, Florence, Italie
MORET Ugo, NICOLAS Agathe, « Liens entre auctorialité et processus de légitimation, Foucault et Barthes », Séminaire « Légitimité, légitimation », GRIPIC, CELSA Sorbonne Université, février 2016";;;;;;;;;Les recherches d’Agathe Nicolas traitent des problématiques de création dans le cadre des industries culturelles, et répondent à quatre grandes questions : quelles sont les influences de l’industrie sur la création d’une fiction ? Quelles sont les influences de la fiction sur les médiations et les représentations de l’industrie ? Quelles sont les conséquences de l’industrialisation sur les circulations de la fiction ? Comment comprendre la permanence d’une figure d’auteur dans un régime de création collective ?;;;;;;;;;;;;;;;NICOLAS Agathe, entrée « Transmédia, création et re-création », répertoire du programme transversal TRANSNUM, https://transnum.pre.utc.fr/lexique/;;;"Communications et interventions
NICOLAS Agathe « Le débat sur le fait historique comme prétexte à la production d'un savoir sur la fiction : le cas du forum d'échanges ""la gazette du sorcier"" (Harry Potter) », Colloque « Enfance et histoire : cultures et pratiques enfantines du passé », Maison de la Recherche de la Faculté des Lettres de Sorbonne-Université, initialement prévu les 23 et 24 avril 2020, reporté aux 8 et 9 avril 2021
NICOLAS Agathe, « Pottermore à la loupe », Podcast l’Académie des Sorciers, 26 septembre 2021, disponible sur Spotify
NICOLAS Agathe, « Pottermore: A New Way of Spreading the Fiction or a Part of a Lockout Strategy ? » , Groupe de recherche « Harry Potter Studies », Colloque SWPACA (South West Popular/American Culture Association), février 2018, Albuquerque, Etats-Unis
NICOLAS Agathe, « ""From the 'book to read' to the 'book to collect"" : Harry Potter and the french editor's digital platforms », Groupe de recherche Publishing Studies Conference, Conférence « By the Book3 : Building Audiences for the Book in an Age of Media Proliferation », juin 2016, Villa Finaly, Florence, Italie
MORET Ugo, NICOLAS Agathe, « Liens entre auctorialité et processus de légitimation, Foucault et Barthes », Séminaire « Légitimité, légitimation », GRIPIC, CELSA Sorbonne Université, février 2016";;;;"Culture savoirs et communication
Médiations marchandes";;;;
qning;Qizhao NING;Doctorant-chercheur | Membre permanent en formation doctorale;;* **Profils:** [LinkedIn](https://www.linkedin.com/in/johnny-qizhao-ning-a579301a3/);;;;;;;;;;;;;;;;;;;;;;;;;;;;;;;;;;;;;;;;;;"Sujet de thèse
Transformation numérique : symboles culturels et construction de l'identité des jeunes dans le cas des programmes de divertissement de la télévision de service public";;;;
tmartínez;Talia Olvera Martínez;Doctorante-chercheuse | Membre permanent en formation doctorale;;* **Email:** [talia.taolmtz@gmail.com](mailto:talia.taolmtz@gmail.com);;;;;;;;;;;;;;;;;;;;;;;;;;;;;;;;;;;;;;;;;;"Discipline
: Sciences de l'information et de la communication
Thématiques de recherche
: Formes et écritures médiatiques
Titre de thèse
: Indépendance de la presse et innovation, les nouveaux visages de l'entrepreneuriat en journalisme
Directeur de thèse
: Valérie Jeanne-Perrier";;;;
mparelon;Matthieu Parelon;Doctorant-chercheur | Membre permanent en formation doctorale;;* **Email:** [matthieuparlons@gmail.com](mailto:matthieuparlons@gmail.com);;;;;;;;;;;;;;;;;;;;;;;;;;;;;;;;;;;;;;;;;;"Discipline
: Sciences de l'information et de la communication
Thématiques de recherche
: Cultures, savoirs et communication, Formes et écritures médiatiques
Titre de thèse
: (Se) Jouer des dispositifs médiatiques. Trois cas d'ironie transcendantale : Mallarmé, Lacan, Godard
Mots-clés
: Dispositif, Ironie, Média, Intellectuel, Mallarmé, Lacan, Godard
Directeur de thèse
: Adeline Wrona";;;;
vpatrinleclère;Valérie Patrin-Leclère;Maitresse de conférences | Membre permanent en enseignement et recherche;valerie_patrin_leclere.webp;"* **Email:** [valerie.patrin@sorbonne-universite.fr](mailto:valerie.patrin@sorbonne-universite.fr)
* **Profils:** [LinkedIn](https://www.linkedin.com/in/val%C3%A9rie-patrin-lecl%C3%A8re-5a8a0139/) | [HAL](https://hal.science/search/index/?q=%2A&rows=30&authFullName_s=Val%C3%A9rie+Patrin-Lecl%C3%A8re&sort=publicationDate_tdate+desc)";;;;;;;;;;;;;;;;;;;;L'entrepreneuriat dans le domaine des médias.;;;;;;;;;;;;;;;;;;;;;;"Panorama des entreprises médiatiques / Connaissance des médias
Analyse sémio-économique des transformations médiatiques (marques et médias)
Analyse des hybridations professionnelles entre professionnels des médias, du marketing et de la communication";;;;
spenin;Suzanne Penin;Doctorante-chercheuse | Membre permanent en formation doctorale;;* **Email:** [peninsuzanne@gmail.com](mailto:peninsuzanne@gmail.com);;;;;;;;;;;;;;;;;;;;;;;;;;;;;;;;;;;;;;;;;;"Discipline
: Sciences de l'information et de la communication
Thématiques de recherche
: Formes et écritures médiatiques
Titre de thèse
: Discours et imaginaires des organisations ""post-managériales""";;;;
aperesson;Amélie Peresson;Doctorante-chercheuse | Membre permanent en formation doctorale;amelie_peresson.webp;"* **Email:** [amelie.peresson@gmail.com](mailto:amelie.peresson@gmail.com)
* **Profils:** [LinkedIn](https://www.linkedin.com/in/amélie-peresson-88359a8b/) | [HAL](https://hal.science/search/index/?q=%2A&rows=30&authIdPerson_i=1021089&sort=publicationDate_tdate+desc)";;;;;;;;;;;;;;;;;;;;Je consacre ma thèse à l’éducation libertaire, un sous-courant de l’anarchisme. En un peu plus de deux siècles, les penseurs et les sympathisants de ce mouvement ont produit un très large éventail de textes, et ont aussi créé de nombreuses expériences pédagogiques. Ces ressources foisonnantes partagent cependant un point commun : toutes portent un projet de société qualifié par leurs architectes « d’émancipateur ».  Les éducateurs libertaires considèrent en effet que l’éducation est un puissant outil de transformation, à la fois individuel, mais aussi social. Leurs réflexions se focalisent ainsi sur les effets réels que peut avoir l’éducation sur le développement d’une personne, mais aussi sur l’ensemble de la société. Les libertaires observent au XIXe siècle le processus d’institutionnalisation de l’éducation, et craignent qu’elle ne devienne qu’un outil d’asservissement politique, économique, et intellectuel. Plus précisément, ils redoutent l’influence de l’Église catholique et de l’État républicain en la matière. Il me semble que leurs réflexions annoncent souvent celles que Foucault élabore en 1970, avec Surveiller et Punir : les libertaires pointent un siècle avant lui l’instrumentalisation disciplinaire que l’État peut faire de la pédagogie. Les éducateurs libertaires critiquent alors vertement le modèle naissant de l’école républicaine, qu’ils n’estiment être qu’une fabrique de travailleurs dociles et dépolitisés. Ils tentent ainsi de proposer des modèles d’éducation alternatifs, dont les modalités ont été très diverses, mais qui partagent un objectif commun : protéger les personnes humaines de toute domination extérieure afin que chacun puisse se construire lui-même. Au cours de mes premières années de thèse, mon étude s’est donc essentiellement portée sur l’analyse des discours militants élaborés par les partisans de la pédagogie libertaire. L’objectif était de mettre en avant leur aspect profondément révolutionnaire : l’éducation est avant tout un levier de transformation politique que les anarchistes mobilisent afin de donner l’occasion à chacun d’œuvrer à la mise en place d’une société libertaire, en évacuant tout rapport de domination. Au cours de ma deuxième année de thèse, je me suis focalisée sur l’étude des situations de communications que les libertaires s’efforcent de dessiner entre les professeurs et les apprenants, et sur les façons dont ils tentent de réguler les interactions interpersonnelles surgissant dans des situations d’apprentissage.;;;;;;;;;;;;;;;;;;;;;;"Situations de communication scolaire
Dispositifs éducatifs et forme scolaire
Éducation libertaire
Parole de l’apprenant (enfants et adolescents)
Savoirs situés";;;;
erodriguez;Eloïza  Perez Rodriguez;Doctorante-chercheuse | Membre permanent en formation doctorale;;;;;;;;;;;;;;;;;;;;;;;;;;;;;;;;;;;;;;;;;;;;;;;;
lpetit;Laurent Petit;Professeur des universités | Membre permanent en enseignement et recherche;;"* **Email:** [laurent.petit@upmc.fr](mailto:laurent.petit@upmc.fr)
* **Profils:** [LinkedIn](https://www.linkedin.com/in/laurent-petit-86454429/) | [HAL](https://hal.science/search/index/?q=*&rows=30&authIdPerson_i=1094850&sort=publicationDate_tdate+desc)";;;;;;;;;;;;;;;;;;;;"Chargé de mission numérique - INSPE Paris
Créateur et responsable du Master ""Ingénierie de la formation et Médias numériques""
Chercheur au GRIPIC (CELSA)";;;;;;;;;;;;;;;;;;;;;;"Discipline
: Sciences de l'information et de la communication
Thématiques de recherche
: Cultures, savoirs et communication";;;;
rpiercegrove;Ri Pierce-Grove;Chercheuse | Membre associé;;"* **Email:** [ri.pierce_grove@sorbonne-universite.fr](mailto:ri.pierce_grove@sorbonne-universite.fr)
* **Profils:** [LinkedIn](https://www.linkedin.com/in/ri-pierce-grove-3534904/)";;;;;;;;;;;;;;;;;;;;;;;;;;;;;;;;;;;;;;;;;;;;;;
nquemener;Nelly Quemener;Professeure des universités | Membre permanent en enseignement et recherche;nelly_quemener.webp;"* **Email:** [nelly.quemener@sorbonne-universite.fr](mailto:nelly.quemener@sorbonne-universite.fr)
* **Profils:** [LinkedIn](https://www.linkedin.com/in/nelly-quemener-701a50119/) | [HAL](https://hal.science/search/index/?q=%2A&rows=30&authIdPerson_i=1149171&sort=publicationDate_tdate+desc)
* **CV:** [Télécharger le CV](https://kit-117.sorbonne-universite.fr/sites/default/files/media/2022-09/Quemener%20Nelly%20-%20CV%202022.pdf)";"Chercheuse associée de l'Institut National de Science et Technologie en Démocratie Numérique (INCT.DD), rattaché à l'Université fédérale de Bahia, à Salvador, au Brésil (depuis 2024).
Collaboratrice au sein de la chaire, portée par Mireille Lalancette et Éric Belanger, « La démocratie, le vivre ensemble et les valeurs communes du Québec ».
Chercheuse associée, depuis 2018, au GRCP, Groupe de Recherche en Communication Politique, Université de Laval.
Membre du Conseil scientifique de l'Institut du Genre pour la mandature 2025-2029.
Co-organisatrice avec Virginie Julliard (CELSA, Gripic) du séminaire Genre, Médias et Communication.
Directrice de la revue Poli - Politiques des Cultural Studies.
Membre du comité de rédaction de la revue French Cultural Studies.
Projets de recherche
Projet ANR, programme « Sociétés innovantes », ENEID, Éternités numériques. Les identités numériques post mortem et les usages mémoriaux innovants du web au prisme du genre. Avec le laboratoire CIM de l’Université Paris 3, le LabSic de l’Université Paris 1, le COSTECH de l’Université de technologie de Compiègne (UTC) et l’Université de technologie Sino-Européenne de Shanghai (UTSEUS) Porteuses : Fanny Georges (IRMECCEN, Paris 3) et Virginie Julliard (UTC, EPIN), 2014-2017.
Projet AMOUR2PRE, programme DIM/SHS – WEB, L’amour est dans le pré et ailleurs. Une sociologie de la croyance en l’amour à travers l’articulation de la vie conjugale et la réception des productions culturelles, Université Paris 5 et Paris 3, 2014.
Projet de recherche ARPÈGE, LA Reconfiguration des Pratiques culturelles Et du GEnre à l’ère du numérique. Programme « Genre et culture », Département des Études, de la Prospective et des Statistiques (DEPS) du Ministère de la Culture. Avec les laboratoires CEISME, CERLIS, CIM et IRCAV de l’Université Paris 3, le laboratoire CEMTI de l’Université Paris 8, le LabSic de l’Université Paris 13, le COSTECH de l’Université de technologie de Compiègne (UTC).
Porteuse du projet : Hélène Bourdeloie (LabSIC, Université Paris 13 Nord) ; Mars 2012-Novembre 2014
Participations régulières au Global Media Monitoring Project (éditions 2010, 2015, 2020), projet de monitorage qui a pour but d’étudier la manière dont les femmes et les hommes sont représentés dans les actualités, des journaux télévisés, radiophoniques, à la presse quotidienne nationale et Twitter.
Organisation d’événements scientifiques
16 et 17 janvier 2025 – Co-organisation avec Rym Kireche-Gerwig du colloque international Scènes culturelles et performances corporelles, avec le soutien du GRIPIC, Maison de la recherche de Sorbonne Université.
13 et 14 juin 2024 – Co-organisation avec Camila Moreira César, Virginie Julliard du colloque international sur Communautés politiques, émotions et réactions. Avec le soutien du GRIPIC, du Fond d’Intervention de la Recherche, de l’IRMÉCCEN (Université Sorbonne Nouvelle), de la Commission Recherche de Paris 3, Maison de la recherche de Sorbonne Université.
24 et 25 novembre 2022 – Co-organisation au sein de l’association RIRH du colloque international sur Les publics de l’humour. Avec le soutien de l’IRMÉCCEN (Université Sorbonne Nouvelle), du CERC (Université Sorbonne Nouvelle), d’ARTES (Université de Bordeaux), du CPTC (Université de Bourgogne). En partenariat avec l'ENSATT (Lyon) et de l’Observatoire de l'Humour (Montréal).
7 et 8 juillet 2022 – Co-organisation avec Camila Moreira César, Virginie Julliard et Marion Dalibert des journées d’études La circulation des extrêmes droites. Avec le soutien de la Commission Recherche de Paris 3, de l’IMECCEN, du GRIPIC et de GERiiCO.
22 et 23 mars 2018 – Co-organisation avec Marie-Duret Pujol des journées d’études Les scènes de l’humour. Avec le laboratoire CLARE/ Artes de l’université de Bordeaux, l’association RIRH et le festival Les Fous rires de Bordeaux.";;;"Nelly Quemener, Virginie Julliard, « Défaire le genre des représentations médiatiques et des dispositifs numériques », Communication [En ligne], vol. 40, 2023. URL : http://journals.openedition.org/communication/18028
Nelly Quemener, « De l’approche critique des représentations aux dynamiques affectives. Saisir les phénomènes d’intensification des échanges sur la chaîne YouTube de Dieudonné », Communication & langages, no 212, 2022, p. 113-129.
Nelly Quemener, « “Respectabilité anti-système” et complot américano-sioniste. L’analyse des réactions en chaîne sur la chaîne YouTube de Dieudonné », Communication [en ligne], vol. 38/2, 2021. URL : http://journals.openedition.org/communication/14604
Nelly Quemener, « “Vous voulez réagir ?” L’étude des controverses médiatiques au prisme des intensités affectives », Questions de communication, no 33, 2018, p. 23-41.
Jamil Dakhlia, Nelly Quemener, « Hérauts et héros de la postérité. Logiques de médiatisation et fabrique de la célébrité post mortem », Réseaux, vol. 210, no 4, 2018, p. 53-88.
Nelly Quemener. « A-t-on encore besoin de la politique de l’identité ? Réflexions sur les Cultural Studies aujourd’hui », Diogène, vol. 258-259-260, no 2-3-4, 2017, p. 38-51.
Marion Dalibert, Nelly Quemener, « Femen. La reconnaissance médiatique d’un féminisme aux seins nus », Mots. Les langages du politique, no 111, 2016, p. 83-102.
Nelly Quemener, « “Ma chérie, il faut révéler ta féminité !”. Rhétorique du choix et de l'émancipation dans les émissions de relooking en France », Raisons politiques, no 62, 2016, p. 35-49.
Gérôme Guibert, Nelly Quemener, « Cultural Studies et Économie Politique de la Communication : quel rapport au marxisme ? », Réseaux, vol. 33, no 192, 2015, p. 88-114.
Nelly Quemener, « Des pratiques subversives ? Les humoristes françaises dans les talk-shows », Recherches féministes, vol. 25, no 2, 2012, p. 139-156.";;;;;"Nelly Quemener, « Reactive communities and affective intensities. A methodological proposal to seize the formation and circulation of “anti-system” assertions on a YouTube channel », dans Valérie Schafer, Fred Pailler, Online virality. Spread and influence, Luxembourg, De Gruyter Oldenbourg, 2024, p. 191-206.
Nelly Quemener, « La valeur de l’insulte et du complot. Une étude des dynamiques constitutives des propos antisémites sur la chaîne YouTube de Dieudonné », dans Dominique Lagorgette et Denis Ramond, Lutter contre les stéréotypes, Paris, PUF, coll. « Laviedesidees.fr », 2023, p. 27-42.
Nelly Quemener, « Commentaires sur la chaîne de Dieudonné. La formation de communautés réactives », dans Yvette Assilaméhou-Kunz, Franck Rebillard (Dir.), La machine YouTube. Contradictions d’une plateforme d’expression, Paris, C&F Éditions, 2022, p. 185-202.
Nelly Quemener, « Entre rire et dégoût. Saisir les réactions publiques à Dieudonné », dans Cédric Passard & Denis Ramond, De quoi se moque-t-on ? Satire et liberté d’expression, Paris, CNRS Éditions, 2021, p. 285-302.
Nelly Quemener, « Repenser une approche intersectionnelle au prisme du concept d’articulation », dans Malek Bouyahia, Franck Freitas et Karima Ramdani (dir.), Penser avec Stuart Hall, Paris, La Dispute, 2021, p. 129-151.
Nelly Quemener, « Affects et réception médiatique. Des dimensions idéologiques du plaisir du texte aux dimensions affectives de l’idéologie », dans Éric Maigret, Laurent Martin (dir.), Les Cultural Studies. Au-delà des politiques des identités, Lormont, Les Éditions Le Bord de l’eau, 2020, p. 223-234.
Maxime Cervulle, Nelly Quemener, « Queer », dans Juliette Rennes (dir.), Encyclopédie critique du genre. Corps, sexualité, rapports sociaux, Paris, La Découverte, 2016, p. 229-238.
Nelly Quemener, « Une bouffonnerie désengagée ? Du comique anti-système à la critique hyperpersonnalisée », dans Patrick Charaudeau (dir.), Humour et engagement politique, Limoges, Éditions Lambert-Lucas, 2015, p. 89-112.
Maxime Cervulle, Nelly Quemener, « Genre, race et médias. Divergences et convergences méthodologiques dans les sciences de l’information et de la communication » dans Hélène Bourdeloie, David Douyère (dir.), Méthodes de recherche sur l'information et la communication - Regards croisés, Paris, collection MediaCritic, Mare & Martin, 2014, p. 79-98.
Nelly Quemener, « Les contradictions corps/langage comme moteur du rire. Parodies et incarnations de genre chez les humoristes femmes en France », dans Luca Greco & Natacha Chetcuti (dir.), La Face cachée du genre : le rôle du langage dans la transmission et la contestation des normes, Paris, Presses Universitaires de la Sorbonne Nouvelle, 2012, p. 85-103.";;"Nelly Quemener, « Les placards de l’humour », Colloque international Scènes culturelles et performances corporelles, Maison de la recherche de Sorbonne université, GRIPIC, 16 et 17 janvier 2025.
Rym Kirèche-Gerwig, Nelly Quemener, « The mediated experience of the body », Colloque international (Inter)disciplinary Bodies, Brunel London University, 27-29 juin 2024.
Nelly Quemener, « Le potentiel polémique du stand-up », Colloque international Le stand-up en France : discours, pratiques et enjeux, Sorbonne Université, 24 et 25 novembre 2023.
Virginie Julliard, Nelly Quemener, « Entre communauté émotionnelle et communauté réactive, les débats autour du Grand Remplacement sur Twitter », 3è Congrès de l’Institut du Genre, Nos Futurs, Université Toulouse Jean Jaurès, 4- 7 juillet 2023.
Nelly Quemener, « Entre logiques d’identification et dynamiques affectives, comprendre les expressions publiques du rire », Session plénière, colloque international organisé par RIRH – Réseau interdisciplinaire de recherches sur l’humour, Les publics de l’humour, 24 et 25 novembre 2022.
Nelly Quemener, « Le genre des réactions. Masculinité viriliste et luttes de respectabilité », 2è congrès international du GIS Institut du Genre, université d’Angers, 27-30 août 2019.
Nelly Quemener, « Les politiques de l’humour, entre divertissement et controverses », 6ème édition des Ateliers internationaux du Groupe de Recherche en Communication Politique, Université de Laval, 20 et 21 avril 2018.
Nelly Quemener, « Intersectionnalité, articulation, assemblage : genre, classe, race dans les pratiques de réception des interventions médiatiques », Colloque international Croiser le genre et la classe. Objets, méthodes, perspectives, Université de Lausanne, 9-10 novembre 2017.
Nelly Quemener, « Des femmes non respectables : genre, classe, race et sexualités dans les performances de l’humour en France », Session plénière, Colloque international Women in French, Université de Leeds, 19-21 mai 2017.
Jamil Dakhlia, Nelly Quemener et Lucien Castex, « Temps, morts et médias. Les temporalités de la couverture médiatique des décès de personnalités », XXème Congrès de la Société Française des Sciences de l’Information et de la Communication, Université de Metz, 8-10 juin 2016.
Nelly Quemener, « D’une marge à l’autre. Repenser les politiques des identités en France », Colloque de Cerisy, Cultural studies / Études culturelles : au-delà des politiques des identités, Cerisy, 2-9 septembre 2015.
Jamil Dakhlia, Nelly Quemener, « Mediatized death as an hegemonic process », Congrès IAMCR / AIERI Montréal 2015, UQAM, WG Popular Culture, 12-16 juillet 2015.
Marion Dalibert, Nelly Quemener, « L’émancipation par les seins nus ? Les Femen, de l’hypermédiatisation à l’hypersexualisation », 2ème colloque international Penser l’émancipation. Théories, pratiques et conflits autour de l’émancipation humaine, Université Paris-Ouest Nanterre, 19-22 février 2014.
Nelly Quemener, « Disarticulated laughers: backlash in entertainment in France », Congrès IAMCR / AIERI Istanbul 2011, Kadir Haas University, SG Gender and Communication, 12 au 17 juillet 2011.
Nelly Quemener, « Les nouveaux ressorts de l’humour : montée des groupes subalternes dans les sketches télévisuels en France », Congrès de l’Association Française de Sociologie 2011, RT 24 Genre, Classe, Race. Rapports sociaux et construction de l'altérité, Université de Grenoble, 5 au 8 juillet 2011.
Nelly Quemener, « Mockery or fantasy ? Transvestite characters, cross-dressing and subaltern sexualities in the French one wo/man shows », Queer in Europe, A 3-Day International Research Symposium, The Centre for the Interdisciplinary Study of Sexuality and Gender in Europe, University of Exeter, UK, 13-15 sept. 2008.";;;;;"Cervulle Maxime, Quemener Nelly, Dossier « Les Cultural Studies et l’école de Birmingham : retour vers le futur », Poli – Politiques des Cultural Studies [En ligne], no 15, 2022. URL : https://polirevue.wordpress.com/numero-15-cultural-studies-ecole-birmingham/
Duret-Pujol Marie, Quemener Nelly, Dossier « Les scènes de l’humour », Les Cahiers d’Artès, tome 16, 2020.
Georges Fanny, Julliard Virginie, Quemener Nelly, Bourdeloie Hélène, Dossier « Garder les morts vivants », Réseaux, no 210, 2018.
Dalibert Marion, Lamy Aurélia, Quemener Nelly, Dossier « Rapports sociaux et hégémonie. Conflictualités dans les espaces publics (2) », Études de communication, no 48, 2017.
Dalibert Marion, Lamy Aurélia, Quemener Nelly, Dossier « Circulation et qualification des discours. Conflictualités dans les espaces publics (1) », Études de communication, no 47, 2016.
Julliard Virginie, Quemener Nelly, Dossier « Émergences : le genre dans la communication et les médias », Revue Française de Sciences de l’Information et de la Communication [En ligne], no 4, 2014. URL : https://journals.openedition.org/rfsic/691";;;;Mes recherches portent sur la production discursive de l’idéologie et la configuration de la sphère publique à partir de l’étude de médias de divertissement et d’information. Mes travaux sur l’humour, les émissions de relooking ou encore l’événementialisation de certains féminismes s’attachent à rendre compte des « systèmes centraux de significations » et des transformations initiées depuis les marges par le déploiement de contre-discours, de luttes pour la visibilité ou de politiques de l’identité. Depuis mon HDR (2022), mes recherches s’intéressent aux dimensions affectives des phénomènes d’emballement médiatiques et numériques. Avec l’étude d’espaces nourrissant une proximité avec les idées d’extrême droite, il s’agit de saisir les effets constitutifs sur le débat public de polémiques marquées par des dynamiques de réactions en chaîne et des processus d’intensification des échanges sur les plateformes. Cette approche par les affects se déploie enfin dans mes travaux sur l’émission Au théâtre ce soir au travers d’une réflexion sur le « paradigme du placard », c’est-à-dire la puissance des non-dits et du silence.;;;;;;;;"16 et 17 janvier 2025 – Co-organisation avec Rym Kireche-Gerwig du colloque international Scènes culturelles et performances corporelles, avec le soutien du GRIPIC, Maison de la recherche de Sorbonne Université.
13 et 14 juin 2024 – Co-organisation avec Camila Moreira César, Virginie Julliard du colloque international sur Communautés politiques, émotions et réactions. Avec le soutien du GRIPIC, du Fond d’Intervention de la Recherche, de l’IRMÉCCEN (Université Sorbonne Nouvelle), de la Commission Recherche de Paris 3, Maison de la recherche de Sorbonne Université.
24 et 25 novembre 2022 – Co-organisation au sein de l’association RIRH du colloque international sur Les publics de l’humour. Avec le soutien de l’IRMÉCCEN (Université Sorbonne Nouvelle), du CERC (Université Sorbonne Nouvelle), d’ARTES (Université de Bordeaux), du CPTC (Université de Bourgogne). En partenariat avec l'ENSATT (Lyon) et de l’Observatoire de l'Humour (Montréal).
7 et 8 juillet 2022 – Co-organisation avec Camila Moreira César, Virginie Julliard et Marion Dalibert des journées d’études La circulation des extrêmes droites. Avec le soutien de la Commission Recherche de Paris 3, de l’IMECCEN, du GRIPIC et de GERiiCO.
22 et 23 mars 2018 – Co-organisation avec Marie-Duret Pujol des journées d’études Les scènes de l’humour. Avec le laboratoire CLARE/ Artes de l’université de Bordeaux, l’association RIRH et le festival Les Fous rires de Bordeaux.";"Cervulle Maxime, Quemener Nelly, Cultural Studies : Théories et méthodes, Paris, Armand Colin, coll. 128, 2015, 2e édition augmentée, Coll. Dunod, 2018.
Lécossais Sarah, Quemener Nelly (dir.), En quête d’archives. Bricolages méthodologiques en terrains médiatiques, Paris, Ina Éditions, 2018.
Cervulle Maxime, Quemener Nelly et Vörös Florian (dir.), Matérialismes, culture et communication. Volume 2 – Cultural Studies, théories féministes et postcoloniales, Paris, Presse des Mines, coll. Matérialisme, 2016.
Quemener Nelly, Le Pouvoir de l’humour. Politiques des représentations dans les médias en France, Paris, Armand Colin, coll. Médiacultures, 2014.";;;;;;;"Projet ANR, programme « Sociétés innovantes », ENEID, Éternités numériques. Les identités numériques post mortem et les usages mémoriaux innovants du web au prisme du genre. Avec le laboratoire CIM de l’Université Paris 3, le LabSic de l’Université Paris 1, le COSTECH de l’Université de technologie de Compiègne (UTC) et l’Université de technologie Sino-Européenne de Shanghai (UTSEUS) Porteuses : Fanny Georges (IRMECCEN, Paris 3) et Virginie Julliard (UTC, EPIN), 2014-2017.
Projet AMOUR2PRE, programme DIM/SHS – WEB, L’amour est dans le pré et ailleurs. Une sociologie de la croyance en l’amour à travers l’articulation de la vie conjugale et la réception des productions culturelles, Université Paris 5 et Paris 3, 2014.
Projet de recherche ARPÈGE, LA Reconfiguration des Pratiques culturelles Et du GEnre à l’ère du numérique. Programme « Genre et culture », Département des Études, de la Prospective et des Statistiques (DEPS) du Ministère de la Culture. Avec les laboratoires CEISME, CERLIS, CIM et IRCAV de l’Université Paris 3, le laboratoire CEMTI de l’Université Paris 8, le LabSic de l’Université Paris 13, le COSTECH de l’Université de technologie de Compiègne (UTC).
Porteuse du projet : Hélène Bourdeloie (LabSIC, Université Paris 13 Nord) ; Mars 2012-Novembre 2014
Participations régulières au Global Media Monitoring Project (éditions 2010, 2015, 2020), projet de monitorage qui a pour but d’étudier la manière dont les femmes et les hommes sont représentés dans les actualités, des journaux télévisés, radiophoniques, à la presse quotidienne nationale et Twitter.";;"Ouvrages
Cervulle Maxime, Quemener Nelly, Cultural Studies : Théories et méthodes, Paris, Armand Colin, coll. 128, 2015, 2e édition augmentée, Coll. Dunod, 2018.
Lécossais Sarah, Quemener Nelly (dir.), En quête d’archives. Bricolages méthodologiques en terrains médiatiques, Paris, Ina Éditions, 2018.
Cervulle Maxime, Quemener Nelly et Vörös Florian (dir.), Matérialismes, culture et communication. Volume 2 – Cultural Studies, théories féministes et postcoloniales, Paris, Presse des Mines, coll. Matérialisme, 2016.
Quemener Nelly, Le Pouvoir de l’humour. Politiques des représentations dans les médias en France, Paris, Armand Colin, coll. Médiacultures, 2014.
Directions de dossiers
Cervulle Maxime, Quemener Nelly, Dossier « Les Cultural Studies et l’école de Birmingham : retour vers le futur », Poli – Politiques des Cultural Studies [En ligne], no 15, 2022. URL : https://polirevue.wordpress.com/numero-15-cultural-studies-ecole-birmingham/
Duret-Pujol Marie, Quemener Nelly, Dossier « Les scènes de l’humour », Les Cahiers d’Artès, tome 16, 2020.
Georges Fanny, Julliard Virginie, Quemener Nelly, Bourdeloie Hélène, Dossier « Garder les morts vivants », Réseaux, no 210, 2018.
Dalibert Marion, Lamy Aurélia, Quemener Nelly, Dossier « Rapports sociaux et hégémonie. Conflictualités dans les espaces publics (2) », Études de communication, no 48, 2017.
Dalibert Marion, Lamy Aurélia, Quemener Nelly, Dossier « Circulation et qualification des discours. Conflictualités dans les espaces publics (1) », Études de communication, no 47, 2016.
Julliard Virginie, Quemener Nelly, Dossier « Émergences : le genre dans la communication et les médias », Revue Française de Sciences de l’Information et de la Communication [En ligne], no 4, 2014. URL : https://journals.openedition.org/rfsic/691
Chapitres d’ouvrage
Nelly Quemener, « Reactive communities and affective intensities. A methodological proposal to seize the formation and circulation of “anti-system” assertions on a YouTube channel », dans Valérie Schafer, Fred Pailler, Online virality. Spread and influence, Luxembourg, De Gruyter Oldenbourg, 2024, p. 191-206.
Nelly Quemener, « La valeur de l’insulte et du complot. Une étude des dynamiques constitutives des propos antisémites sur la chaîne YouTube de Dieudonné », dans Dominique Lagorgette et Denis Ramond, Lutter contre les stéréotypes, Paris, PUF, coll. « Laviedesidees.fr », 2023, p. 27-42.
Nelly Quemener, « Commentaires sur la chaîne de Dieudonné. La formation de communautés réactives », dans Yvette Assilaméhou-Kunz, Franck Rebillard (Dir.), La machine YouTube. Contradictions d’une plateforme d’expression, Paris, C&F Éditions, 2022, p. 185-202.
Nelly Quemener, « Entre rire et dégoût. Saisir les réactions publiques à Dieudonné », dans Cédric Passard & Denis Ramond, De quoi se moque-t-on ? Satire et liberté d’expression, Paris, CNRS Éditions, 2021, p. 285-302.
Nelly Quemener, « Repenser une approche intersectionnelle au prisme du concept d’articulation », dans Malek Bouyahia, Franck Freitas et Karima Ramdani (dir.), Penser avec Stuart Hall, Paris, La Dispute, 2021, p. 129-151.
Nelly Quemener, « Affects et réception médiatique. Des dimensions idéologiques du plaisir du texte aux dimensions affectives de l’idéologie », dans Éric Maigret, Laurent Martin (dir.), Les Cultural Studies. Au-delà des politiques des identités, Lormont, Les Éditions Le Bord de l’eau, 2020, p. 223-234.
Maxime Cervulle, Nelly Quemener, « Queer », dans Juliette Rennes (dir.), Encyclopédie critique du genre. Corps, sexualité, rapports sociaux, Paris, La Découverte, 2016, p. 229-238.
Nelly Quemener, « Une bouffonnerie désengagée ? Du comique anti-système à la critique hyperpersonnalisée », dans Patrick Charaudeau (dir.), Humour et engagement politique, Limoges, Éditions Lambert-Lucas, 2015, p. 89-112.
Maxime Cervulle, Nelly Quemener, « Genre, race et médias. Divergences et convergences méthodologiques dans les sciences de l’information et de la communication » dans Hélène Bourdeloie, David Douyère (dir.), Méthodes de recherche sur l'information et la communication - Regards croisés, Paris, collection MediaCritic, Mare & Martin, 2014, p. 79-98.
Nelly Quemener, « Les contradictions corps/langage comme moteur du rire. Parodies et incarnations de genre chez les humoristes femmes en France », dans Luca Greco & Natacha Chetcuti (dir.), La Face cachée du genre : le rôle du langage dans la transmission et la contestation des normes, Paris, Presses Universitaires de la Sorbonne Nouvelle, 2012, p. 85-103.
Articles
Nelly Quemener, Virginie Julliard, « Défaire le genre des représentations médiatiques et des dispositifs numériques », Communication [En ligne], vol. 40, 2023. URL : http://journals.openedition.org/communication/18028
Nelly Quemener, « De l’approche critique des représentations aux dynamiques affectives. Saisir les phénomènes d’intensification des échanges sur la chaîne YouTube de Dieudonné », Communication & langages, no 212, 2022, p. 113-129.
Nelly Quemener, « “Respectabilité anti-système” et complot américano-sioniste. L’analyse des réactions en chaîne sur la chaîne YouTube de Dieudonné », Communication [en ligne], vol. 38/2, 2021. URL : http://journals.openedition.org/communication/14604
Nelly Quemener, « “Vous voulez réagir ?” L’étude des controverses médiatiques au prisme des intensités affectives », Questions de communication, no 33, 2018, p. 23-41.
Jamil Dakhlia, Nelly Quemener, « Hérauts et héros de la postérité. Logiques de médiatisation et fabrique de la célébrité post mortem », Réseaux, vol. 210, no 4, 2018, p. 53-88.
Nelly Quemener. « A-t-on encore besoin de la politique de l’identité ? Réflexions sur les Cultural Studies aujourd’hui », Diogène, vol. 258-259-260, no 2-3-4, 2017, p. 38-51.
Marion Dalibert, Nelly Quemener, « Femen. La reconnaissance médiatique d’un féminisme aux seins nus », Mots. Les langages du politique, no 111, 2016, p. 83-102.
Nelly Quemener, « “Ma chérie, il faut révéler ta féminité !”. Rhétorique du choix et de l'émancipation dans les émissions de relooking en France », Raisons politiques, no 62, 2016, p. 35-49.
Gérôme Guibert, Nelly Quemener, « Cultural Studies et Économie Politique de la Communication : quel rapport au marxisme ? », Réseaux, vol. 33, no 192, 2015, p. 88-114.
Nelly Quemener, « Des pratiques subversives ? Les humoristes françaises dans les talk-shows », Recherches féministes, vol. 25, no 2, 2012, p. 139-156.
Communications et interventions
Nelly Quemener, « Les placards de l’humour », Colloque international Scènes culturelles et performances corporelles, Maison de la recherche de Sorbonne université, GRIPIC, 16 et 17 janvier 2025.
Rym Kirèche-Gerwig, Nelly Quemener, « The mediated experience of the body », Colloque international (Inter)disciplinary Bodies, Brunel London University, 27-29 juin 2024.
Nelly Quemener, « Le potentiel polémique du stand-up », Colloque international Le stand-up en France : discours, pratiques et enjeux, Sorbonne Université, 24 et 25 novembre 2023.
Virginie Julliard, Nelly Quemener, « Entre communauté émotionnelle et communauté réactive, les débats autour du Grand Remplacement sur Twitter », 3è Congrès de l’Institut du Genre, Nos Futurs, Université Toulouse Jean Jaurès, 4- 7 juillet 2023.
Nelly Quemener, « Entre logiques d’identification et dynamiques affectives, comprendre les expressions publiques du rire », Session plénière, colloque international organisé par RIRH – Réseau interdisciplinaire de recherches sur l’humour, Les publics de l’humour, 24 et 25 novembre 2022.
Nelly Quemener, « Le genre des réactions. Masculinité viriliste et luttes de respectabilité », 2è congrès international du GIS Institut du Genre, université d’Angers, 27-30 août 2019.
Nelly Quemener, « Les politiques de l’humour, entre divertissement et controverses », 6ème édition des Ateliers internationaux du Groupe de Recherche en Communication Politique, Université de Laval, 20 et 21 avril 2018.
Nelly Quemener, « Intersectionnalité, articulation, assemblage : genre, classe, race dans les pratiques de réception des interventions médiatiques », Colloque international Croiser le genre et la classe. Objets, méthodes, perspectives, Université de Lausanne, 9-10 novembre 2017.
Nelly Quemener, « Des femmes non respectables : genre, classe, race et sexualités dans les performances de l’humour en France », Session plénière, Colloque international Women in French, Université de Leeds, 19-21 mai 2017.
Jamil Dakhlia, Nelly Quemener et Lucien Castex, « Temps, morts et médias. Les temporalités de la couverture médiatique des décès de personnalités », XXème Congrès de la Société Française des Sciences de l’Information et de la Communication, Université de Metz, 8-10 juin 2016.
Nelly Quemener, « D’une marge à l’autre. Repenser les politiques des identités en France », Colloque de Cerisy, Cultural studies / Études culturelles : au-delà des politiques des identités, Cerisy, 2-9 septembre 2015.
Jamil Dakhlia, Nelly Quemener, « Mediatized death as an hegemonic process », Congrès IAMCR / AIERI Montréal 2015, UQAM, WG Popular Culture, 12-16 juillet 2015.
Marion Dalibert, Nelly Quemener, « L’émancipation par les seins nus ? Les Femen, de l’hypermédiatisation à l’hypersexualisation », 2ème colloque international Penser l’émancipation. Théories, pratiques et conflits autour de l’émancipation humaine, Université Paris-Ouest Nanterre, 19-22 février 2014.
Nelly Quemener, « Disarticulated laughers: backlash in entertainment in France », Congrès IAMCR / AIERI Istanbul 2011, Kadir Haas University, SG Gender and Communication, 12 au 17 juillet 2011.
Nelly Quemener, « Les nouveaux ressorts de l’humour : montée des groupes subalternes dans les sketches télévisuels en France », Congrès de l’Association Française de Sociologie 2011, RT 24 Genre, Classe, Race. Rapports sociaux et construction de l'altérité, Université de Grenoble, 5 au 8 juillet 2011.
Nelly Quemener, « Mockery or fantasy ? Transvestite characters, cross-dressing and subaltern sexualities in the French one wo/man shows », Queer in Europe, A 3-Day International Research Symposium, The Centre for the Interdisciplinary Study of Sexuality and Gender in Europe, University of Exeter, UK, 13-15 sept. 2008.";;;;"Cultural Studies
, études des médias et de l’espace public
Approches par les affects et les émotions
Études de genre, théories queer et approches par l’intersectionnalité
Représentations, médiatisation et rapports sociaux de classe, race, genre
Circulation transmédiatique des discours et dynamiques d’emballement médiatique
Humour, politique et controverse
Télécharger le CV";;;;
kraya;Katia Raya;Chercheuse | Membre associé;katia_raya.webp;"* **Email:** [katia.raya@usj.edu.lb](mailto:katia.raya@usj.edu.lb)
* **Profils:** [LinkedIn](https://www.linkedin.com/in/katia-raya/?locale=pt_BR) | [Twitter](https://x.com/Katia_Raya)
* **CV:** [Télécharger le CV](https://kit-117.sorbonne-universite.fr/sites/default/files/media/2022-09/cv-katia-raya-fr2015-2016a.pdf)";;;;;;;;;;;;;;;;;;;;;;;;;;;;;;;;;;;;;;;;;;"Discipline
: Sciences de l'information et de la communication
Thématiques de recherche
: Cultures, savoirs et communication
Sujet de recherche
: réseaux sociaux
Titre de thèse
: Les réseaux sociaux dans le paysage universitaire libanais (2016 - 2019): Quelle (s) stratégie (s) pour quels objectifs ?
Mots-clés
: Social Media
Directeur de thèse
: Nicole D'Almeida
Télécharger le CV";;;;
lraymond;Lucie Raymond;Chercheuse | Membre associé;;"* **Email:** [lucie.raymond.pro@gmail.com](mailto:lucie.raymond.pro@gmail.com)
* **Profils:** [LinkedIn](https://www.linkedin.com/in/lucie-raymond-59258a98) | [HAL](https://hal.science/search/index/?q=%2A&rows=30&authIdPerson_i=1226806&sort=publicationDate_tdate+desc)";;;;;;;;;;;;;;;;;;;;Ecosystèmes médiatiques et transition numérique.;;;;;;;;;;;;;;;;;;;;;;"Discipline
: Sciences de l'information et de la communication
Thématiques de recherche
: Formes et écritures médiatiques, Dynamiques de communication dans l'espace public
Titre de thèse
: La construction médiatique de la revendication « antisystème » : enquête sur les stratégies de création et de renouvellement d’une (im)posture journalistique et politique
Mots-clés
: Posture antisystème ; Médiagénie ; potentiel médiagénique ; rhétorique du ressentiment ; Internet ; Média alternatif ; Médiactivisme ; Journalisme ; Médias ; Communication politique ; Communication numérique
Directeur de thèse
: Valérie Jeanne-Perrier";;;;
creille;Coline Reille;Doctorante-chercheuse | Membre permanent en formation doctorale;coline_reille.webp;* **Profils:** [LinkedIn](https://www.linkedin.com/in/coline-reille-367396132/) | [HAL](https://hal.science/search/index/?q=%2A&rows=30&authIdPerson_i=1163425&sort=publicationDate_tdate+desc);;;;;;;;;;;;;;;;;;;;;;;;;;;;;;;;;;;;;;;;;;"Thèse au sujet de l'animal médiateur, l'animal dit de compagnie dans les relations, interactions et communications au sein de la sphère familiale.
Sous la direction de Joëlle Le Marec et Pauline Escande Gauquie.";;;;
lrenaut;Laurène Renaut;Chercheuse | Membre associé;laurene_renaut.webp;"* **Email:** [laurene.renaut@sorbonne-universite.fr](mailto:laurene.renaut@sorbonne-universite.fr)
* **Profils:** [HAL](https://hal.science/search/index/?q=%2A&rows=30&authIdPerson_i=178407&sort=publicationDate_tdate+desc)";;;;;;;;;;;;;;;;;;;;;;;;;;;;;;;;;;;;;;;;;;;;;;
vrichard;Véronique Richard;Professeure des universités émérite | Membre permanent en enseignement et recherche;veronique_richard.webp;"* **Email:** [veronique.richard@sorbonne-universite.fr](mailto:veronique.richard@sorbonne-universite.fr)
* **Profils:** [LinkedIn](https://www.linkedin.com/in/veronique-richard-4377b3102) | [HAL](https://hal.science/search/index/?q=%2A&rows=30&authIdPerson_i=1150141&sort=publicationDate_tdate+desc)";"Présidente du comité scientifique Colloque Travail et Loisirs
Comment le travail se transforme par et dans le divertissement et comment le divertissement se requalifie en travail
Mercredi 11 juin 2014 - 09:30
au
Vendredi 13 juin 2014 - 16:15
Co-organisation de la journée d'études sur ""L'éthique dans les pratiques professionnelles de l'information et de la communication""
Mercredi 18 mars 2015 - 09:30
au
Mercredi 18 mars 2015 - 17:30
Au cours de mes deux mandats de directrice du CELSA, j’ai œuvré pour que nos programmes d’enseignement et ceux de recherches s’enrichissent mutuellement. J’ai aussi contribué au développement du GRIPIC et facilité la redistribution de nos axes pour intégrer en particulier les évolutions journalistiques et technologiques de notre champ.
J’ai personnellement co-dirigé lors du contrat 2004-2009 l’axe « Enjeux de communication et relations de travail » et en 2009-2013 l’axe : « Dynamiques de communication dans l'espace public, Enjeux de communication et relations de travail ».
Projets de recherche
Richard Véronique, Eloy-Perrin Florence, Malaterre Florian, L’éthique dans les discours patronaux. La construction d’un éthos patronal dans un monde incertain ? », Bord de l’eau, à paraitre, Printemps 2025.
Poursuivre les questions posées dans l’ouvrage à paraître par une proposition d’intervention au colloque annuel de la SFSIC.";;;"Richard Véronique, « L’attrait des médias pour les initiatives citoyennes des jeunes », Effeuillage, La revue qui met à nu, 2017, p. 40 à 44.
Richard Véronique, « Questionnements éthiques et communication publique en période bouleversée, Parole publique, n°11, Dila, coll. « La revue de la communication publique », 2016, 3 pages
Richard Véronique, « Paroles de chefs d’entreprise aujourd’hui : un acte de réassurance », Sociétal, 2015, p.259-270.
Richard Véronique, Candel Etienne, « Dirigeant, un rôle de composition », Sociétal, 3ème trimestre 2009, p. 82-93.
Communications avec actes";;;;;"Richard Véronique, « Les récits médiatiques de passation de pouvoir des dirigeants économiques : démystification ou allégorie du pouvoir ? », dans Adeline Wrona & Emeline Seignobos (dir), La fabrique de l’autorité. Figures des décideurs en régime médiatique, Les petits matins, coll « Médias, politique et communication », 2017, p. 79-94.
Richard Véronique, « Les traces de représentation d’un éthos patronal laissées dans le documentaire “La France des grands patrons” », dans Galinon-Mélénec, Béatrice (dir), Traces du corps, tome 4 de la série L’Homme-trace, CNRS éditions, coll. « Série Homme trace », 2017, 8 pages
Richard Véronique, « Pour une éthique relationnelle dans les organisations contemporaines », dans Pierre-Michel Riccio et Daniel Bonnet (dir.), Management des technologies organisationnelles, Presses de l’École des Mines, 2009, p. 31-39";;"Richard Véronique, « Que nous disent les médias de l’intelligence artificielle ? », intervention au colloque Transnum. Penser le numérique comme transformation, porté par le GRIPIC et le Costech, Juin 2018.
Richard Véronique, Présidente du conseil scientifique du colloque « Travail et loisir. Ou comment se transforme le travail par et dans le divertissement et comment le divertissement se requalifie en travail », colloque organisé par le GRIPIC, (dir) Actes du colloque, Juin 2014.
Richard Véronique, « Les pratiques professionnelles au regard de la VAE », dans Denis Benoît (dir.), L'éthique en communication. Actes du colloque international Éthique et métaéthique dans les professions de l'information et de la communication, Éditions universitaires européennes, 2011, p.122-128.
Richard Véronique, « Articulation entre management, gestion des ressources humaines et communication organisationnelle, Intervention au Colloque de la SFSIC à Castres, Juin 2001.
Nombreuses invitations à des conférences ou débats en entreprise comme Orange, LVMH, ou dans des associations professionnelles comme l’AFCI, Association française de la communication interne, l’Observatoire des cadres, Admical, Association pour le développement du Mécénat, Entreprise et communication, Reporters d’espoir, AJIS, Association des journalistes de l’information sociale, ANDRH (Association des DRH) et membre de jurys pour des prix : Prix Schoendoerffer de l’Armée de terre, Prix média du dispositif médical.";;;;;;;;;;"Mes questions ont principalement porté sur le management et les relations de travail au travers de leurs fondements idéologiques et de la place de l’éthique dans les pratiques. Mes réflexions ont été orientées sur les ethos, les croyances et les normes qui irriguent les relations de travail en interrogeant divers aspects comme l’évolution des principes d’action et des formes de communication, l’articulation entre gestion des ressources humaines et communication organisationnelle, les stratégies communicationnelles des dirigeants, la transparence ou le dire vrai.
Dates clés
1995-2004 : Responsable du département Ressources Humaines et communication
1994-2004 : Directrice adjointe du CELSA
2004-2014 : Directrice du CELSA
1997-2015 : Membre du Conseil scientifique de Paris-Sorbonne
Depuis 2010 : Membre du comité éditorial de la revue Sociétal
Depuis 2015 : Administratrice de la Société des lecteurs du Monde";;;;;;;;Richard Véronique, « Incidences des changements de l’organisation du travail et du management sur les fondements et les pratiques de l’éthique relationnelle », Habilitation à diriger des recherches, Université Paris Sorbonne, 1994, 2 vol.;;;;;;;"Richard Véronique, Eloy-Perrin Florence, Malaterre Florian, L’éthique dans les discours patronaux. La construction d’un éthos patronal dans un monde incertain ? », Bord de l’eau, à paraitre, Printemps 2025.
Poursuivre les questions posées dans l’ouvrage à paraître par une proposition d’intervention au colloque annuel de la SFSIC.";;"Ouvrages
Richard Véronique, « Incidences des changements de l’organisation du travail et du management sur les fondements et les pratiques de l’éthique relationnelle », Habilitation à diriger des recherches, Université Paris Sorbonne, 1994, 2 vol.
Chapitres d’ouvrage
Richard Véronique, « Les récits médiatiques de passation de pouvoir des dirigeants économiques : démystification ou allégorie du pouvoir ? », dans Adeline Wrona & Emeline Seignobos (dir), La fabrique de l’autorité. Figures des décideurs en régime médiatique, Les petits matins, coll « Médias, politique et communication », 2017, p. 79-94.
Richard Véronique, « Les traces de représentation d’un éthos patronal laissées dans le documentaire “La France des grands patrons” », dans Galinon-Mélénec, Béatrice (dir), Traces du corps, tome 4 de la série L’Homme-trace, CNRS éditions, coll. « Série Homme trace », 2017, 8 pages
Richard Véronique, « Pour une éthique relationnelle dans les organisations contemporaines », dans Pierre-Michel Riccio et Daniel Bonnet (dir.), Management des technologies organisationnelles, Presses de l’École des Mines, 2009, p. 31-39
Articles
Richard Véronique, « L’attrait des médias pour les initiatives citoyennes des jeunes », Effeuillage, La revue qui met à nu, 2017, p. 40 à 44.
Richard Véronique, « Questionnements éthiques et communication publique en période bouleversée, Parole publique, n°11, Dila, coll. « La revue de la communication publique », 2016, 3 pages
Richard Véronique, « Paroles de chefs d’entreprise aujourd’hui : un acte de réassurance », Sociétal, 2015, p.259-270.
Richard Véronique, Candel Etienne, « Dirigeant, un rôle de composition », Sociétal, 3ème trimestre 2009, p. 82-93.
Communications avec actes
Communications et interventions
Richard Véronique, « Que nous disent les médias de l’intelligence artificielle ? », intervention au colloque Transnum. Penser le numérique comme transformation, porté par le GRIPIC et le Costech, Juin 2018.
Richard Véronique, Présidente du conseil scientifique du colloque « Travail et loisir. Ou comment se transforme le travail par et dans le divertissement et comment le divertissement se requalifie en travail », colloque organisé par le GRIPIC, (dir) Actes du colloque, Juin 2014.
Richard Véronique, « Les pratiques professionnelles au regard de la VAE », dans Denis Benoît (dir.), L'éthique en communication. Actes du colloque international Éthique et métaéthique dans les professions de l'information et de la communication, Éditions universitaires européennes, 2011, p.122-128.
Richard Véronique, « Articulation entre management, gestion des ressources humaines et communication organisationnelle, Intervention au Colloque de la SFSIC à Castres, Juin 2001.
Nombreuses invitations à des conférences ou débats en entreprise comme Orange, LVMH, ou dans des associations professionnelles comme l’AFCI, Association française de la communication interne, l’Observatoire des cadres, Admical, Association pour le développement du Mécénat, Entreprise et communication, Reporters d’espoir, AJIS, Association des journalistes de l’information sociale, ANDRH (Association des DRH) et membre de jurys pour des prix : Prix Schoendoerffer de l’Armée de terre, Prix média du dispositif médical.";;;;"Principes et pratiques managériales ;
Communication interne : formes, pratiques et enjeux ;
Éthique relationnelle en entreprise ;
Figures et paroles des dirigeants d’entreprise dans les médias ;
Évolution des discours patronaux sur l’éthique.";;;;
proberttanguy;Philippe Robert-Tanguy;Professeur des universités associé | Membre associé;philippe_robert_tanguy.webp;"* **Email:** [philippe.robert-tanguy@sorbonne-universite.fr](mailto:philippe.robert-tanguy@sorbonne-universite.fr)
* **Profils:** [LinkedIn](https://www.linkedin.com/in/philipperobert/) | [HAL](https://hal.science/search/index/?q=%2A&rows=30&authIdPerson_i=1171533&sort=publicationDate_tdate+desc)";;;;;;;;;;;;;;;;;;;;;;;;;;;;;;;;;;;;;;;;;;"Culture d’entreprise et identités professionnelles,
Communication des organisations,
Pratiques d’intervention,
Conduite du changement et dynamiques sociales,
Leadership.";;;;
mrollandin;Marion Rollandin;Chercheuse | Membre associé;;"* **Email:** [marionrollandin@gmail.com](mailto:marionrollandin@gmail.com)
* **Profils:** [LinkedIn](https://www.linkedin.com/in/marion-rollandin-82331b10b) | [HAL](https://hal.science/search/index/?q=%2A&rows=30&authFullName_s=Marion+Rollandin&sort=publicationDate_tdate+desc) | [Twitter](https://x.com/MarionRollandin)";;;;;;;;;;;;;;;;;;;;Mes recherches portent sur la question de la construction des savoirs sur la communication médiatisée.;;;;;;;;;;;;;;;;;;;;;;"TIC et Société
Ecriture et design du web
Gestion de projet de communication numérique
Créativité numérique
Photographie";;;;
crondot;Camille Rondot;Maitresse de conférences | Membre permanent en enseignement et recherche;camille_rondot.webp;"* **Email:** [camille.rondot@sorbonne-universite.fr](mailto:camille.rondot@sorbonne-universite.fr)
* **Profils:** [LinkedIn](https://www.linkedin.com/in/camille-rondot-3508b543/) | [HAL](https://hal.science/search/index/?q=%2A&rows=30&authIdPerson_i=1150176&sort=publicationDate_tdate+desc)";;;;;;;;;;;;;;;;;;;;"Ses recherches portent sur l’analyse des médiations et des enjeux de médiatisation, que ce soit dans les institutions culturelles, du savoir et/ou politique.
Elle s’intéresse de façon privilégié aux enjeux de pouvoirs liés à l’investissement des médias informatisés.";;;;;;;;;;;;;;;;;;;;;;"Analyse des médiations et des enjeux de médiatisation (culturelle, politique et des savoirs)
Communication des organisations intergouvernementales
Communication politique
Connaissance des institutions culturelles et de transmission des savoirs (bibliothèques, centres d’art, musées)";;;;
hrundgnen;Heta Rundgnen;Post-doctorante | Membre permanent en formation doctorale;;;;;;;;;;;;;;;;;;;;;;;;;;;;;;;;;;;;;;;;;;;;;;;;
abolourdi;Anita Saleh Bolourdi;Doctorante-chercheuse | Membre permanent en formation doctorale;;"* **Email:** [ani.saleh@yahoo.fr](mailto:ani.saleh@yahoo.fr)
* **Profils:** [HAL](https://hal.science/search/index/?q=%2A&rows=30&authIdPerson_i=1270418&sort=publicationDate_tdate+desc)";;;;;;;;;;;;;;;;;;;;;;;;;;;;;;;;;;;;;;;;;;"Discipline
: Sciences de l'information et de la communication
Thématiques de recherche
: Cultures, savoirs et communication
Sujet de recherche
: La culture universitaire, une sphère multi-informationnelle entre la communication traditionnelle et les plateformes modernes
Directeur de thèse
: Karine Berthelot-Guiet";;;;
lsalvator;Laurence Salvator;Chercheuse | Membre associé;;"* **Email:** [laurence.salvator@aliceadsl.fr](mailto:laurence.salvator@aliceadsl.fr)
* **Profils:** [LinkedIn](https://www.linkedin.com/in/laurence-salvator-51349a14a/)";;;;;;;;;;;;;;;;;;;;;;;;;;;;;;;;;;;;;;;;;;"Discipline
: Sciences de l'information et de la communication
Thématiques de recherche
: Cultures, savoirs et communication, Médiations marchandes
Sujet de recherche
: Boutiques et musées, une relation en miroir
Directeur de thèse
: Joelle le Marec";;;;
esandri;Eva Sandri;Chercheuse | Membre associé;;"* **Email:** [eva.sandri@univ-montp3.fr](mailto:eva.sandri@univ-montp3.fr)
* **Profils:** [LinkedIn](https://www.linkedin.com/in/eva-sandri-24856940/) | [HAL](https://hal.science/search/index/?q=%2A&rows=30&authIdPerson_i=170374&sort=publicationDate_tdate+desc)";;;;;;;;;;;;;;;;;;;;;;;;;;;;;;;;;;;;;;;;;;"Dispositifs de médiation numérique au musée
Transformations techniques et sémiotiques de l’image numérique
Anthropologie de projet
Sérendipité";;;;
asansen;Aurélie Sansen;Doctorante-chercheuse | Membre permanent en formation doctorale;;* **Email:** [aurelie.sansen@gmail.com](mailto:aurelie.sansen@gmail.com);;;;;;;;;;;;;;;;;;;;;Doctorante au sein du laboratoire GRIPIC (Sorbonne Université) sous la direction de Valérie Jeanne-Perrier, j’étudie les manières dont nous habitons, affectivement et cognitivement, à l’entre-deux de milieux « réel » et « virtuel ». Je m’appuie, dans le cadre de ce travail, sur des ensembles photographiques constitués au gré de mes déambulations personnelles quotidiennes menées tout à la fois « en ligne » et « hors ligne ».;;;;;;;;;;;;;;;;;;;;;;;;;
csarraute;Charles Sarraute;Doctorant-chercheur | Membre permanent en formation doctorale;;* **Email:** [charlesarraute@gmail.com](mailto:charlesarraute@gmail.com);;;;;;;;;;;;;;;;;;;;;;;;;;;;;;;;;;;;;;;;;;"Discipline
: Sciences de l'information et de la communication
Thématiques de recherche
: Formes et écritures médiatiques
Sujet de recherche
: L’interview de dirigeant à l’ère numérique : trajectoires d’une figure de pouvoir à l’épreuve de ses médiations, entre dramatisation et réappropriations
Directeur de thèse
: Adeline Wrona";;;;
dsaurier;Delphine Saurier;Chercheuse | Membre associé;;"* **Email:** [dsaurier@audencia.com](mailto:dsaurier@audencia.com)
* **Profils:** [HAL](https://hal.science/search/index/?q=%2A&rows=30&authIdPerson_i=11117&sort=publicationDate_tdate+desc)";;;;;;;;;;;;;;;;;;;;;;;;;;;;;;;;;;;;;;;;;;"Circulation des savoirs
Politiques publiques
Contradiction
Lieux de mémoire, musées, patrimoine
Milieu carcéral
Médiation et médiation culturelle";;;;
cdappolonia;Clara Scotto d'Appolonia;Doctorante-chercheuse | Membre permanent en formation doctorale;;;;;;;;;;;;;;;;;;;;;;;;;;;;;;;;;;;;;;;;;;;;;;;;
éseignobos;Émeline Seignobos;Chercheuse | Membre associé;;"* **Email:** [emeline.seignobos@wanadoo.fr](mailto:emeline.seignobos@wanadoo.fr)
* **Profils:** [LinkedIn](https://www.linkedin.com/in/emeline-seignobos-164990267/) | [HAL](https://hal.science/search/index/?q=%2A&rows=30&authFullName_s=%C3%89meline+Seignobos&sort=publicationDate_tdate+desc)";;;;;;;;;;;;;;;;;;;;"Discipline
: Rhétorique
Activité d'enseignement
: Cours de FLE,fondation Sorbon";;;;;;;;;;;;;;;;;;;;;;Dynamiques de communication dans l'espace public;;;;
msiguier;Marine Siguier;Maitresse de conférences | Membre associé;;"* **Email:** [marine.siguier06@gmail.com](mailto:marine.siguier06@gmail.com)
* **Profils:** [HAL](https://hal.science/search/index/?q=%2A&rows=30&authIdPerson_i=1163311&sort=publicationDate_tdate+desc)";;;;;;;;;;;"Communications internationales sans actes (C-COM)
Siguier Marine, « Représenter le vivant non-humain dans l’espace public : perspectives sémiologiques sur les statues d’animaux en France », colloque international « Existences collectives : Perspectives sémiotiques sur la sociabilité animale et humaine », co-organisé par le CEMTI (Université Paris 8), le GPS (Grand Paris Sémiotique) et Paragraphe (Université Paris 8), 20 octobre 2022.
Siguier Marine, « Réception(s) de la littérature et vidéos : quand les lecteurs “font œuvre” sur YouTube », Congrès Représentations et usages des réseaux sociaux numériques dans des œuvres littéraires, artistiques et médiatiques, APFUCC, Université de Régina, Régina, Canada, 26 mai 2018.
Siguier Marine, « Partage de la littérature en régime audiovisuel : mises en scène des expériences de lecture sur YouTube », Journée d’études La littérature en partage, UQAM, Montréal, Canada, 11 mai 2018.
Communications nationales sans actes (C-COM)
Siguier Marine, « Usages pédagogiques de l’image sur les réseaux socionumériques », journée professionnelle de l’APDEN (Association des Professeurs Documentalistes de l'Éducation Nationale) Nantes, 7 octobre 2021.
Buffard Marine, Siguier Marine « Synthèse du séminaire doctoral interdisciplinaire “Faire avec le numérique dans la recherche” », Colloque interdisciplinaire TRANSNUM, UTC Paris, 4 février 2020.
Siguier Marine « #Bookaddict : figurations du lecteur entre consommation compulsive et prescription marchande sur les plateformes de partage d’image », Séminaire Approches critiques des médiations marchandes, CELSA, 16 octobre 2019.
Siguier Marine, « Des chiffres et des lettres : délimiter, quantifier et cartographier des espaces littéraires sur les réseaux sociaux numériques. Le cas d’Instagram, Tumblr et YouTube », colloque Travail des données, MSH, Université de Caen, Normandie ,13-14 juin 2019.
Siguier Marine, « YouTube comme terrain de recherche : enjeux, corpus, et démarche exploratoire », Séminaire doctoral Approcher les discours et les communautés en ligne, TRANSNUM, 8 janvier 2018.
Siguier Marine, « Entre cadrage institutionnel et contre-cadrage contestataire : le street art autochtone à Montréal », Colloque transdisciplinaire Framing Street Art, Université Côte d'Azur, Laboratoire Interdisciplinaire Récits, Cultures et Sociétés (LIRCES), 8 juin 2017.
Siguier Marine, « Youtube et littérature : le plaisir ""hors texte"" de la lecture », Journée d’étude interdisciplinaire Plaisir de lire, ENS Lyon, 5 mai 2017.
Communications nationales avec actes (C-ACTN)
Siguier Marine, « Les chaines de vulgarisation écologique sur YouTube, entre influence et résistance », Journée d’étude Influenceur-ses et publicitarisation des contenus sur les réseaux sociaux-numériques, co-organisée par le CARISM (Université Paris 2 Panthéon-Assas), le CEMTI (Université Paris 8) et le GRIPIC (CELSA), 21 octobre 2022.
Siguier Marine, « Sexe, lecture et vidéo : figures iconographiques de la lectrice érotisée », Journée d’étude LittéraTube, Université Lyon III, 15 novembre 2018. Actes publiés sur Fabula.org.";;;;;;;;;"Une large partie de mes recherches porte sur les
représentations audiovisuelles de la lecture en régime numérique
. Je m’intéresse particulièrement aux
modes de circulation des images sur les médias sociaux
, et à la manière dont les transformations de l’environnement numérique influencent des modes de production et de réception spécifiques de ces contenus. J’aborde ces transformations à l’aune de la notion d’homotopie (affirmation symbolique d’appartenance à un environnement médiatique donné).
Je m’intéresse par ailleurs à la circulation des savoirs écologiques et éthologiques, et à la manière dont les travaux scientifiques sur le rapport au vivant sont désormais popularisés, vulgarisés et diffusés, sur les plateformes audiovisuelles notamment.";;;;;;;;;;;;;;;;;;"Communications et interventions
Communications internationales sans actes (C-COM)
Siguier Marine, « Représenter le vivant non-humain dans l’espace public : perspectives sémiologiques sur les statues d’animaux en France », colloque international « Existences collectives : Perspectives sémiotiques sur la sociabilité animale et humaine », co-organisé par le CEMTI (Université Paris 8), le GPS (Grand Paris Sémiotique) et Paragraphe (Université Paris 8), 20 octobre 2022.
Siguier Marine, « Réception(s) de la littérature et vidéos : quand les lecteurs “font œuvre” sur YouTube », Congrès Représentations et usages des réseaux sociaux numériques dans des œuvres littéraires, artistiques et médiatiques, APFUCC, Université de Régina, Régina, Canada, 26 mai 2018.
Siguier Marine, « Partage de la littérature en régime audiovisuel : mises en scène des expériences de lecture sur YouTube », Journée d’études La littérature en partage, UQAM, Montréal, Canada, 11 mai 2018.
Communications nationales sans actes (C-COM)
Siguier Marine, « Usages pédagogiques de l’image sur les réseaux socionumériques », journée professionnelle de l’APDEN (Association des Professeurs Documentalistes de l'Éducation Nationale) Nantes, 7 octobre 2021.
Buffard Marine, Siguier Marine « Synthèse du séminaire doctoral interdisciplinaire “Faire avec le numérique dans la recherche” », Colloque interdisciplinaire TRANSNUM, UTC Paris, 4 février 2020.
Siguier Marine « #Bookaddict : figurations du lecteur entre consommation compulsive et prescription marchande sur les plateformes de partage d’image », Séminaire Approches critiques des médiations marchandes, CELSA, 16 octobre 2019.
Siguier Marine, « Des chiffres et des lettres : délimiter, quantifier et cartographier des espaces littéraires sur les réseaux sociaux numériques. Le cas d’Instagram, Tumblr et YouTube », colloque Travail des données, MSH, Université de Caen, Normandie ,13-14 juin 2019.
Siguier Marine, « YouTube comme terrain de recherche : enjeux, corpus, et démarche exploratoire », Séminaire doctoral Approcher les discours et les communautés en ligne, TRANSNUM, 8 janvier 2018.
Siguier Marine, « Entre cadrage institutionnel et contre-cadrage contestataire : le street art autochtone à Montréal », Colloque transdisciplinaire Framing Street Art, Université Côte d'Azur, Laboratoire Interdisciplinaire Récits, Cultures et Sociétés (LIRCES), 8 juin 2017.
Siguier Marine, « Youtube et littérature : le plaisir ""hors texte"" de la lecture », Journée d’étude interdisciplinaire Plaisir de lire, ENS Lyon, 5 mai 2017.
Communications nationales avec actes (C-ACTN)
Siguier Marine, « Les chaines de vulgarisation écologique sur YouTube, entre influence et résistance », Journée d’étude Influenceur-ses et publicitarisation des contenus sur les réseaux sociaux-numériques, co-organisée par le CARISM (Université Paris 2 Panthéon-Assas), le CEMTI (Université Paris 8) et le GRIPIC (CELSA), 21 octobre 2022.
Siguier Marine, « Sexe, lecture et vidéo : figures iconographiques de la lectrice érotisée », Journée d’étude LittéraTube, Université Lyon III, 15 novembre 2018. Actes publiés sur Fabula.org.";;;;;;;;
esouchier;Emmanuël Souchier;Professeur des universités émérite | Membre permanent en enseignement et recherche;emmanuel_souchier.webp;"* **Email:** [emmanuel.souchier@wanadoo.fr](mailto:emmanuel.souchier@wanadoo.fr)
* **Profils:** [HAL](https://hal.science/search/index/?q=%2A&rows=30&authIdPerson_i=1149999&sort=publicationDate_tdate+desc)";"Membre du comité scientifique de la revue Comicalités ; du comité de lecture de la revue Semem et de la Revue française des sciences de l’information et de la communication.
Responsable avec Elsa Tadier (Université Paris Cité – Cerilac) Anne Zali (Bibliothèque nationale de France) du séminaire doctoral Chemins d’écritures, Maison de la recherche, Lettres - Sorbonne Université depuis 2014.
Co-fondateur et directeur scientifique du Colloque International Icône-Image, Télécom ParisTech, Cnrs, Sorbonne Université, Université de Dijon, Centre d’Art de l’Yonne, Musées de Sens et d’Auxerre, MSH de Dijon, 2004 – 2006.
Co-fondateur du Rendez-vous des Lettres avec Catherine Bizot (MEN) et Anne Zali (BnF), Ministère de l’Éducation nationale, Gripic – Celsa Sorbonne Université, École Estienne, 2010 - 2012.";;;"- Souchier Emmanuël, « Penser le “stade de l’écriture” à partir d’
Orion aveugle
de Claude Simon. Prélude à l’énonciation éditoriale »,
Communication & langages
, n° 218, 2023, p. 3-22. URL :
https://doi.org/10.3917/comla1.218.0003
- Souchier Emmanuël, Pomian Joanna, « Qui cause ? Qui dose ? Qui ose ? À l’infini poème apporter une fin », “Des textes au sens. Ce que les innovations technologiques ne prouvent pas”, Anquetil S. et Pignier N. (dir.),
Interfaces
Numériques
, vol. X, n°3, 2022. URL :
https://www.unilim.fr/interfaces-numeriques/4677#ftn14
- Souchier Emmanuël, « Histoire d’une rencontre. Retour sur l’
architexte
», Centre d’étude de l’écriture et de l’image, Université́ Paris Diderot,
écriture
et image,
n° 2, 2021. URL :
https://ecriture-et-image.fr/index.php/ecriture-image/article/view/57/41
- Souchier Emmanuël, « Relire la méthode d’Ivan Illich. Cheminer vers des sciences “humaines” ? »,
Communication & langages
, n°204, 2020, p. 49-78. URL :
https://doi.org/10.3917/comla1.204.0049
- Souchier Emmanuël, « Le carnaval typographique de Balzac. Premiers éléments pour une théorie de l’irréductibilité sémiotique »,
Communication & langages
, n°185, 2015, p. 3-22. URL :
https://doi.org/10.3917/comla.185.0003
.
- Souchier Emmanuël, « La mémoire de l’oubli : éloge de l’aliénation Pour une poétique de “l’infra-ordinaire” »,
Communication & langages
, n° 172, 2012, p. 3-19. URL :
https://doi.org/10.4074/S0336150012002013
- Souchier Emmanuël, « La “lettrure” à l’écran Lire & écrire au regard des médias informatisés.»,
Communication & langages
, n° 174, 2012, p. 85-108. URL :
https://doi.org/10.4074/S0336150012014068
- Trad. brésilienne, « Da “Lettrure” à tela: ler e escrever sob o olhar das mídias informatizadas »,
Ensino
em
Re-Vista
, vol. 22, n° 1, janv.-juin. 2015, p 211-229. URL :
https://seer.ufu.br/index.php/emrevista/article/view/30722
- Souchier Emmanuël, « Formes et pouvoirs
de l’énonciation éditoriale »,
Communication & langages
, n° 154, 2007, p. 23-38. URL :
https://doi.org/10.3406/colan.2007.4688
- Souchier Emmanuël, Jeanneret Yves, « L'énonciation éditoriale dans les écrits d'écran »,
Communication & langages
, n° 145, 2007, p. 3-15. URL :
https://doi.org/10.3406/colan.2005.3351
- Souchier Emmanuël, « Mémoires - outils - langages. Vers une “société du texte” ? »,
Communication & langages
, n° 139, 2004, p. 41-52. URL :
https://doi.org/10.3406/colan.2004.3251";;;;;"- Souchier Emmanuël, « La mémoire culturelle de la
forme livre
. Ruptures et continuités d’un support de
lettrure
»,
Le livre face au
numérique
. La disruption a-t-elle eu lieu ?
, Frédérique Giraud et Céline Guillot (dir.), Lyon, Presses de l’ENSSIB, 2023, p. 90-100.
- Souchier Emmanuël, « Lecture, typographie et mémoire de l’oubli. Les ressorts de l’énonciation éditoriale »,
À la poursuite du livre
rêvé
́ par Jean Giono et Maximilien Vox. Dialogues typographiques,
M.-A. Bailly- Maître (dir.) avec les étudiants du master 2 Métiers du livre et de l’édition de Caen 2020-2021, Lurs, Rencontres internationales de Lure / Manosque, Centre Jean Giono, 2021, p. 108-127.
- Souchier Emmanuël, « L’atelier d’écriture. S’approprier la chair chaude des mots », Cécile de Bary (dir.),
Les ateliers d’
écriture
et l’Oulipo
, Hermann, 2020, p. 187-205.
- Souchier Emmanuël, Wrona Adeline, « L’impensé du texte. Pour une approche sémiotique du texte, entre “image du texte”, rhétorique & médiation »,
Sémiotique
mode d’emploi
, K. Berthelot-Guiet et J.-J. Boutaud (dir.), Le Bord de l’eau éd., 2014, p. 173-189.
- Souchier Emmanuël, « Le texte, objet d’une poïétique sociale »,
Que faisons-nous du texte ?
, Presses universitaires de Paris-Sorbonne, 2012, p. 23-33.
- Souchier Emmanuël, Candel Étienne et Jeanne-Perrier Valérie, « Petites formes, grands desseins : d’une grammaire des énoncés éditoriaux à la standardisation des écritures »,
L’
Économie
des
écritures
sur le web
, Davallon Jean dir., Hermes Lavoisier, 2012, p. 165-201.
- Souchier Emmanuël, avec J. Bonaccorsi, I. Garron, S. Labelle et J.-L. Minel, « Réécritures appareillées : appropriations de l’œuvre de Raymond Queneau sur Internet »,
L’
écriture
des
médias
informatises
. Espaces de pratiques
, C. Tardy et Y. Jeanneret (dir.), Hermes Lavoisier, 2007, p. 173- 204.
- Souchier Emmanuël, « Une écriture de réseau, le
portail
comme pratique éditoriale »,
L’imaginaire de l’
écran
/
Screen
Imaginary
,
N. Roelens et Y. Jeanneret (dir.), Rodopi, Amsterdam - Atlanta, 2004, p. 163-173.
- Souchier Emmanuël, « Lorsque les écrits de réseaux cristallisent la mémoire des outils, des médias et des pratiques… »,
Les
défis
de la publication sur le Web :
hyperlectures
,
cybertextes
et
méta-édition
, J.-M. Salaün et Ch. Vandendorpe (dir.), coll. “Références”, Presses de l’ENSSIB, Lyon, 2004, p. 87-100. URL :
https://www.enssib.fr/bibliotheque-numerique/documents/68263-les-defis-de-la-publication-sur-le-web.pdf
- Souchier Emmanuël, « Le
sens formel
d’un manuscrit »,
Histoire de l’
écriture
: de l’
idéogramme
au
multimédia
, A.-M. Christin dir., Flammarion, 2001, p. 342-344.
-
Trad. américaine, “The
formal meaning
of a manuscrit”,
A History of Writing, from Ideogram to Multimedia.
New York, Flammarion.
-
Trad. arabe, Bibliothèque Alexandrina, Alexandrie, Égypte, 2005.
- Souchier Emmanuël, « Histoires de page et pages d’histoire »,
L’aventure des
écritures
, La page
, A. Zali dir., Bibliothèque nationale de France, 1999, p. 19-55.";;"- Souchier Emmanuël, « Une archéologie de l’énonciation éditoriale avec Massin », Colloque
Massin
. L’imagination (graphique) au pouvoir
, ISIA - Istituto Superiore per le Industrie Artistiche, Urbino, Italia, 19 mai, 2021. URL :
Conférence de 2:31:56 à 3:36:42
;
Échanges à partir de 2:13:00
.
- Souchier Emmanuël, « Balzac et la typographie. Questions d’intermédialité ? », Département des littératures de langue française, CRIALT, Université de Montréal, Québec, 11 septembre 2019.
- Souchier Emmanuël, « Le numérique comme écriture », CRILQ, CRIHN, CRSH du Canada, Université de Laval, Montréal, Québec, 13 septembre 2019. URL :
https://archive.org/details/conferenceemmanuelsouchieron2019091318541
- Souchier Emmanuël, « Les mots du design »,
Conference
Cumulus Paris 2018
Together
to
get
there
, Césaap - Écoles Boule, Duperré, Estienne, ENSAAMA, Académie de Paris, MEN – MESRI, 11-13 avril 2018.
- Souchier Emmanuël, « Énoncer l’énonciation éditoriale »,
Médias, Culture, Communication
, Université de Liège, Liège, 28 février 2018.
- Souchier Emmanuël, « Éléments pour une épistémologie du design en contexte numérique », Deuxième colloque ÉCRIDIL
Le livre, défi de design : l’intersection numérique de la création et de l’édition,
Écrire, éditer, lire à l’ère du numérique
, Montréal, CRSH du Canada, Université de Laval, 30 avril – 1er mai, 2018. URL :
https://www.youtube.com/watch?v=_tjVEWtZcVQ&t=167s
- Souchier Emmanuël et Belleguie André, « Les Rendez-vous des métiers du livre »,
Acteurs de la création graphique contemporaine,
Rencontre avec le plasticien et graphiste André Belleguie
, Bibliothèques de l’Arsenal et Forney, Bibliothèque de l’Arsenal, 30 janvier 2017. URL :
https://www.bnf.fr/fr/agenda?seance=1223926077376
- Souchier Emmanuël, «
Et demain j’apprends quoi ? Le leurre démocratique du code
”,
Pratiques d’écritures numériques en situations d’apprentissage
, ESPE de Rouen, Université de Rouen, ANR Translit, 13 janvier 2016. URL :
https://webtv.univ-rouen.fr/videos/2-demain-japprends-quoi-le-leurre-democratique-du-code-par-emmanuel-souchier/
- Souchier Emmanuël, « Questions autour de “l’irréductibilité sémiotique”
&
de la “polyphonie énonciative” de l’écriture. Le
carnaval typographique
de Balzac ou le “dict” de l’image. »,
Ce que les images font au savoir et inversement
, 11e Congrès de l’AISV - Association Internationales de Sémiotique Visuelle, Lièges, 08-11 septembre 2015.
- Boutaud Jean-Jacques, Darras Bernard, Landowski Éric, Souchier Emmanuël,
Quelles perspectives pour la sémiotique ?,
Université de Limoges, CeReS, 19 septembre 2014.
- Souchier Emmanuël, « Outils, langages et mémoires… vers une “société du texte” ? », Colloque
Les objets d’écriture. Interfaces et interactivité
, Centro Internazionale di Semiotica e Linguistica, Università degli Studi di Urbino, Italie, 14-16 juillet 2003.
- Souchier Emmanuël, « Les nouvelles technologies peuvent-elles tuer l'écriture ? », Colloque international
Ceci tuera cela : Autour de Victor Hugo. L'avènement des nouveaux supports de la pensée,
Ens Ulm - Centre culturel Canadien, 23-25 mai 2002.
- Souchier Emmanuël, « L’étiquette de vin : intersémiotique d’un objet naturel-culturel »,
La
semiotica
,
intersección
entre la
naturaleza
y la
cultura
,
VI
e
Congrès international de sémiotique
, Guadalajara, Mexique, 13-18 juillet 1997.
- Souchier Emmanuël, « Un hypertexte très ordinaire, l’automate bancaire », ive Congrès international
Word & image
, Trinity College, Dublin, août 1996.";;;;;"- Souchier Emmanuël, Gomez-Mejia Gustavo et Tadier Elsa (dir.), « Numéro Spécial Lexique »,
Communication & langages
, n° 200, 2019. URL :
https://doi.org/10.3917/comla1.200.0005
- Souchier Emmanuël, Gomez-Mejia Gustavo et Le Marec Joëlle (dir.), « Eliseo Verón. Vers une sémio-anthropologie »,
Communication & langages
, n° 196, 2018. URL :
https://doi.org/10.3917/comla1.196.0009
- Souchier Emmanuël, Jeanneret Yves et Soubret Jean-Louis (dir.), « Numéro Spécial Gérard Blanchard »,
Communication & langages
, n°178, 2013.  URL :
https://doi.org/10.4074/S0336150013014014
- Souchier Emmanuël, Robert Pascal (dir.). « La carte, un media entre sémiotique et politique »,
Communication & langages
, n° 158, 2008, p. 25-106.
- Souchier Emmanuël, Jeanneret Yves (dir.), « Écrire la science »,
Griffon
, n° 157, juin 1997, 34 p.
- Souchier Emmanuël (dir.). « De la littérature combinatoire aux Livres dont vous êtes le héros »,
Griffon
, n° 88, mars, 1988, 26 p.
- Souchier Emmanuël, L. Branciard (dir.), « Publicité́ et politique »,
Problèmes
Politiques et Sociaux
, n° 569, La Documentation Française, 1987, 40 p.
- Souchier Emmanuël (dir.). « Raymond Queneau. Regards sur Paris »,
Cahiers Raymond Queneau
, spécial exposition, n° 6,
Les Amis de Valentin Brû
, Levallois-Perret, juillet, 1987, 80 p.
- Souchier Emmanuël, Descouens Martine (dir.), « La mort et l’enfant »,
Griffon
, n° 73, octobre 1986, 26 p.
- Souchier Emmanuël (dir.), « Raymond Queneau »,
Trousse-Livres
, LFEEP, n° 55, décembre 1984, 42 p.
- Souchier Emmanuël (dir.), « Faire le livre aujourd’hui et demain »,
Trousse-Livres
, LFEEP, n° 48, mars1984, 42 p.";;;;"Professeur des Universités en Sciences de l’information et de la communication, qualifié en 71e et 9e sections du Cnu. Directeur honoraire de la recherche et du Gripic (Ura 1498), Celsa, Lettres Sorbonne Université (2007-2014). Membre de la CPDIR SIC, Commission permanente des directeurs de laboratoire en Sciences de l’information et de la communication (2007-2014). Président du Jury du Jury du DSAA Design Typographique (2012-2024).
Rédacteur en chef de la revue Communication & langages aux Presses universitaires de France (2000-2025).
Spécialiste de Raymond Queneau. Éditeur des Œuvres pour la « Bibliothèque de la Pléiade », « Les Cahiers de la NRF » ou « Folio » (Gallimard). Conseiller scientifique pour le Fonds Raymond Queneau de la Bibliothèque de l’Arsenal (Bibliothèque nationale de France)";;;;;;;;;"- Souchier Emmanuël, Candel Étienne, Gomez Mejia Gustavo et Jeanne-Perrier Valérie,
Le numérique comme écriture. Théories et méthode d’analyse
, coll. “Codex”, Armand Colin, 2019.
- Queneau Raymond,
Exercices de style
, Édition d’Emmanuël Souchier, “Folio anniversaire”, n°5393, Gallimard, 2012.
- Trad. chinoise par Tan-Ying Chou 周丹穎, Raymond Queneau 雷蒙·格諾,
Fengge
lianxi
“風格練習” (
Exercices de style
), Taipei, Alone publishing 一 人出版社, 2016.
- Souchier Emmanuël (dir.),
Le Petit Larousse illustré
, Refonte de l’encyclopédie, des lexiques de l’
édition
, des
médias
, du
marketing
et de la
publicité́
, Larousse, 2012.
- Queneau Raymond,
Connaissez-vous Paris ?
, Édition et Postface d’Emmanuël Souchier avec Odile Cortinovis, Gallimard, “Folio”, n° 5254, 2011.
- Trad. italienne par A. Conti,
Conosci
Parigi
?
Tutto
quello
che
devi
assolutamente
sapere
, Barbès Editore, Firenze, 2011.
-
Le Monde
, “Hors-série Jeux”, Édition Rue des Écoles, février 2012.
- Trad. italienne par A. Conti,
Conosci
Parigi
?
Tutto
quello
che
devi
assolutamente
sapere
, Edizioni Clichy, Firenze, 2013, 206 p.
- Trad. chinoise
Nin
liaojie
bali
ma?
“您了解巴黎吗 ?”, Pékin, Hu’an, par Fan Yanmei 樊艳梅, chubanshe 湖岸出版社, 2020.
- Souchier Emmanuël avec Y. Jeanneret,
Vocabulaire des études sémiotiques et sémiologiques
, D. Ablali et D. Ducard dir., Éditions Honoré Champion - Presses universitaires de Franche Comté, 2009.
- Souchier Emmanuël (dir.),
Image et
mémoire
,
Actes du troisième colloque international Icône Image, Obsidiane - Les Belles Lettres, 2007.
- Souchier Emmanuël (dir.),
Les interdits de l’image,
Actes du deuxième colloque international Icône Image, Musées d’Auxerre, Obsidiane - Les Belles Lettres, 2006.
- Queneau Raymond,
Exercices de style
,
Édition d’Emmanuël Souchier,
Œuvres complètes
, “Bibliothèque de la Pléiade”, H. Godard dir., Gallimard, 2006.
- Souchier Emmanuël (dir.),
L’image sosie : l’original et son double,
Actes du premier colloque international Icône Image, Obsidiane - Les Belles Lettres, 2005.
- Souchier Emmanuël, Jeanneret Yves et Le Marec Joëlle (dir.),
Lire, écrire, récrire. Objets, signe set pratiques des médias informatisés
, BPI – Centre Pompidou, 2003. URL :
https://books.openedition.org/bibpompidou/394?lang=fr
- Queneau Raymond,
Un rude hiver
,
Édition d’Emmanuël Souchier,
Œuvres complètes
, “Bibliothèque de la Pléiade”, H. Godard dir., Gallimard, 2002.
- Queneau Raymond,
Traité des vertus démocratiques
, Édition d’Emmanuël Souchier, coll. “Les Cahiers de la N.R.F.”, Gallimard, 1993.
- Souchier Emmanuël,
Raymond Queneau
, coll. “Les Contemporains”, Éditions du Seuil, 1991.
- Souchier Emmanuël, “
Je n’aime pas ce qui m’enserre
”
ou Raymond Queneau face au surréalisme
, Éditions Sixtus - Université́ de Limoges, 1991.
- Souchier Emmanuël,
Mai 68
, coll. « Les médias et l’évènement », « Préface » de Marc Ferro, La Documentation Française, 1988.";;;;;;;;;"Ouvrages
- Souchier Emmanuël, Candel Étienne, Gomez Mejia Gustavo et Jeanne-Perrier Valérie,
Le numérique comme écriture. Théories et méthode d’analyse
, coll. “Codex”, Armand Colin, 2019.
- Queneau Raymond,
Exercices de style
, Édition d’Emmanuël Souchier, “Folio anniversaire”, n°5393, Gallimard, 2012.
- Trad. chinoise par Tan-Ying Chou 周丹穎, Raymond Queneau 雷蒙·格諾,
Fengge
lianxi
“風格練習” (
Exercices de style
), Taipei, Alone publishing 一 人出版社, 2016.
- Souchier Emmanuël (dir.),
Le Petit Larousse illustré
, Refonte de l’encyclopédie, des lexiques de l’
édition
, des
médias
, du
marketing
et de la
publicité́
, Larousse, 2012.
- Queneau Raymond,
Connaissez-vous Paris ?
, Édition et Postface d’Emmanuël Souchier avec Odile Cortinovis, Gallimard, “Folio”, n° 5254, 2011.
- Trad. italienne par A. Conti,
Conosci
Parigi
?
Tutto
quello
che
devi
assolutamente
sapere
, Barbès Editore, Firenze, 2011.
-
Le Monde
, “Hors-série Jeux”, Édition Rue des Écoles, février 2012.
- Trad. italienne par A. Conti,
Conosci
Parigi
?
Tutto
quello
che
devi
assolutamente
sapere
, Edizioni Clichy, Firenze, 2013, 206 p.
- Trad. chinoise
Nin
liaojie
bali
ma?
“您了解巴黎吗 ?”, Pékin, Hu’an, par Fan Yanmei 樊艳梅, chubanshe 湖岸出版社, 2020.
- Souchier Emmanuël avec Y. Jeanneret,
Vocabulaire des études sémiotiques et sémiologiques
, D. Ablali et D. Ducard dir., Éditions Honoré Champion - Presses universitaires de Franche Comté, 2009.
- Souchier Emmanuël (dir.),
Image et
mémoire
,
Actes du troisième colloque international Icône Image, Obsidiane - Les Belles Lettres, 2007.
- Souchier Emmanuël (dir.),
Les interdits de l’image,
Actes du deuxième colloque international Icône Image, Musées d’Auxerre, Obsidiane - Les Belles Lettres, 2006.
- Queneau Raymond,
Exercices de style
,
Édition d’Emmanuël Souchier,
Œuvres complètes
, “Bibliothèque de la Pléiade”, H. Godard dir., Gallimard, 2006.
- Souchier Emmanuël (dir.),
L’image sosie : l’original et son double,
Actes du premier colloque international Icône Image, Obsidiane - Les Belles Lettres, 2005.
- Souchier Emmanuël, Jeanneret Yves et Le Marec Joëlle (dir.),
Lire, écrire, récrire. Objets, signe set pratiques des médias informatisés
, BPI – Centre Pompidou, 2003. URL :
https://books.openedition.org/bibpompidou/394?lang=fr
- Queneau Raymond,
Un rude hiver
,
Édition d’Emmanuël Souchier,
Œuvres complètes
, “Bibliothèque de la Pléiade”, H. Godard dir., Gallimard, 2002.
- Queneau Raymond,
Traité des vertus démocratiques
, Édition d’Emmanuël Souchier, coll. “Les Cahiers de la N.R.F.”, Gallimard, 1993.
- Souchier Emmanuël,
Raymond Queneau
, coll. “Les Contemporains”, Éditions du Seuil, 1991.
- Souchier Emmanuël, “
Je n’aime pas ce qui m’enserre
”
ou Raymond Queneau face au surréalisme
, Éditions Sixtus - Université́ de Limoges, 1991.
- Souchier Emmanuël,
Mai 68
, coll. « Les médias et l’évènement », « Préface » de Marc Ferro, La Documentation Française, 1988.
Directions de dossiers
- Souchier Emmanuël, Gomez-Mejia Gustavo et Tadier Elsa (dir.), « Numéro Spécial Lexique »,
Communication & langages
, n° 200, 2019. URL :
https://doi.org/10.3917/comla1.200.0005
- Souchier Emmanuël, Gomez-Mejia Gustavo et Le Marec Joëlle (dir.), « Eliseo Verón. Vers une sémio-anthropologie »,
Communication & langages
, n° 196, 2018. URL :
https://doi.org/10.3917/comla1.196.0009
- Souchier Emmanuël, Jeanneret Yves et Soubret Jean-Louis (dir.), « Numéro Spécial Gérard Blanchard »,
Communication & langages
, n°178, 2013.  URL :
https://doi.org/10.4074/S0336150013014014
- Souchier Emmanuël, Robert Pascal (dir.). « La carte, un media entre sémiotique et politique »,
Communication & langages
, n° 158, 2008, p. 25-106.
- Souchier Emmanuël, Jeanneret Yves (dir.), « Écrire la science »,
Griffon
, n° 157, juin 1997, 34 p.
- Souchier Emmanuël (dir.). « De la littérature combinatoire aux Livres dont vous êtes le héros »,
Griffon
, n° 88, mars, 1988, 26 p.
- Souchier Emmanuël, L. Branciard (dir.), « Publicité́ et politique »,
Problèmes
Politiques et Sociaux
, n° 569, La Documentation Française, 1987, 40 p.
- Souchier Emmanuël (dir.). « Raymond Queneau. Regards sur Paris »,
Cahiers Raymond Queneau
, spécial exposition, n° 6,
Les Amis de Valentin Brû
, Levallois-Perret, juillet, 1987, 80 p.
- Souchier Emmanuël, Descouens Martine (dir.), « La mort et l’enfant »,
Griffon
, n° 73, octobre 1986, 26 p.
- Souchier Emmanuël (dir.), « Raymond Queneau »,
Trousse-Livres
, LFEEP, n° 55, décembre 1984, 42 p.
- Souchier Emmanuël (dir.), « Faire le livre aujourd’hui et demain »,
Trousse-Livres
, LFEEP, n° 48, mars1984, 42 p.
Chapitres d’ouvrage
- Souchier Emmanuël, « La mémoire culturelle de la
forme livre
. Ruptures et continuités d’un support de
lettrure
»,
Le livre face au
numérique
. La disruption a-t-elle eu lieu ?
, Frédérique Giraud et Céline Guillot (dir.), Lyon, Presses de l’ENSSIB, 2023, p. 90-100.
- Souchier Emmanuël, « Lecture, typographie et mémoire de l’oubli. Les ressorts de l’énonciation éditoriale »,
À la poursuite du livre
rêvé
́ par Jean Giono et Maximilien Vox. Dialogues typographiques,
M.-A. Bailly- Maître (dir.) avec les étudiants du master 2 Métiers du livre et de l’édition de Caen 2020-2021, Lurs, Rencontres internationales de Lure / Manosque, Centre Jean Giono, 2021, p. 108-127.
- Souchier Emmanuël, « L’atelier d’écriture. S’approprier la chair chaude des mots », Cécile de Bary (dir.),
Les ateliers d’
écriture
et l’Oulipo
, Hermann, 2020, p. 187-205.
- Souchier Emmanuël, Wrona Adeline, « L’impensé du texte. Pour une approche sémiotique du texte, entre “image du texte”, rhétorique & médiation »,
Sémiotique
mode d’emploi
, K. Berthelot-Guiet et J.-J. Boutaud (dir.), Le Bord de l’eau éd., 2014, p. 173-189.
- Souchier Emmanuël, « Le texte, objet d’une poïétique sociale »,
Que faisons-nous du texte ?
, Presses universitaires de Paris-Sorbonne, 2012, p. 23-33.
- Souchier Emmanuël, Candel Étienne et Jeanne-Perrier Valérie, « Petites formes, grands desseins : d’une grammaire des énoncés éditoriaux à la standardisation des écritures »,
L’
Économie
des
écritures
sur le web
, Davallon Jean dir., Hermes Lavoisier, 2012, p. 165-201.
- Souchier Emmanuël, avec J. Bonaccorsi, I. Garron, S. Labelle et J.-L. Minel, « Réécritures appareillées : appropriations de l’œuvre de Raymond Queneau sur Internet »,
L’
écriture
des
médias
informatises
. Espaces de pratiques
, C. Tardy et Y. Jeanneret (dir.), Hermes Lavoisier, 2007, p. 173- 204.
- Souchier Emmanuël, « Une écriture de réseau, le
portail
comme pratique éditoriale »,
L’imaginaire de l’
écran
/
Screen
Imaginary
,
N. Roelens et Y. Jeanneret (dir.), Rodopi, Amsterdam - Atlanta, 2004, p. 163-173.
- Souchier Emmanuël, « Lorsque les écrits de réseaux cristallisent la mémoire des outils, des médias et des pratiques… »,
Les
défis
de la publication sur le Web :
hyperlectures
,
cybertextes
et
méta-édition
, J.-M. Salaün et Ch. Vandendorpe (dir.), coll. “Références”, Presses de l’ENSSIB, Lyon, 2004, p. 87-100. URL :
https://www.enssib.fr/bibliotheque-numerique/documents/68263-les-defis-de-la-publication-sur-le-web.pdf
- Souchier Emmanuël, « Le
sens formel
d’un manuscrit »,
Histoire de l’
écriture
: de l’
idéogramme
au
multimédia
, A.-M. Christin dir., Flammarion, 2001, p. 342-344.
-
Trad. américaine, “The
formal meaning
of a manuscrit”,
A History of Writing, from Ideogram to Multimedia.
New York, Flammarion.
-
Trad. arabe, Bibliothèque Alexandrina, Alexandrie, Égypte, 2005.
- Souchier Emmanuël, « Histoires de page et pages d’histoire »,
L’aventure des
écritures
, La page
, A. Zali dir., Bibliothèque nationale de France, 1999, p. 19-55.
Articles
- Souchier Emmanuël, « Penser le “stade de l’écriture” à partir d’
Orion aveugle
de Claude Simon. Prélude à l’énonciation éditoriale »,
Communication & langages
, n° 218, 2023, p. 3-22. URL :
https://doi.org/10.3917/comla1.218.0003
- Souchier Emmanuël, Pomian Joanna, « Qui cause ? Qui dose ? Qui ose ? À l’infini poème apporter une fin », “Des textes au sens. Ce que les innovations technologiques ne prouvent pas”, Anquetil S. et Pignier N. (dir.),
Interfaces
Numériques
, vol. X, n°3, 2022. URL :
https://www.unilim.fr/interfaces-numeriques/4677#ftn14
- Souchier Emmanuël, « Histoire d’une rencontre. Retour sur l’
architexte
», Centre d’étude de l’écriture et de l’image, Université́ Paris Diderot,
écriture
et image,
n° 2, 2021. URL :
https://ecriture-et-image.fr/index.php/ecriture-image/article/view/57/41
- Souchier Emmanuël, « Relire la méthode d’Ivan Illich. Cheminer vers des sciences “humaines” ? »,
Communication & langages
, n°204, 2020, p. 49-78. URL :
https://doi.org/10.3917/comla1.204.0049
- Souchier Emmanuël, « Le carnaval typographique de Balzac. Premiers éléments pour une théorie de l’irréductibilité sémiotique »,
Communication & langages
, n°185, 2015, p. 3-22. URL :
https://doi.org/10.3917/comla.185.0003
.
- Souchier Emmanuël, « La mémoire de l’oubli : éloge de l’aliénation Pour une poétique de “l’infra-ordinaire” »,
Communication & langages
, n° 172, 2012, p. 3-19. URL :
https://doi.org/10.4074/S0336150012002013
- Souchier Emmanuël, « La “lettrure” à l’écran Lire & écrire au regard des médias informatisés.»,
Communication & langages
, n° 174, 2012, p. 85-108. URL :
https://doi.org/10.4074/S0336150012014068
- Trad. brésilienne, « Da “Lettrure” à tela: ler e escrever sob o olhar das mídias informatizadas »,
Ensino
em
Re-Vista
, vol. 22, n° 1, janv.-juin. 2015, p 211-229. URL :
https://seer.ufu.br/index.php/emrevista/article/view/30722
- Souchier Emmanuël, « Formes et pouvoirs
de l’énonciation éditoriale »,
Communication & langages
, n° 154, 2007, p. 23-38. URL :
https://doi.org/10.3406/colan.2007.4688
- Souchier Emmanuël, Jeanneret Yves, « L'énonciation éditoriale dans les écrits d'écran »,
Communication & langages
, n° 145, 2007, p. 3-15. URL :
https://doi.org/10.3406/colan.2005.3351
- Souchier Emmanuël, « Mémoires - outils - langages. Vers une “société du texte” ? »,
Communication & langages
, n° 139, 2004, p. 41-52. URL :
https://doi.org/10.3406/colan.2004.3251
Communications et interventions
- Souchier Emmanuël, « Une archéologie de l’énonciation éditoriale avec Massin », Colloque
Massin
. L’imagination (graphique) au pouvoir
, ISIA - Istituto Superiore per le Industrie Artistiche, Urbino, Italia, 19 mai, 2021. URL :
Conférence de 2:31:56 à 3:36:42
;
Échanges à partir de 2:13:00
.
- Souchier Emmanuël, « Balzac et la typographie. Questions d’intermédialité ? », Département des littératures de langue française, CRIALT, Université de Montréal, Québec, 11 septembre 2019.
- Souchier Emmanuël, « Le numérique comme écriture », CRILQ, CRIHN, CRSH du Canada, Université de Laval, Montréal, Québec, 13 septembre 2019. URL :
https://archive.org/details/conferenceemmanuelsouchieron2019091318541
- Souchier Emmanuël, « Les mots du design »,
Conference
Cumulus Paris 2018
Together
to
get
there
, Césaap - Écoles Boule, Duperré, Estienne, ENSAAMA, Académie de Paris, MEN – MESRI, 11-13 avril 2018.
- Souchier Emmanuël, « Énoncer l’énonciation éditoriale »,
Médias, Culture, Communication
, Université de Liège, Liège, 28 février 2018.
- Souchier Emmanuël, « Éléments pour une épistémologie du design en contexte numérique », Deuxième colloque ÉCRIDIL
Le livre, défi de design : l’intersection numérique de la création et de l’édition,
Écrire, éditer, lire à l’ère du numérique
, Montréal, CRSH du Canada, Université de Laval, 30 avril – 1er mai, 2018. URL :
https://www.youtube.com/watch?v=_tjVEWtZcVQ&t=167s
- Souchier Emmanuël et Belleguie André, « Les Rendez-vous des métiers du livre »,
Acteurs de la création graphique contemporaine,
Rencontre avec le plasticien et graphiste André Belleguie
, Bibliothèques de l’Arsenal et Forney, Bibliothèque de l’Arsenal, 30 janvier 2017. URL :
https://www.bnf.fr/fr/agenda?seance=1223926077376
- Souchier Emmanuël, «
Et demain j’apprends quoi ? Le leurre démocratique du code
”,
Pratiques d’écritures numériques en situations d’apprentissage
, ESPE de Rouen, Université de Rouen, ANR Translit, 13 janvier 2016. URL :
https://webtv.univ-rouen.fr/videos/2-demain-japprends-quoi-le-leurre-democratique-du-code-par-emmanuel-souchier/
- Souchier Emmanuël, « Questions autour de “l’irréductibilité sémiotique”
&
de la “polyphonie énonciative” de l’écriture. Le
carnaval typographique
de Balzac ou le “dict” de l’image. »,
Ce que les images font au savoir et inversement
, 11e Congrès de l’AISV - Association Internationales de Sémiotique Visuelle, Lièges, 08-11 septembre 2015.
- Boutaud Jean-Jacques, Darras Bernard, Landowski Éric, Souchier Emmanuël,
Quelles perspectives pour la sémiotique ?,
Université de Limoges, CeReS, 19 septembre 2014.
- Souchier Emmanuël, « Outils, langages et mémoires… vers une “société du texte” ? », Colloque
Les objets d’écriture. Interfaces et interactivité
, Centro Internazionale di Semiotica e Linguistica, Università degli Studi di Urbino, Italie, 14-16 juillet 2003.
- Souchier Emmanuël, « Les nouvelles technologies peuvent-elles tuer l'écriture ? », Colloque international
Ceci tuera cela : Autour de Victor Hugo. L'avènement des nouveaux supports de la pensée,
Ens Ulm - Centre culturel Canadien, 23-25 mai 2002.
- Souchier Emmanuël, « L’étiquette de vin : intersémiotique d’un objet naturel-culturel »,
La
semiotica
,
intersección
entre la
naturaleza
y la
cultura
,
VI
e
Congrès international de sémiotique
, Guadalajara, Mexique, 13-18 juillet 1997.
- Souchier Emmanuël, « Un hypertexte très ordinaire, l’automate bancaire », ive Congrès international
Word & image
, Trinity College, Dublin, août 1996.";;;;"Histoire et sémiologie du texte et de l’image.
Anthropologie communicationnelle des écritures. Histoire, imaginaires et pratiques d’écritures ; typographie, livre et supports numériques. Design.
Théorie de l’énonciation éditoriale.
Théorie de l’écrit d’écran et des écrits de réseaux.
Pratiques de communication infra-ordinaires.
Littérature et communication.
Littérature du XXe siècle (Raymond Queneau, Oulipo).";;;;
etadier;Elsa Tadier;Chercheuse | Membre associé;;"* **Email:** [elsa.tadier@sfr.fr](mailto:elsa.tadier@sfr.fr)
* **Profils:** [LinkedIn](https://www.linkedin.com/in/elsa-tadier-770ba0252/) | [HAL](https://hal.science/search/index/?q=%2A&rows=30&authFullName_s=Elsa+Tadier&sort=publicationDate_tdate+desc)";;;;;;;;;;;;;;;;;;;;;;;;;;;;;;;;;;;;;;;;;;"Discipline
: Sciences de l'information et de la communication
Thématiques de recherche
: Formes et écritures médiatiques";;;;
jtassel;Julien Tassel;Maitre de conférences | Membre permanent en enseignement et recherche;julien_tassel.webp;"* **Email:** [julien.tassel@sorbonne-universite.fr](mailto:julien.tassel@sorbonne-universite.fr)
* **Profils:** [LinkedIn](https://www.linkedin.com/in/jtassel) | [HAL](https://hal.science/search/index/?q=%2A&rows=30&authIdPerson_i=1149607&sort=publicationDate_tdate+desc)";"Projets de recherche
2015 : participation au programme Défi : figures des décideurs en régimes médiatiques (Gripic, Insead, Archives nationales). Co-responsable de l’axe « Figures du pouvoir économique : décision, leadership, légitimité »
2016 : participation au projet « Gripic debout », recherches sur le mouvement nuit debout
2018 : participation au programme Transnum (Idex) mutations sociales et économiques liées à la conversion numérique,
Depuis 2024, participation à l’initiative alimentation de Sorbonne Université
Associations, réseaux
Réseaux scientifiques : Org&Co, Resiproc, Agap";;;"Tassel, Julien. « Manifestes gastronomiques »,
MEI,
51, 2021, p.71-85
Corbillé, Sophie, Olivia Foli et Julien Tassel, « Ce que les recruteurs font des outils numériques : pratiques, enjeux et paradoxes ».
Communication et Organisation,
53, 2018, p. 19-38
Tassel, Julien. « Que fait-on du passé dans les organisations ? »
Sociologies pratiques,
29, p. 1-10
Tassel, Julien « L’identité d’entreprise. Réponse du management à l’accélération sociale ».
Communication. Information médias théories pratiques,
2013.
Tassel, Julien « Les caisses d’épargne face à l’avènement d’un groupe bancaire universel : le changement organisationnel entre ingénierie managériale de la mémoire et attachement au passé »,
Conserveries mémorielles
, 2011.
Jarrigeon, Anne, Emmanuelle Lallement, Jean-Baptiste Perret et Julien Tassel. « L’incontournable absente. Sur la communication dans les manuels de méthode »
Études de communication
, 27, 2005.";Réseaux scientifiques : Org&Co, Resiproc, Agap;;;;"Brachet Camille, Aurélien Le Foulgoc et Julien Tassel,
« Engagement et légitimation des pratiques professionnelles », dans Jean-Jacques Boutaud,
Les dessous de la communication alimentaire
, Paris, Ellipses, 2024, p. 241-254.
Tassel, Julien et Hécate Vergopoulos. « Produire l’épaisseur du temps dans la ville : le cas des visites guidées du Paris historique », dans Julia Bonaccorsi, Laurent Collet et Daniel Raichvarg (dir.).
Les temps des arts et des cultures
, Paris : l’Harmattan, p. 107-119.
Corbillé, Sophie et Julien Tassel, « Patrons, au travail ! De la quête du « travail réel » à l’affirmation de la figure du décideur dans une émission de télé-réalité », dans Adeline Wrona et Émeline Seignobos (éd.),
La fabrique de l’autorité : figures des décideurs en régime médiatique
, Paris, Les Petits Matins, 2017, p. 126-140.
Charbonneaux, Juliette et Julien Tassel. « Ce que les médias ont dit ou n’ont pas dit », dans Le Marec, Joëlle, Ugo Moret, et Hécate Vergopoulos (dir.)
Nuit debout, et maintenant ?,
MKF éditions, 2017, p. 16-33.
Tassel, Julien et Hécate Vergopoulos, Hécate « Portrait of the Tourist as an Historian: How the Contemporary Tourist Mediation of Paris Turns the Practice of Space into a Search for Historical Clues ». International Committee of Historical Sciences Meeting (ICHS) – International Commission for the History of Travel and Tourism (ICHTT) – Jinan Congress – China, August 2015, ICHS – , non paginé.
Tassel, Julien. « Le rapport au passé entre histoire et mythe chez Chanel »,
Défier le temps, une affaire de mode
. Éditions lyonnaises d’art et d’histoire, 2014, p. 15-19
Tassel, Julien. « L’identité d’entreprise, une fiction ordinaire au service du management ? » dans Thomas Heller, Romain Huët et Bénédicte Vidaillet (dir.),
Communication & organisation : perspectives critiques.
Presses du Septentrion, pp. 241-253.
Mathé, Anthony et  Julien Tassel. « L’aisance vestimentaire. Regards sémiotiques et ethnographiques sur l’expérience du vêtement au travail »,
S’habiller pour travailler.
Lyon : Presses universitaires de Lyon, pp. 99-106.
Tassel, Julien. « L’histoire en entreprise, objet communicationnel ? » dans Catherine Loneux, Bertrand Parent (dir.),
Communication des organisations : recherches récentes,
tome 2, Paris : L’Harmattan, 2010, pp. 154-164.
Tassel, Julien. « L’usage organisationnel des frises et chronologies historiques. Une mise en scène de l’information “objective” » dans Christiane Volant (dir.)
L’information dans les organisations : dynamique et complexité
. Presses universitaires François Rabelais, pp. 285-297.";;"Brachet, Camille et Julien Tassel. « Des manifestes en trompe-l’œil. Une forme investie par les logiques marchandes. » Journée d’études « La défiance des consommateurs face aux industries agro-alimentaires », GRIPIC-AGAP, 13 octobre 2022.
Foli, Olivia, et Julien Tassel. « Dépendances vis-à-vis des professionnels : contraintes et opportunités créatrices ». Journée d’études « cultures de l’enquête », GRIPIC, Sorbonne Université, 5 juin 2018.
Brachet, Camille et Julien Tassel. « Stratégies des médias spécialisés dans la gastronomie : mises en visibilité et mutations d’une ligne éditoriale en contexte numérique ». Journée d’études « Marques et gastronomie en contexte numérique », GRIPIC, CELSA Sorbonne Université, juin 2018
Foli, Olivia, et Julien Tassel « Plateformes numériques de recrutement : usages et paradoxes ». Journée d’études du programme TRANSNUM Pour une approche épistémologique du numérique à Sorbonne- Universités : autour de la visualisation et de la simulation. GRIPIC et Costech, Sorbonne Université, 21 et 22 juin 2018.
Tassel, Julien. « L'enquête ethnographique en entreprise comme objet-frontière », Journée d’études du séminaire de recherche « cultures de l’enquête », dirigé par Joëlle le Marec, 24 avril 2017.
Tassel, Julien et Vergopoulos Hécate. « Produire l’épaisseur du temps de et dans la ville. Le cas des visites guidées du Paris historique », XXe congrès de la SFSIC, juin 2016, Metz.
Tassel, Julien et Vergopoulos Hécate.
« Portrait of the Tourist as an Historian: How the Contemporary Tourist Mediation of Paris Turns the Practice of Space into a Search for Historical Clues ». International Committee of Historical Sciences Meeting (ICHS) - International Commission for the History of Travel and Tourism (ICHTT) - Jinan Congress, august 2015, ICHS.
Tassel, Julien et Vergopoulos Hécate. « Le commerce touristique de l'histoire. Ce que les visites guidées font de et avec l'histoire ». L’histoire dans l'espace public. Producteurs, pratiques, transmissions entre Atlantique et Méditerranée, organisée par l'UMR 7303 TELEMME (MMSH), l'IHTP, l'IRMC, le CÉLAT, MuCEM, Marseille, octobre 2015.
Corbillé, Sophie et Tassel, Julien. « L'assiette et le champ. La gastronomie parisienne, le terroir d'île-de-France et le Grand Paris. », avec Sophie Corbillé, Journée d'études le Grand Paris qui Mange, novembre 2015, Institut des Sciences de la Communication (ISCC), CNRS Paris-Sorbonne
Corbillé, Sophie et Tassel, Julien. « Patrons, au travail ! La téléréalité comme dispositif de médiatisation et de communication du patron-entrepreneur », avec Sophie Corbillé. Figures des décideurs en régime médiatique. Représenter la décision politique et économique : un défi communicationnel, 25 septembre 2015, CELSA - GRIPIC - Université Paris Sorbonne.
Tassel, Julien. « L’exigence de négociation en ethnographie organisationnelle. Entre nécessité méthodologique et clef de compréhension des organisations. » 81e colloque de l’ACFAS, colloque 435 : l’ethnographie organisationnelle, pratiques émergentes et contributions, Université Laval, Canada, 2013.
Tassel, Julien. « Vers une approche critique de l'identité d'entreprise », Repenser le capital Humain, Rouen Business School, mai 2012.";;;;;"Brachet, Camille et Julien Tassel, Dossier « Gastronomie et communication »,
MEI
51, Paris, L’Harmattan, 2021.
Galembert, Claire de et Julien Tassel, Dossier « La religion au travail : explorations par la sociologie contemporaine »,
Sociologies Pratiques,
39, Paris : Presses de Sciences Po, 2019
Tassel, Julien et Granier François, Dossier « Histoire, mémoire et passé au cœur des organisations »,
Sociologies Pratiques,
39, Paris : Presses de Sciences Po, 2014.";;;;"Je privilégie actuellement trois orientations dans mes recherches :
(1) Je poursuis mes recherches sur l’approche communicationnelle des usages et des médiations du passé dans et hors des organisations.
(2) Je développe mes recherches sur les organisations et le monde du travail selon une perspective nouvelle, qui croise les enjeux de genre et de représentations médiatiques. Dans la recherche que je mène actuellement, je m’intéresse plus particulièrement aux mutations des masculinités dans la presse managériale.
(3) Enfin, je m’intéresse depuis plusieurs années à la thématique de l’alimentation, et en particulier aux enjeux de médiations et de médiatisations de la gastronomie.";;;;;;;;;"Fantin Emmanuelle et Julien Tassel (dir.),
Quand l'enfance rencontre l'histoire. Imaginaires, représentations et savoirs
,
Rouen, Presses Universitaire Rouen Le Havre, à paraître en 2025.";;;;;;;"2015 : participation au programme Défi : figures des décideurs en régimes médiatiques (Gripic, Insead, Archives nationales). Co-responsable de l’axe « Figures du pouvoir économique : décision, leadership, légitimité »
2016 : participation au projet « Gripic debout », recherches sur le mouvement nuit debout
2018 : participation au programme Transnum (Idex) mutations sociales et économiques liées à la conversion numérique,
Depuis 2024, participation à l’initiative alimentation de Sorbonne Université";"Ouvrages
Fantin Emmanuelle et Julien Tassel (dir.),
Quand l'enfance rencontre l'histoire. Imaginaires, représentations et savoirs
,
Rouen, Presses Universitaire Rouen Le Havre, à paraître en 2025.
Directions de dossiers
Brachet, Camille et Julien Tassel, Dossier « Gastronomie et communication »,
MEI
51, Paris, L’Harmattan, 2021.
Galembert, Claire de et Julien Tassel, Dossier « La religion au travail : explorations par la sociologie contemporaine »,
Sociologies Pratiques,
39, Paris : Presses de Sciences Po, 2019
Tassel, Julien et Granier François, Dossier « Histoire, mémoire et passé au cœur des organisations »,
Sociologies Pratiques,
39, Paris : Presses de Sciences Po, 2014.
Chapitres d’ouvrage
Brachet Camille, Aurélien Le Foulgoc et Julien Tassel,
« Engagement et légitimation des pratiques professionnelles », dans Jean-Jacques Boutaud,
Les dessous de la communication alimentaire
, Paris, Ellipses, 2024, p. 241-254.
Tassel, Julien et Hécate Vergopoulos. « Produire l’épaisseur du temps dans la ville : le cas des visites guidées du Paris historique », dans Julia Bonaccorsi, Laurent Collet et Daniel Raichvarg (dir.).
Les temps des arts et des cultures
, Paris : l’Harmattan, p. 107-119.
Corbillé, Sophie et Julien Tassel, « Patrons, au travail ! De la quête du « travail réel » à l’affirmation de la figure du décideur dans une émission de télé-réalité », dans Adeline Wrona et Émeline Seignobos (éd.),
La fabrique de l’autorité : figures des décideurs en régime médiatique
, Paris, Les Petits Matins, 2017, p. 126-140.
Charbonneaux, Juliette et Julien Tassel. « Ce que les médias ont dit ou n’ont pas dit », dans Le Marec, Joëlle, Ugo Moret, et Hécate Vergopoulos (dir.)
Nuit debout, et maintenant ?,
MKF éditions, 2017, p. 16-33.
Tassel, Julien et Hécate Vergopoulos, Hécate « Portrait of the Tourist as an Historian: How the Contemporary Tourist Mediation of Paris Turns the Practice of Space into a Search for Historical Clues ». International Committee of Historical Sciences Meeting (ICHS) – International Commission for the History of Travel and Tourism (ICHTT) – Jinan Congress – China, August 2015, ICHS – , non paginé.
Tassel, Julien. « Le rapport au passé entre histoire et mythe chez Chanel »,
Défier le temps, une affaire de mode
. Éditions lyonnaises d’art et d’histoire, 2014, p. 15-19
Tassel, Julien. « L’identité d’entreprise, une fiction ordinaire au service du management ? » dans Thomas Heller, Romain Huët et Bénédicte Vidaillet (dir.),
Communication & organisation : perspectives critiques.
Presses du Septentrion, pp. 241-253.
Mathé, Anthony et  Julien Tassel. « L’aisance vestimentaire. Regards sémiotiques et ethnographiques sur l’expérience du vêtement au travail »,
S’habiller pour travailler.
Lyon : Presses universitaires de Lyon, pp. 99-106.
Tassel, Julien. « L’histoire en entreprise, objet communicationnel ? » dans Catherine Loneux, Bertrand Parent (dir.),
Communication des organisations : recherches récentes,
tome 2, Paris : L’Harmattan, 2010, pp. 154-164.
Tassel, Julien. « L’usage organisationnel des frises et chronologies historiques. Une mise en scène de l’information “objective” » dans Christiane Volant (dir.)
L’information dans les organisations : dynamique et complexité
. Presses universitaires François Rabelais, pp. 285-297.
Articles
Tassel, Julien. « Manifestes gastronomiques »,
MEI,
51, 2021, p.71-85
Corbillé, Sophie, Olivia Foli et Julien Tassel, « Ce que les recruteurs font des outils numériques : pratiques, enjeux et paradoxes ».
Communication et Organisation,
53, 2018, p. 19-38
Tassel, Julien. « Que fait-on du passé dans les organisations ? »
Sociologies pratiques,
29, p. 1-10
Tassel, Julien « L’identité d’entreprise. Réponse du management à l’accélération sociale ».
Communication. Information médias théories pratiques,
2013.
Tassel, Julien « Les caisses d’épargne face à l’avènement d’un groupe bancaire universel : le changement organisationnel entre ingénierie managériale de la mémoire et attachement au passé »,
Conserveries mémorielles
, 2011.
Jarrigeon, Anne, Emmanuelle Lallement, Jean-Baptiste Perret et Julien Tassel. « L’incontournable absente. Sur la communication dans les manuels de méthode »
Études de communication
, 27, 2005.
Communications et interventions
Brachet, Camille et Julien Tassel. « Des manifestes en trompe-l’œil. Une forme investie par les logiques marchandes. » Journée d’études « La défiance des consommateurs face aux industries agro-alimentaires », GRIPIC-AGAP, 13 octobre 2022.
Foli, Olivia, et Julien Tassel. « Dépendances vis-à-vis des professionnels : contraintes et opportunités créatrices ». Journée d’études « cultures de l’enquête », GRIPIC, Sorbonne Université, 5 juin 2018.
Brachet, Camille et Julien Tassel. « Stratégies des médias spécialisés dans la gastronomie : mises en visibilité et mutations d’une ligne éditoriale en contexte numérique ». Journée d’études « Marques et gastronomie en contexte numérique », GRIPIC, CELSA Sorbonne Université, juin 2018
Foli, Olivia, et Julien Tassel « Plateformes numériques de recrutement : usages et paradoxes ». Journée d’études du programme TRANSNUM Pour une approche épistémologique du numérique à Sorbonne- Universités : autour de la visualisation et de la simulation. GRIPIC et Costech, Sorbonne Université, 21 et 22 juin 2018.
Tassel, Julien. « L'enquête ethnographique en entreprise comme objet-frontière », Journée d’études du séminaire de recherche « cultures de l’enquête », dirigé par Joëlle le Marec, 24 avril 2017.
Tassel, Julien et Vergopoulos Hécate. « Produire l’épaisseur du temps de et dans la ville. Le cas des visites guidées du Paris historique », XXe congrès de la SFSIC, juin 2016, Metz.
Tassel, Julien et Vergopoulos Hécate.
« Portrait of the Tourist as an Historian: How the Contemporary Tourist Mediation of Paris Turns the Practice of Space into a Search for Historical Clues ». International Committee of Historical Sciences Meeting (ICHS) - International Commission for the History of Travel and Tourism (ICHTT) - Jinan Congress, august 2015, ICHS.
Tassel, Julien et Vergopoulos Hécate. « Le commerce touristique de l'histoire. Ce que les visites guidées font de et avec l'histoire ». L’histoire dans l'espace public. Producteurs, pratiques, transmissions entre Atlantique et Méditerranée, organisée par l'UMR 7303 TELEMME (MMSH), l'IHTP, l'IRMC, le CÉLAT, MuCEM, Marseille, octobre 2015.
Corbillé, Sophie et Tassel, Julien. « L'assiette et le champ. La gastronomie parisienne, le terroir d'île-de-France et le Grand Paris. », avec Sophie Corbillé, Journée d'études le Grand Paris qui Mange, novembre 2015, Institut des Sciences de la Communication (ISCC), CNRS Paris-Sorbonne
Corbillé, Sophie et Tassel, Julien. « Patrons, au travail ! La téléréalité comme dispositif de médiatisation et de communication du patron-entrepreneur », avec Sophie Corbillé. Figures des décideurs en régime médiatique. Représenter la décision politique et économique : un défi communicationnel, 25 septembre 2015, CELSA - GRIPIC - Université Paris Sorbonne.
Tassel, Julien. « L’exigence de négociation en ethnographie organisationnelle. Entre nécessité méthodologique et clef de compréhension des organisations. » 81e colloque de l’ACFAS, colloque 435 : l’ethnographie organisationnelle, pratiques émergentes et contributions, Université Laval, Canada, 2013.
Tassel, Julien. « Vers une approche critique de l'identité d'entreprise », Repenser le capital Humain, Rouen Business School, mai 2012.";;;;;"Approches communicationnelles des organisations
Masculinités, genre et travail
Médiations et médiatisations du management
Médiations et usages du passé (mémoire, patrimoine, histoire)
Gastronomie et communication";;;;
zthéval;Zoé Théval;Doctorante-chercheuse | Membre permanent en formation doctorale;;* **Email:** [zoetheval@hotmail.com](mailto:zoetheval@hotmail.com);;;;;;;;;;;;;;;;;;;;"Présentation / parcours
:  Diplômée d’une licence de lettres modernes et d’un master en sciences humaines et sociales à l’EHESS, (Master Sciences Humaines et Sociales, mention « Arts, Littératures et Langages », parcours type littérature) sous la direction de Marielle Macé autour de « la question sorcière » dans la littérature Post-Exotique 1 .
Dans le cadre de ce master recherche, j’ai pu explorer à partir des textes d’Antoine Volodine et de la littérature Post-Exotique un traitement littéraire des expériences de viols, d’intrusions, et d’exclusions. Cette perspective, d’abord travaillée dans le contexte des études littéraires, a constitué une ouverture aux recherches menées en sciences sociales, et aux conceptions de l’enquête comme exploration de la complexité des expériences d’agressions mais aussi comme une exploration de la complexité des mises en mots de ces expériences, la complexité de leur réception également. Je m’intéresse à la façon dont ces expériences violentes et fugaces peuvent être trivialisées ou on pu être structurellement influencées dans une société telle que la nôtre qui prône un dénouement de la parole proche de l’aveu.";;;;;;;;;;;;;;;;;;;;;;"Discipline
: Sciences de l'information et de la communication
Thématiques de recherche
: Cultures, savoirs et communication
Titre de thèse
(provisoire) : La parole sorcière : les récits de viols et d’agression sexuelle
Mots-clés
: parole, récit, violences sexuelles, sorcière, chasse aux sorcières, expérience, communicabilité, situation d’énonciation, témoignage, suspicion
Directrices de thèse
: Sophie Corbillé et Delphine Saurier";;;;
gtravagliati;Greta Travagliati;Doctorante-chercheuse | Membre permanent en formation doctorale;;"* **Email:** [greta.travagliati@gmail.com](mailto:greta.travagliati@gmail.com)
* **Profils:** [LinkedIn](https://www.linkedin.com/in/gtravagliati/)";;;;;;;;;;;;;;;;;;;;;;;;;;;;;;;;;;;;;;;;;;"Discipline
: Sciences de l'information et de la communication
Thématiques de recherche
: Médiations marchandes
Sujet de recherche
: La marque diffusée. Une analyse sémiotique des nouvelles identités, discours et stratégies de marque sur le web
Directeur de thèse
: Karine Berthelot-Guiet";;;;
hvergopoulos;Hécate Vergopoulos;Maitresse de conférences | Membre permanent en enseignement et recherche;hecate_vergopoulos.webp;"* **Email:** [hecate.vergopoulos@sorbonne-universite.fr](mailto:hecate.vergopoulos@sorbonne-universite.fr)
* **Profils:** [LinkedIn](https://www.linkedin.com/in/hecate-vergopoulos-375764201/) | [HAL](https://hal.science/search/index/?q=%2A&rows=30&authIdPerson_i=1146164&sort=publicationDate_tdate+desc)";;;;"Vergopoulos, Hécate, « Penser les catégories du vivant pour faire ville. Paris au XIXè siècle »,
Communication et langages
, 1,119, 2024, p. 125-138.
Vergopoulos, Hécate, « Le corps en jeu dans les guides de voyage »,
Argumentation et Analyse du Discours
, 27, 2021, URL :
https://journals.openedition.org/aad/5705
Vergopoulos, Hécate, «
Le travail touristique et l'oubli. L'impensé de la fatigue dans la pratique du tourisme
»,
Communication et langages
, n°191, 2017, p. 115-128.
Vergopoulos, Hécate, «
L’effraction ou le sentiment hétérotopique en situation touristique
»,
Vi@
Tourism
Review
, 1 (9), 2016, URL :
https://viatourismreview.com/fr/2016/09/leffraction-ou-le-sentiment-heterotopique-en-situation-touristique/
Vergopoulos, Hécate, «
L’expérience touristique.
Une expérience des cadres de l’expérience touristique ?,
Vi@
Tourism
Review
, 10, 2016, URL :
https://journals.openedition.org/viatourism/1347
Vergopoulos, Hécate, « Mise en marché et industrialisation des patrimoines »,
Culture et Musées
, 23, 2014, p. 139-164.
Vergopoulos, Hécate, « Le texte comme fragment culturel »,
Semiotica
, 198, 2014, p. 379-395.
Vergopoulos, Hécate, « L’insolite dans les guides de voyage »,
Mondes du tourisme
, 4, 2011, p. 77-91.
Vergopoulos, Hécate, « Réponse à la question qu’est-ce que l’insolite ? »,
Communication et langages
, 163, 2010, p. 3-15.";;;;;"Vergopoulos, Hécate, « La ville par là où elle pèche. La Morgue dans les portraits de Paris au 19ème siècle », dans David Martens, Sophie Lécole Solnychkine & Jean-Pierre Montier (dir.),
Portraits de pays
, Rennes, Presses universitaires de Rennes, 2024, p. 233-240.
Vergopoulos, Hécate, « Les rats de Paris dans
La Presse
,
ou la ville moderne contrariée
», dans Sophie Corbillé, Emmanuelle Fantin, Adeline Wrona (dir.).
Paris, capitale médiatique
, Vincennes, Presses universitaires de Vincennes, 2023, p.125-142.
Vergopoulos, Hécate, «
Repérages sur les médiations réciproques
»,
Textexpo
. Produire, éditer
et afficher les textes d’exposition
, dans Daniel Jacobi (dir.), Dijon, OCIM, 2016, 98p.
Vergopoulos, Hécate, «
The Everyday is ""Insignificant""
», in L. Yoka & G. Paschalidis (dir.),
Semiotics and Hermeneutics of the Everyday
, Cambdrige, Cambridge Scholars Publishing, 2015, p. 2-12, URL :
http://www.cambridgescholars.com/download/sample/62305
Vergopoulos, Hécate, « Petite ethnographie de la photocabine “retro” dans les lieux de culture», avec Michaël Bourgatte, dans Serge Chaumier, Anne Krebs & Mélanie Roustan (dir.),
Les Visiteurs photographes : un outil pour penser le musée
, Paris, La documentation française, 2013, p. 251-263.";;"Vergopoulos, Hécate, « Quand
Le Consentement
rend encore plus vraie l’œuvre de Matzneff : une réflexion communicationnelle sur le pouvoir d’ancrage de la littérature rectificative »,
Dire le vrai dans la culture médiatique (XIX-
XXè
siècles)
, Paris, 3-4 octobre 2024.
Vergopoulos, Hécate, « Le Tchernobyl touristique et ses récits », séminaire Mise en récit des territoires, Lyon, 17 novembre 2023.
Vergopoulos, Hécate, « Ce que les rats nous disent des villes (et ce que les villes nous disent des rats »,
Concrete
jungle. Esthétique du vivant en milieu urbain
, Toulouse, 17-19 novembre 2021.
Vergopoulos, Hécate, « Displeasure, Fatigue and Discomfort »,
The
Discourses
and
Materialities
of
Tourism
, Tel-Aviv, 12-14 février 2020.
Vergopoulos, Hécate, « The Administration of the Animal Living in the 19th Century in Paris »,
European
Vertebrate
Pest Management
, Clermont-Ferrand, 9-13 septembre 2019.
Vergopoulos, Hécate, « Les portraits sinistres de ville »,
Colloque de
Cerisy
Portraits de pays. Textes, images, sons
, Cerisy, 3-10 juillet 2019.
Vergopoulos, Hécate, «
Le Paris sinistre et sa mise en spectacle au XIXè siècle.
Ou comment des lieux de désastre ont fait l’objet d’une pratique touristique
»,
XVIIe Colloque de la Society of Dix-
Neuviémistes
: « Découvertes et Explorations »
, Southampton 10 avril 2019.
Vergopoulos, Hécate, «
Les inconforts touristiques.
Quand les touristes se questionnent sur leurs propres pratiques »,
Journée d'étude Musée et recherche : le souci du public
, Paris, 13 novembre 2018.
Vergopoulos, Hécate, « Anecdotes and tourism imaginaries »,
Tourism
Imaginaries
– Imaginaires touristiques,
Berkeley, 18 février 2011.
Vergopoulos, Hécate, « Le quotidien et l’insignifiant. Entre neutre et paradigme », Le Quotidien – The Everyday, Nicosie, 5 novembre 2010.";;;;;"Vergopoulos Hécate et Camille Jutant, Dossier « Le ratage : quand l’expérience culturelle est contrariée »,
Culture&Musées
, 44, 2025. URL :
https://journals.openedition.org/culturemusees/11790";;;;Après avoir travaillé sur le tourisme (les écritures touristiques et les expériences dysphoriques du tourisme), mais aussi sur les représentations du vivant animal (et notamment des rats à Paris), Hécate Vergopoulos s’intéresse aujourd’hui à la construction médiatique des affaires en matière de violences sexuelles. Elle étudie ainsi « l’affaire Matzneff ».;;;;;;;;;"Vergopoulos Hécate,
Les Rats de Paris. Une brève histoire de l’infamie
, Paris, Le Murmure, 2021.
Vergopoulos Hécate,
L’Indécence touristique : comment voyager en Grèce à l’heure de la crise
, Paris, L’Harmattan, 2017.";;;;;;;;;"Ouvrages
Vergopoulos Hécate,
Les Rats de Paris. Une brève histoire de l’infamie
, Paris, Le Murmure, 2021.
Vergopoulos Hécate,
L’Indécence touristique : comment voyager en Grèce à l’heure de la crise
, Paris, L’Harmattan, 2017.
Directions de dossiers
Vergopoulos Hécate et Camille Jutant, Dossier « Le ratage : quand l’expérience culturelle est contrariée »,
Culture&Musées
, 44, 2025. URL :
https://journals.openedition.org/culturemusees/11790
Chapitres d’ouvrage
Vergopoulos, Hécate, « La ville par là où elle pèche. La Morgue dans les portraits de Paris au 19ème siècle », dans David Martens, Sophie Lécole Solnychkine & Jean-Pierre Montier (dir.),
Portraits de pays
, Rennes, Presses universitaires de Rennes, 2024, p. 233-240.
Vergopoulos, Hécate, « Les rats de Paris dans
La Presse
,
ou la ville moderne contrariée
», dans Sophie Corbillé, Emmanuelle Fantin, Adeline Wrona (dir.).
Paris, capitale médiatique
, Vincennes, Presses universitaires de Vincennes, 2023, p.125-142.
Vergopoulos, Hécate, «
Repérages sur les médiations réciproques
»,
Textexpo
. Produire, éditer
et afficher les textes d’exposition
, dans Daniel Jacobi (dir.), Dijon, OCIM, 2016, 98p.
Vergopoulos, Hécate, «
The Everyday is ""Insignificant""
», in L. Yoka & G. Paschalidis (dir.),
Semiotics and Hermeneutics of the Everyday
, Cambdrige, Cambridge Scholars Publishing, 2015, p. 2-12, URL :
http://www.cambridgescholars.com/download/sample/62305
Vergopoulos, Hécate, « Petite ethnographie de la photocabine “retro” dans les lieux de culture», avec Michaël Bourgatte, dans Serge Chaumier, Anne Krebs & Mélanie Roustan (dir.),
Les Visiteurs photographes : un outil pour penser le musée
, Paris, La documentation française, 2013, p. 251-263.
Articles
Vergopoulos, Hécate, « Penser les catégories du vivant pour faire ville. Paris au XIXè siècle »,
Communication et langages
, 1,119, 2024, p. 125-138.
Vergopoulos, Hécate, « Le corps en jeu dans les guides de voyage »,
Argumentation et Analyse du Discours
, 27, 2021, URL :
https://journals.openedition.org/aad/5705
Vergopoulos, Hécate, «
Le travail touristique et l'oubli. L'impensé de la fatigue dans la pratique du tourisme
»,
Communication et langages
, n°191, 2017, p. 115-128.
Vergopoulos, Hécate, «
L’effraction ou le sentiment hétérotopique en situation touristique
»,
Vi@
Tourism
Review
, 1 (9), 2016, URL :
https://viatourismreview.com/fr/2016/09/leffraction-ou-le-sentiment-heterotopique-en-situation-touristique/
Vergopoulos, Hécate, «
L’expérience touristique.
Une expérience des cadres de l’expérience touristique ?,
Vi@
Tourism
Review
, 10, 2016, URL :
https://journals.openedition.org/viatourism/1347
Vergopoulos, Hécate, « Mise en marché et industrialisation des patrimoines »,
Culture et Musées
, 23, 2014, p. 139-164.
Vergopoulos, Hécate, « Le texte comme fragment culturel »,
Semiotica
, 198, 2014, p. 379-395.
Vergopoulos, Hécate, « L’insolite dans les guides de voyage »,
Mondes du tourisme
, 4, 2011, p. 77-91.
Vergopoulos, Hécate, « Réponse à la question qu’est-ce que l’insolite ? »,
Communication et langages
, 163, 2010, p. 3-15.
Communications et interventions
Vergopoulos, Hécate, « Quand
Le Consentement
rend encore plus vraie l’œuvre de Matzneff : une réflexion communicationnelle sur le pouvoir d’ancrage de la littérature rectificative »,
Dire le vrai dans la culture médiatique (XIX-
XXè
siècles)
, Paris, 3-4 octobre 2024.
Vergopoulos, Hécate, « Le Tchernobyl touristique et ses récits », séminaire Mise en récit des territoires, Lyon, 17 novembre 2023.
Vergopoulos, Hécate, « Ce que les rats nous disent des villes (et ce que les villes nous disent des rats »,
Concrete
jungle. Esthétique du vivant en milieu urbain
, Toulouse, 17-19 novembre 2021.
Vergopoulos, Hécate, « Displeasure, Fatigue and Discomfort »,
The
Discourses
and
Materialities
of
Tourism
, Tel-Aviv, 12-14 février 2020.
Vergopoulos, Hécate, « The Administration of the Animal Living in the 19th Century in Paris »,
European
Vertebrate
Pest Management
, Clermont-Ferrand, 9-13 septembre 2019.
Vergopoulos, Hécate, « Les portraits sinistres de ville »,
Colloque de
Cerisy
Portraits de pays. Textes, images, sons
, Cerisy, 3-10 juillet 2019.
Vergopoulos, Hécate, «
Le Paris sinistre et sa mise en spectacle au XIXè siècle.
Ou comment des lieux de désastre ont fait l’objet d’une pratique touristique
»,
XVIIe Colloque de la Society of Dix-
Neuviémistes
: « Découvertes et Explorations »
, Southampton 10 avril 2019.
Vergopoulos, Hécate, «
Les inconforts touristiques.
Quand les touristes se questionnent sur leurs propres pratiques »,
Journée d'étude Musée et recherche : le souci du public
, Paris, 13 novembre 2018.
Vergopoulos, Hécate, « Anecdotes and tourism imaginaries »,
Tourism
Imaginaries
– Imaginaires touristiques,
Berkeley, 18 février 2011.
Vergopoulos, Hécate, « Le quotidien et l’insignifiant. Entre neutre et paradigme », Le Quotidien – The Everyday, Nicosie, 5 novembre 2010.";;;"TV5 monde, journal télévisé du 5/07/2021, Quelle éthique pour le tourisme?,
https://information.tv5monde.com/video/quelle-ethique-derriere-le-tourisme
Cultures monde, émission du 24/06/2021, Les Cyclades: le tourisme à tout prix?,
https://www.radiofrance.fr/franceculture/podcasts/cultures-monde/cyclades-le-tourisme-a-tout-prix-3278480
La Terre au carré, émission du 31/05/2021, Le rat des villes:
https://www.radiofrance.fr/franceinter/podcasts/la-terre-au-carre/les-rats-des-villes-9034699";"Approche communicationnelle des médiations touristique
Approche communicationnelle de la représentation de l’altérité
Les animaux dans la ville à travers l’histoire : le cas des rats de Paris
Construction de l’altérité";;;;
lverquère;Laura Verquère;Chercheuse | Membre associé;laura_verquere.webp;"* **Email:** [laura.verquere@gmail.com](mailto:laura.verquere@gmail.com)
* **Profils:** [LinkedIn](https://www.linkedin.com/in/laura-verquere-a32100a6/) | [HAL](https://hal.science/search/index/?q=%2A&rows=30&authIdPerson_i=1150070&sort=publicationDate_tdate+desc)
* **CV:** [Télécharger le CV](https://kit-117.sorbonne-universite.fr/sites/default/files/media/2022-09/laura-verquere.docx)";;;;;;;;;;;;;;;;;;;;Post-doctorante pour le projet européen DE FACTO de lutte contre la désinformation.;;;;;;;;;;;;;;;;;;;;;;"Discipline
: Sciences de l'information et de la communication
Thématiques de recherche
: Cultures, savoirs et communication, Formes et écritures médiatiques, Dynamiques de communication dans l'espace public
Sujet de recherche
: Le problème public du congé paternité
Titre de thèse
: Les fabriques du problème public du congé paternité au prisme du genre
Mots-clés
: Problème public, congé paternité, médias, genre, féminisme, masculinités, care, mouvements sociaux
Directeur de thèse
: Joëlle le Marec ; Denis Ruellan
Télécharger le CV";;;;
rvindevoghel;Romain Vindevoghel;Doctorant-chercheur | Membre permanent en formation doctorale;;* **Profils:** [HAL](https://hal.science/search/index/?q=%2A&rows=30&authFullName_s=Romain+Vindevoghel&sort=publicationDate_tdate+desc);;;;;;;;;;;;;;;;;;;;;;;;;;;;;;;;;;;;;;;;;;;;;;
qwang;Qi Wang;Doctorante-chercheuse | Membre permanent en formation doctorale;qi_wang.webp;* **Email:** [qiwang.sorbonne@gmail.com](mailto:qiwang.sorbonne@gmail.com);"The Challenges and Prospect of Data Sovereignty：Comparison between the General Data Protection Regulation of the EU and the Cyber Security Law of the People’s Republic of China
, session de Global Media Policy Working Group, IAMCR en ligne, 12-17 juin, 2020.";;;;;;;;;;;;;;;;;;;"Je m'intéresse aux différentes expressions sur des réseaux sociaux dans les cultures orientales et occidentales, surtout à l’expression et ses évolutions sur des réseaux sociaux en Chine. Je m’interroge sur les raisons pour lesquelles le changement s’est produit. Ma thèse en cours de préparation s’intitule :
L’énonciation de l’ironie sur les réseaux sociaux en Chine : WeChat comme exemple central d’une prudence dans la communication
.";;;;;;;;;;;;;;;;;;;;;;;;;;
awrona;Adeline Wrona;Professeure des universités | Membre permanent en enseignement et recherche;adeline_wrona.webp;"* **Email:** [adeline.wrona@sorbonne-universite.fr](mailto:adeline.wrona@sorbonne-universite.fr)
* **Profils:** [LinkedIn](https://www.linkedin.com/in/adeline-wrona-91273347/) | [HAL](https://hal.science/search/index/?q=%2A&rows=30&authIdPerson_i=1160435&sort=publicationDate_tdate+desc)";"Direction de collections
Codirection avec Hélène Védrine de la collection « Encres/écrans », anciennement « Histoire de l’imprimé », auprès de Sorbonne université presses (anciennement Presses de l’université Paris Sorbonne).
Création et coordination de la collection « Médias, communication et politique », aux éditions Les Petits matins. 8 volumes parus : Thierry Devars, La Politique en continu. Vers une BFMisation de la communication ? (2015), Juliette Charbonneaux, Les Deux corps du président. Ou comment les médias se laissent séduire par le people (2015) Alexis Lévrier, Le Contact et la distance. Le journalisme politique au risque de la connivence (2016), Emeline Seignobos et Adeline Wrona (dir.), La Fabrique de l’autorité. Figures de décideurs en régime médiatique (2017), Christian Le Bart, Johnny H., la construction d’une icône (2018), Alexis Lévrier, Jupiter et Mercure. Le pouvoir présidentiel face à la presse (2021), Juliette Charbonneaux, L’Europe face à l’épidémie. Comparaisons et sentiments médiatiques (2022).
Création et coordination de la série « Écrivains journalistes », dans le cadre de la collection GF (Flammarion). 6 volumes parus entre 2011 et 2016: Barbey d’Aurevilly journaliste (édition préparée et annotée par Pierre Glaudes),  Balzac journaliste (édition préparée et annotée par Marie-Ève Thérenty), Hugo journaliste (édition préparée et annotée par Marieke Stein) ; en Zola journaliste (édition préparée et annotée par Adeline Wrona), Baudelaire journaliste (édition préparée et annotée par Alain Vaillant), Gautier journaliste (édition préparée et annotée par Patrick Berthier).
Projets de recherche
Giranium
– « Girardin numérisé ou la naissance des industries médiatiques » : ce programme financé par l’IDEX Sorbonne Universités (appel à projet « Convergences »), pour la période 2017-2018, puis par le Labex OBVIL (Observatoire de la vie littéraire, Faculté des Lettres, Sorbonne université) pour la période 2019-2021, analyse le moment où les sociétés occidentales ont vu se mettre en place les premières industries culturelles, à travers l’exploration et la numérisation d’un corpus inédit, la correspondance d’Émile de Girardin (1806-1881). Élaboré en partenariat avec la BNF et l’Académie française, ce projet a développé des outils de recherche liés aux « humanités numériques » : les lettres ont été saisies, scannées, puis déposées sur un site ; elles sont enrichies par des métadonnées, qui permettent de croiser les sources avec l’ensemble des titres de presse numérisés sur la base Gallica. Elles entrent en dialogue avec d’autres fonds d’archives non numérisés, déposés aux Archives nationales et aux Archives de la Préfecture de Police. Ce travail a permis la création d’un « Fonds Girardin », désormais accessible à la bibliothèque de l’Institut (Académie française) et en ligne. Ce programme a donné naissance à l’ouvrage Paris, capitale médiatique, paru en 2022 aux Presses universitaires de Vincennes (PUV) ainsi qu’à la monographie Émile de Girardin. Le Napoléon de la presse (Gallimard, 2025).
Numapresse
- « Du papier à l’écran : mutations culturelles, transferts génériques, poétiques médiatiques de la presse française » : programme ANR financé sur 4 ans (2017-2021). L’objectif consistait à mettre en évidence des lignes de force structurelles de la presse française du XIXe siècle à aujourd’hui, en s’appuyant sur la numérisation des journaux mise en œuvre sous l’impulsion des bibliothèques patrimoniales, des musées et des bases de données de presse.
Transnum
- « Transformation du/par le numérique », programme soutenu par l’IDEX Sorbonne université (2017-2019), en collaboration avec Serge Bouchardon (Costech). Il s’agissait de favoriser les approches transdisciplinaires, au sein de Sorbonne université, pour penser les transformations liées au numérique, dans une perspective de temps long, en évitant la tentation représentée par le paradigme de la rupture.";;;"Wrona, Adeline , « La compagnie des bêtes. Ce que les portraits d’animaux nous disent des magazines des années 50 », « Les hebdomadaires généralistes en France (1950-1970). Médiapoétique et pespectives culturelles », COntTEXTES, n°34, 2024, URL :
https://journals.openedition.org/contextes/11650
Wrona, Adeline, « Le gouvernement des portraits : autour d’Émile de Girardin », L’Esprit créateur, 59.1, « Portraitomanie and intermediality », spring 2019, URL :
https://www.espritcreateur.org/issue/la-portraitomanie-intermediality-and-portrait-19th-century-france
Wrona, Adeline, « Pour faire un bon journaliste : figures de l’auteur dans Détective », Criminocorpus, 12, 2018, URL :
https://doi.org/10.4000/criminocorpus.5438
Wrona, Adeline, « Un compagnonnage en image : Ségolène Royal et Paris Match » Communication & langages, N° 194(4), 105-113, URL :
https://doi.org/10.3917/comla.194.0105
Wrona, Adeline, « Le portrait carte, de la photographie au journal : le marché périodique du portrait d’écrivain », COnTEXTES [Online], 14 | 2014, Online since 31 May 2014, URL:
http://journals.openedition.org/contextes/5942
Wrona, Adeline, « Entre entretien littéraire et interview d’écrivain : Orhan Pamuk dans les médias français », Argumentation et analyse du discours, n°12, 2014, URL :
https://doi.org/10.4000/aad.1655
Wrona, Adeline, « Une madone à Fukushima : la condition numérique du portrait de presse », Sur Le Journalisme, About Journalism, Sobre Jornalismo, 3(1), URL :
https://doi.org/10.25200/SLJ.v3.n1.2014.137
Wrona, Adeline, « Des Panthéons à vendre : le portrait d’homme de lettres, entre réclame et biographie », Romantisme n° 155 (1/2012), pp. 37-50, URL :
http://www.revues.armand-colin.com/lettres-langue/romantisme/romantisme-ndeg-155-12012-reclame/pantheons-vendre-portrait-dhomme-lettres-entre-reclame-biographie
Wrona, Adeline, « La vie des morts : jesuismort.com, entre biographie et nécrologie », Questions de communication, n° 19(1), 2011, 73-90, URL :
https://journals.openedition.org/questionsdecommunication/2605?lang=fr
Wrona, Adeline, « Vies minuscules, vies exemplaires : récit d'individu et actualité Le cas des Portraits of Grief parus dans le New York Times après le 11 septembre 2001 » Réseaux, n°132(4), 2005, 93-110, URL :
https://shs.cairn.info/revue-reseaux1-2005-4-page-93?lang=fr";;;;;"Wrona, Adeline, « Grand homme ou femme de lettres ? Les nécrologies de George Sand ou les aléas d’une figure publique entre les genres », dans LEGAVRE Jean-Baptiste (dir.), Les nécrologies littéraires. Les échelles journalistiques de la grandeur, Rennes : Presses Universitaires de Rennes, 2024.
Wrona, Adeline, « Émile de Girardin, fantasme ou hantise du XIXe siècle ? », dans CORBILLÉ Sophie, FANTIN Emmanuelle, Paris, capitale médiatique, PUV, Presses Universitaires de Vincennes, 2022.
Wrona, Adeline, « Je déballe ma bibliothèque… et peut-être un peu ma mémoire. Littérature et théorie de la trivialité », dans MARTELETO Regina Maria et SALDANHA Gustavo (dirs) Yves Jeanneret - trivialité et médiations de la culture, Instituto Brasileiro de Informação em Ciência e Tecnologia, 2022.
Wrona, Adeline, « Le défi de l’actualisation : du Sang noir à Cripure », in Jean-Baptiste Legavre (dir.), Louis Guilloux dans les médias. Les réceptions de l’œuvre, Presses universitaires de Rennes, 2019, p. 189-198
Wrona, Adeline, « Quand les statues d’écrivains fondent devant l’histoire : autour d’un épisode de l’Occupation », in THÉRENTY, Marie-Ève et WRONA Adeline (dir.), Objets insignes, objets infâmes de la littérature, Paris : éditions Archives contemporaines, 2019.
Wrona, Adeline, « Journalisme », « Personnages de journalistes », « La Gazette des tribunaux », in Colette Becker et Pierre Dufief (dir.), Dictionnaire des naturalismes, Garnier, 2017.
Wrona, Adeline et Emmanuël SOUCHIER, « L'impensé du texte : pour une approche sémiotique du texte, entre ""image du texte"", rhétorique et médiation », Sémiotique, mode d’emploi, Karine Berthelot-Guiet et Jean-Jacques Boutaud (dir.), Le Bord de l’eau, 2016, p. 173-190.
Wrona, Adeline, « Écrire par métier : entre politique et fiction, Louis Guilloux journaliste dans la presse de l’entre-deux guerres », Louis Guilloux, un écrivain dans la presse Jean-Baptiste Legavre et Michèle Touret (dir.), Rennes, Presses universitaires de Rennes, 2014, p. 151-166.
Wrona, Adeline, « Écrire pour informer », La Civilisation du journal, Marie-Ève Thérenty, Philippe Régnier, Dominique Kalifa et Alain Vaillant (dir.), Paris, Nouveau Monde éditions, 2011, p. 1587-1601.
Wrona, Adeline, « Dénonciations », La Civilisation du journal, Marie-Ève Thérenty, Philippe Régnier, Dominique Kalifa et Alain Vaillant (dir.), Paris, Nouveau Monde éditions, 2011, p. 717-744.
Wrona, Adeline et Frédéric Lambert, « Entretien avec Umberto Eco », L’Expérience des images, Frédéric Lambert (dir.), Paris, INA éditions, 2011.";;"Wrona, Adeline, « Prendre la Une : figures féminines dans les premiers numéros de Paris Match », Journée d’études « Les newsmagazine des années 1950-1960 », Université Paul Valéry-Montpellier 3, 12 avril 2019.
Wrona, Adeline, « Houellebecq performeur ? », Colloque « Ceci est mon corps. La performance d’écrivain : spectacle, stratégie publicitaire, invention poétique », Université Paul Valéry-Montpellier 3, 31 janvier-2 février 2018.
Wrona, Adeline, « Sartre, Aron et les boat-people : médiatisation d’une réconciliation », Séminaire « Intellectuels et médias », Carism-Gripic, Celsa, 19 janvier 2018
Wrona, Adeline, « Presse, littérature et crédit à la fin du XIXe siècle » : séminaire « Littérature et paradigme fiduciaire » (Phi-IUF), organisé par Emmanuel Bouju et Emilie Piton-Foucault, Rennes, 5 décembre 2017.
Wrona, Adeline, « La loi d’imprégnation : Zola écrivain-journaliste, ou comment l'Empire survit à la République"", Colloque « Sans blague aucune, c’était splendide. Regards sur le Second Empire », Auditorium du Musée d’Orsay, jeudi 24 et vendredi 25 novembre 2016.
Wrona, Adeline,  « Du portrait comme amitié : autour de Flaubert et de la portraitomanie », Journée « Flaubert et le portrait », Amis de Flaubert et Maupassant, Hôtel des sociétés savantes, Rouen, 21 mai 2016.
Wrona, Adeline, « Les portraits numériques, ou les usages sociaux d’une pratique esthétique », Séminaire de recherche « Cultures numériques », Université Paris Sorbonne, 19 mars 2016.
Wrona, Adeline, « Petites anthologies numériques : Facebook, ou la littérature en fragments partagés », Journée d’études, « Les formes brèves dans la littérature web», Université Montpellier 3, 26 novembre 2015.Wrona, Adeline, « L’école des journalistes : poétique informationnelle et formation au journalisme à la fin du 19e siècle en France », Congrès Médias 19, Paris, Centre culturel Canadien, 8 juin 2015.
Wrona, Adeline, « ""Zolus ou Dreyfula"". Hybridations transmédiatiques des figures de l'écrivain », L'Écrivain transmédial, Université Bar-Ilan, Tel Aviv, Lundi 24 novembre 2014.";;"Codirection avec Hélène Védrine de la collection « Encres/écrans », anciennement « Histoire de l’imprimé », auprès de Sorbonne université presses (anciennement Presses de l’université Paris Sorbonne).
Création et coordination de la collection « Médias, communication et politique », aux éditions Les Petits matins. 8 volumes parus : Thierry Devars, La Politique en continu. Vers une BFMisation de la communication ? (2015), Juliette Charbonneaux, Les Deux corps du président. Ou comment les médias se laissent séduire par le people (2015) Alexis Lévrier, Le Contact et la distance. Le journalisme politique au risque de la connivence (2016), Emeline Seignobos et Adeline Wrona (dir.), La Fabrique de l’autorité. Figures de décideurs en régime médiatique (2017), Christian Le Bart, Johnny H., la construction d’une icône (2018), Alexis Lévrier, Jupiter et Mercure. Le pouvoir présidentiel face à la presse (2021), Juliette Charbonneaux, L’Europe face à l’épidémie. Comparaisons et sentiments médiatiques (2022).
Création et coordination de la série « Écrivains journalistes », dans le cadre de la collection GF (Flammarion). 6 volumes parus entre 2011 et 2016: Barbey d’Aurevilly journaliste (édition préparée et annotée par Pierre Glaudes),  Balzac journaliste (édition préparée et annotée par Marie-Ève Thérenty), Hugo journaliste (édition préparée et annotée par Marieke Stein) ; en Zola journaliste (édition préparée et annotée par Adeline Wrona), Baudelaire journaliste (édition préparée et annotée par Alain Vaillant), Gautier journaliste (édition préparée et annotée par Patrick Berthier).";;;"Wrona Adeline, avec Valérie Jeanne-Perrier et Lucie Raymond, Dossier « Informer sous algorithmes », Quaderni, n°107, automne 2022, URL :
https://doi.org/10.4000/quaderni.2420
Wrona, Adeline avec Oriane Deseilligny et (2020), Dossier « Poétisation des réseaux sociaux », Communication & langages, n°203, 2020/1, URL :
https://shs.cairn.info/revue-communication-et-langages-2020-1?lang=fr
Wrona, Adeline avec Marie-Laure Florea (2018), Dossier « Deuil en ligne. Les discours funéraires à l’ère du numérique », Semen, n°46, 2018 URL :
https://doi.org/10.4000/semen.10926
Wrona, Adeline avec Michel Murat et Marie-Ève Thérenty, Dossier « Best-sellers », Fixxion. Revue critique de fixxion contemporaine, n°15, hiver 2017,
https://doi.org/10.4000/fixxion.11756
Wrona, Adeline, Dossier « Usages médiatiques du portrait » Communication & langages, n° 152, juillet 2007, p. 35-40, URL :
https://www.persee.fr/issue/colan_0336-1500_2007_num_152_1";;;"Histoire des médias et du journalisme
Approche communicationnelle de la littérature
Genres journalistiques";;;;;;;;;;"Wrona Adeline, Émile de Girardin, le Napoléon de la presse, Paris, Gallimard, 2025.
Wrona  Adeline avec Sophie Corbillé et Emmanuelle Fantin (dir.), Paris, capitale médiatique, PUV, Presses Universitaires de Vincennes, 2022.
Wrona  Adeline avec Marie-Ève Thérenty (dir.), L’Écrivain comme marque, Paris, SUP, Sorbonne Université Presses, 2022.
Wrona Adeline  avec  Emeline Seignobos, Figures de l’autorité en régime médiatique, Paris, Les Petits matins, 2017.
Wrona, Adeline, Face au portrait. De Sainte-Beuve à Facebook, Paris, Hermann, 2012.";;;;;;;"Giranium
– « Girardin numérisé ou la naissance des industries médiatiques » : ce programme financé par l’IDEX Sorbonne Universités (appel à projet « Convergences »), pour la période 2017-2018, puis par le Labex OBVIL (Observatoire de la vie littéraire, Faculté des Lettres, Sorbonne université) pour la période 2019-2021, analyse le moment où les sociétés occidentales ont vu se mettre en place les premières industries culturelles, à travers l’exploration et la numérisation d’un corpus inédit, la correspondance d’Émile de Girardin (1806-1881). Élaboré en partenariat avec la BNF et l’Académie française, ce projet a développé des outils de recherche liés aux « humanités numériques » : les lettres ont été saisies, scannées, puis déposées sur un site ; elles sont enrichies par des métadonnées, qui permettent de croiser les sources avec l’ensemble des titres de presse numérisés sur la base Gallica. Elles entrent en dialogue avec d’autres fonds d’archives non numérisés, déposés aux Archives nationales et aux Archives de la Préfecture de Police. Ce travail a permis la création d’un « Fonds Girardin », désormais accessible à la bibliothèque de l’Institut (Académie française) et en ligne. Ce programme a donné naissance à l’ouvrage Paris, capitale médiatique, paru en 2022 aux Presses universitaires de Vincennes (PUV) ainsi qu’à la monographie Émile de Girardin. Le Napoléon de la presse (Gallimard, 2025).
Numapresse
- « Du papier à l’écran : mutations culturelles, transferts génériques, poétiques médiatiques de la presse française » : programme ANR financé sur 4 ans (2017-2021). L’objectif consistait à mettre en évidence des lignes de force structurelles de la presse française du XIXe siècle à aujourd’hui, en s’appuyant sur la numérisation des journaux mise en œuvre sous l’impulsion des bibliothèques patrimoniales, des musées et des bases de données de presse.
Transnum
- « Transformation du/par le numérique », programme soutenu par l’IDEX Sorbonne université (2017-2019), en collaboration avec Serge Bouchardon (Costech). Il s’agissait de favoriser les approches transdisciplinaires, au sein de Sorbonne université, pour penser les transformations liées au numérique, dans une perspective de temps long, en évitant la tentation représentée par le paradigme de la rupture.";;"Ouvrages
Wrona Adeline, Émile de Girardin, le Napoléon de la presse, Paris, Gallimard, 2025.
Wrona  Adeline avec Sophie Corbillé et Emmanuelle Fantin (dir.), Paris, capitale médiatique, PUV, Presses Universitaires de Vincennes, 2022.
Wrona  Adeline avec Marie-Ève Thérenty (dir.), L’Écrivain comme marque, Paris, SUP, Sorbonne Université Presses, 2022.
Wrona Adeline  avec  Emeline Seignobos, Figures de l’autorité en régime médiatique, Paris, Les Petits matins, 2017.
Wrona, Adeline, Face au portrait. De Sainte-Beuve à Facebook, Paris, Hermann, 2012.
Directions de dossiers
Wrona Adeline, avec Valérie Jeanne-Perrier et Lucie Raymond, Dossier « Informer sous algorithmes », Quaderni, n°107, automne 2022, URL :
https://doi.org/10.4000/quaderni.2420
Wrona, Adeline avec Oriane Deseilligny et (2020), Dossier « Poétisation des réseaux sociaux », Communication & langages, n°203, 2020/1, URL :
https://shs.cairn.info/revue-communication-et-langages-2020-1?lang=fr
Wrona, Adeline avec Marie-Laure Florea (2018), Dossier « Deuil en ligne. Les discours funéraires à l’ère du numérique », Semen, n°46, 2018 URL :
https://doi.org/10.4000/semen.10926
Wrona, Adeline avec Michel Murat et Marie-Ève Thérenty, Dossier « Best-sellers », Fixxion. Revue critique de fixxion contemporaine, n°15, hiver 2017,
https://doi.org/10.4000/fixxion.11756
Wrona, Adeline, Dossier « Usages médiatiques du portrait » Communication & langages, n° 152, juillet 2007, p. 35-40, URL :
https://www.persee.fr/issue/colan_0336-1500_2007_num_152_1
Chapitres d’ouvrage
Wrona, Adeline, « Grand homme ou femme de lettres ? Les nécrologies de George Sand ou les aléas d’une figure publique entre les genres », dans LEGAVRE Jean-Baptiste (dir.), Les nécrologies littéraires. Les échelles journalistiques de la grandeur, Rennes : Presses Universitaires de Rennes, 2024.
Wrona, Adeline, « Émile de Girardin, fantasme ou hantise du XIXe siècle ? », dans CORBILLÉ Sophie, FANTIN Emmanuelle, Paris, capitale médiatique, PUV, Presses Universitaires de Vincennes, 2022.
Wrona, Adeline, « Je déballe ma bibliothèque… et peut-être un peu ma mémoire. Littérature et théorie de la trivialité », dans MARTELETO Regina Maria et SALDANHA Gustavo (dirs) Yves Jeanneret - trivialité et médiations de la culture, Instituto Brasileiro de Informação em Ciência e Tecnologia, 2022.
Wrona, Adeline, « Le défi de l’actualisation : du Sang noir à Cripure », in Jean-Baptiste Legavre (dir.), Louis Guilloux dans les médias. Les réceptions de l’œuvre, Presses universitaires de Rennes, 2019, p. 189-198
Wrona, Adeline, « Quand les statues d’écrivains fondent devant l’histoire : autour d’un épisode de l’Occupation », in THÉRENTY, Marie-Ève et WRONA Adeline (dir.), Objets insignes, objets infâmes de la littérature, Paris : éditions Archives contemporaines, 2019.
Wrona, Adeline, « Journalisme », « Personnages de journalistes », « La Gazette des tribunaux », in Colette Becker et Pierre Dufief (dir.), Dictionnaire des naturalismes, Garnier, 2017.
Wrona, Adeline et Emmanuël SOUCHIER, « L'impensé du texte : pour une approche sémiotique du texte, entre ""image du texte"", rhétorique et médiation », Sémiotique, mode d’emploi, Karine Berthelot-Guiet et Jean-Jacques Boutaud (dir.), Le Bord de l’eau, 2016, p. 173-190.
Wrona, Adeline, « Écrire par métier : entre politique et fiction, Louis Guilloux journaliste dans la presse de l’entre-deux guerres », Louis Guilloux, un écrivain dans la presse Jean-Baptiste Legavre et Michèle Touret (dir.), Rennes, Presses universitaires de Rennes, 2014, p. 151-166.
Wrona, Adeline, « Écrire pour informer », La Civilisation du journal, Marie-Ève Thérenty, Philippe Régnier, Dominique Kalifa et Alain Vaillant (dir.), Paris, Nouveau Monde éditions, 2011, p. 1587-1601.
Wrona, Adeline, « Dénonciations », La Civilisation du journal, Marie-Ève Thérenty, Philippe Régnier, Dominique Kalifa et Alain Vaillant (dir.), Paris, Nouveau Monde éditions, 2011, p. 717-744.
Wrona, Adeline et Frédéric Lambert, « Entretien avec Umberto Eco », L’Expérience des images, Frédéric Lambert (dir.), Paris, INA éditions, 2011.
Articles
Wrona, Adeline , « La compagnie des bêtes. Ce que les portraits d’animaux nous disent des magazines des années 50 », « Les hebdomadaires généralistes en France (1950-1970). Médiapoétique et pespectives culturelles », COntTEXTES, n°34, 2024, URL :
https://journals.openedition.org/contextes/11650
Wrona, Adeline, « Le gouvernement des portraits : autour d’Émile de Girardin », L’Esprit créateur, 59.1, « Portraitomanie and intermediality », spring 2019, URL :
https://www.espritcreateur.org/issue/la-portraitomanie-intermediality-and-portrait-19th-century-france
Wrona, Adeline, « Pour faire un bon journaliste : figures de l’auteur dans Détective », Criminocorpus, 12, 2018, URL :
https://doi.org/10.4000/criminocorpus.5438
Wrona, Adeline, « Un compagnonnage en image : Ségolène Royal et Paris Match » Communication & langages, N° 194(4), 105-113, URL :
https://doi.org/10.3917/comla.194.0105
Wrona, Adeline, « Le portrait carte, de la photographie au journal : le marché périodique du portrait d’écrivain », COnTEXTES [Online], 14 | 2014, Online since 31 May 2014, URL:
http://journals.openedition.org/contextes/5942
Wrona, Adeline, « Entre entretien littéraire et interview d’écrivain : Orhan Pamuk dans les médias français », Argumentation et analyse du discours, n°12, 2014, URL :
https://doi.org/10.4000/aad.1655
Wrona, Adeline, « Une madone à Fukushima : la condition numérique du portrait de presse », Sur Le Journalisme, About Journalism, Sobre Jornalismo, 3(1), URL :
https://doi.org/10.25200/SLJ.v3.n1.2014.137
Wrona, Adeline, « Des Panthéons à vendre : le portrait d’homme de lettres, entre réclame et biographie », Romantisme n° 155 (1/2012), pp. 37-50, URL :
http://www.revues.armand-colin.com/lettres-langue/romantisme/romantisme-ndeg-155-12012-reclame/pantheons-vendre-portrait-dhomme-lettres-entre-reclame-biographie
Wrona, Adeline, « La vie des morts : jesuismort.com, entre biographie et nécrologie », Questions de communication, n° 19(1), 2011, 73-90, URL :
https://journals.openedition.org/questionsdecommunication/2605?lang=fr
Wrona, Adeline, « Vies minuscules, vies exemplaires : récit d'individu et actualité Le cas des Portraits of Grief parus dans le New York Times après le 11 septembre 2001 » Réseaux, n°132(4), 2005, 93-110, URL :
https://shs.cairn.info/revue-reseaux1-2005-4-page-93?lang=fr
Communications et interventions
Wrona, Adeline, « Prendre la Une : figures féminines dans les premiers numéros de Paris Match », Journée d’études « Les newsmagazine des années 1950-1960 », Université Paul Valéry-Montpellier 3, 12 avril 2019.
Wrona, Adeline, « Houellebecq performeur ? », Colloque « Ceci est mon corps. La performance d’écrivain : spectacle, stratégie publicitaire, invention poétique », Université Paul Valéry-Montpellier 3, 31 janvier-2 février 2018.
Wrona, Adeline, « Sartre, Aron et les boat-people : médiatisation d’une réconciliation », Séminaire « Intellectuels et médias », Carism-Gripic, Celsa, 19 janvier 2018
Wrona, Adeline, « Presse, littérature et crédit à la fin du XIXe siècle » : séminaire « Littérature et paradigme fiduciaire » (Phi-IUF), organisé par Emmanuel Bouju et Emilie Piton-Foucault, Rennes, 5 décembre 2017.
Wrona, Adeline, « La loi d’imprégnation : Zola écrivain-journaliste, ou comment l'Empire survit à la République"", Colloque « Sans blague aucune, c’était splendide. Regards sur le Second Empire », Auditorium du Musée d’Orsay, jeudi 24 et vendredi 25 novembre 2016.
Wrona, Adeline,  « Du portrait comme amitié : autour de Flaubert et de la portraitomanie », Journée « Flaubert et le portrait », Amis de Flaubert et Maupassant, Hôtel des sociétés savantes, Rouen, 21 mai 2016.
Wrona, Adeline, « Les portraits numériques, ou les usages sociaux d’une pratique esthétique », Séminaire de recherche « Cultures numériques », Université Paris Sorbonne, 19 mars 2016.
Wrona, Adeline, « Petites anthologies numériques : Facebook, ou la littérature en fragments partagés », Journée d’études, « Les formes brèves dans la littérature web», Université Montpellier 3, 26 novembre 2015.Wrona, Adeline, « L’école des journalistes : poétique informationnelle et formation au journalisme à la fin du 19e siècle en France », Congrès Médias 19, Paris, Centre culturel Canadien, 8 juin 2015.
Wrona, Adeline, « ""Zolus ou Dreyfula"". Hybridations transmédiatiques des figures de l'écrivain », L'Écrivain transmédial, Université Bar-Ilan, Tel Aviv, Lundi 24 novembre 2014.";;;;"Les grandes figures d’écrivains journalistes en France au XIXe siècle, en particulier Émile de Girardin et Émile Zola
Formes et formats d’écriture dans les médias
La fonction auteur en régime médiatique";;;;
fyaiche;Francis Yaiche;Professeur des universités | Membre associé;francis_yaiche.webp;"* **Email:** [francisyaiche@parisdescartes.fr](mailto:francisyaiche@parisdescartes.fr)
* **Profils:** [LinkedIn](https://www.linkedin.com/in/francis-yaiche-90061a28/) | [HAL](https://hal.science/search/index/?q=%2A&rows=30&authFullName_s=Francis+Yaiche&sort=publicationDate_tdate+desc)";;;;;;;;;;;;;;;;;;;;Théories de l'information et de la communication, Sémiotique des discours publicitaires et politiques, Atelier d'écriture, Créativité, jeux et simulations, Jeu théâtral et direction d'acteurs, Didactique des langues et des cultures : approches communicatives.;;;;;;;;;;;;;;;;;;;;;;;;;;
czehenne;Camille Zehenne;Chercheuse | Membre associé;;"* **Email:** [cmllzhnn@gmail.com](mailto:cmllzhnn@gmail.com)
* **Profils:** [LinkedIn](https://www.linkedin.com/in/camille-zéhenne-9b171723/) | [HAL](https://hal.science/search/index/?q=%2A&rows=30&authIdPerson_i=1149340&sort=publicationDate_tdate+desc)";;;;;;;;;;;;;;;;;;;;;;;;;;;;;;;;;;;;;;;;;;"Anthropologie de la communication
Recherche création
Sémiologie et médiations marchandes
Enquête de terrain
Microsociologie
Imaginaires et stéréotypes, analyse de discours";;;;
yzhang;Yuwen Zhang;Chercheuse | Membre associé;yuwen_zhang.webp;"* **Email:** [yuwen.zhang.pro@gmail.com](mailto:yuwen.zhang.pro@gmail.com)
* **Profils:** [LinkedIn](https://www.linkedin.com/in/zhangyuwen/) | [HAL](https://hal.science/search/index/?q=%2A&rows=30&authIdPerson_i=1146186&sort=publicationDate_tdate+desc) | [Twitter](https://x.com/yuwen_zhang_)
* **CV:** [Télécharger le CV](https://kit-117.sorbonne-universite.fr/sites/default/files/media/2022-09/CV%20Yuwen%20ZHANG.pdf)";;;;;;;;;;;"Yuwen Zhang. « L'hégémonie du QR code en Chine », Actes du XXIIIème Congrès de la SFSIC, 2022, p 800-810.
Zhao Alexandre Huang, Rui Wang, Yuwen Zhang, Xifei Wang. Exploring China's digital public diplomacy in Africa in the time of Pandemic: Building a China-Africa global community of health for all ? , Digital Health Communication: Issues and Perspectives, ICA Post Conference organized by CIMEOS Laboratory University of Burgundy Franche-Comté, mai 31 -juin 1, 2022.
Yuwen Zhang. « Comprendre le geste de scanner le QR code dans le contexte de la convergence des médias », Colloque international Convergence des médias et Communication numérique, organisé par Shanghai Jiao Tong University, 16 décembre 2020.
Yuwen Zhang. « Politiques des plateformes numériques : contrôle social », colloque Transnum Penser le numérique comme transformation, co-organisé par GRIPIC - Sorbonne Université et le COSTECH - UTC, 04 février 2020.
Yuwen Zhang. « Interaction entre industrialisation et marchandisation des réseaux socio-numériques et transformation des dispositifs médiatiques, le cas de WeChat », séminaire du LabSIC, le 15 avril 2021.
Yuwen Zhang, Pauline Brouard, Qi Wang & Talia Olevra. « Langue(s) de la thèse : production de savoir et enjeux de pouvoir des langages de la recherche », séminaire doctoral GRIPIC, 10 mars 2021.
Yuwen Zhang, Qi Wang. « QR code et Big Data », la Fête de la Science 2019, organisée par Sorbonne Université, 12 octobre 2019.";;;;;;;;;;;;;;;;;;;;;;;;;;;"Communications et interventions
Yuwen Zhang. « L'hégémonie du QR code en Chine », Actes du XXIIIème Congrès de la SFSIC, 2022, p 800-810.
Zhao Alexandre Huang, Rui Wang, Yuwen Zhang, Xifei Wang. Exploring China's digital public diplomacy in Africa in the time of Pandemic: Building a China-Africa global community of health for all ? , Digital Health Communication: Issues and Perspectives, ICA Post Conference organized by CIMEOS Laboratory University of Burgundy Franche-Comté, mai 31 -juin 1, 2022.
Yuwen Zhang. « Comprendre le geste de scanner le QR code dans le contexte de la convergence des médias », Colloque international Convergence des médias et Communication numérique, organisé par Shanghai Jiao Tong University, 16 décembre 2020.
Yuwen Zhang. « Politiques des plateformes numériques : contrôle social », colloque Transnum Penser le numérique comme transformation, co-organisé par GRIPIC - Sorbonne Université et le COSTECH - UTC, 04 février 2020.
Yuwen Zhang. « Interaction entre industrialisation et marchandisation des réseaux socio-numériques et transformation des dispositifs médiatiques, le cas de WeChat », séminaire du LabSIC, le 15 avril 2021.
Yuwen Zhang, Pauline Brouard, Qi Wang & Talia Olevra. « Langue(s) de la thèse : production de savoir et enjeux de pouvoir des langages de la recherche », séminaire doctoral GRIPIC, 10 mars 2021.
Yuwen Zhang, Qi Wang. « QR code et Big Data », la Fête de la Science 2019, organisée par Sorbonne Université, 12 octobre 2019.";;;;"Numérique/digital
WeChat
QRcode
Chinese social media";;;;
